"strain","pH","term","df","sumsq","meansq","statistic","p.value","clade","subclade"
"02G3A08",8.9,"date",1,0,0,NA,NA,"III","IIID"
"02G3A08",6.5,"date",1,0.000215095585904613,0.000215095585904613,0.332188354155865,0.667140722640483,"III","IIID"
"02G3A08",9.2,"date",1,0,0,NA,NA,"III","IIID"
"02G3A08",9.5,"date",1,0,0,NA,NA,"III","IIID"
"02G3A08",9.8,"date",1,0,0,NA,NA,"III","IIID"
"02G3A08",6.2,"date",1,0.00916914379563272,0.00916914379563272,1.77116132589314,0.410235380775802,"III","IIID"
"02G3A08",5.3,"date",1,0.0104094086138407,0.0104094086138407,1.02232741711943,0.496485642269758,"III","IIID"
"02G3A08",6.8,"date",1,0.0124281286499437,0.0124281286499437,3665846.06551831,0.000332501011892911,"III","IIID"
"02G3A08",7.1,"date",1,0.00236582267962068,0.00236582267962068,861740324294047607610049675919360,0.0000000000000000216866222661951,"III","IIID"
"02G3A08",7.4,"date",1,0,0,NA,NA,"III","IIID"
"02G3A08",10.1,"date",1,0,0,NA,NA,"III","IIID"
"02G3A08",3.5,"date",1,0,0,NA,NA,"III","IIID"
"02G3A08",8.6,"date",1,0,0,NA,NA,"III","IIID"
"02G3A08",8.3,"date",1,0,0,NA,NA,"III","IIID"
"02G3A08",3.8,"date",1,0,0,NA,NA,"III","IIID"
"02G3A08",4.7,"date",1,0.000526484921400827,0.000526484921400827,0.333333333333333,0.666666666666667,"III","IIID"
"02G3A08",5,"date",1,0.00263996056764168,0.00263996056764168,1.83454328414316,0.40487389492192,"III","IIID"
"02G3A08",5.6,"date",1,0.0109440610754251,0.0109440610754251,34.2689926503067,0.107710382278107,"III","IIID"
"02G3A08",8,"date",1,0,0,NA,NA,"III","IIID"
"02G3A08",4.1,"date",1,0,0,NA,NA,"III","IIID"
"02G3A08",7.7,"date",1,0,0,NA,NA,"III","IIID"
"02G3A08",3.2,"date",1,0,0,NA,NA,"III","IIID"
"02G3A08",5.9,"date",1,0.0104825041788367,0.0104825041788367,14.7878417861822,0.161962245834836,"III","IIID"
"02G3A08",4.4,"date",1,0.000164884206320896,0.000164884206320896,0.333333333333333,0.666666666666667,"III","IIID"
"04G1A01",3.2,"date",2,0,0,NA,NA,"IV","IVD"
"04G1A01",6.5,"date",2,0,0,NA,NA,"IV","IVD"
"04G1A01",6.2,"date",2,0,0,NA,NA,"IV","IVD"
"04G1A01",5.9,"date",2,0,0,NA,NA,"IV","IVD"
"04G1A01",3.5,"date",2,0,0,NA,NA,"IV","IVD"
"04G1A01",5.3,"date",2,0,0,NA,NA,"IV","IVD"
"04G1A01",8.3,"date",2,0,0,NA,NA,"IV","IVD"
"04G1A01",8.6,"date",2,0,0,NA,NA,"IV","IVD"
"04G1A01",6.8,"date",2,0,0,NA,NA,"IV","IVD"
"04G1A01",5.6,"date",2,0.0274764166351365,0.0137382083175682,149326091262348705706040725864448,0.0000000000000000000000000000000066967533372525,"IV","IVD"
"04G1A01",8.9,"date",2,0,0,NA,NA,"IV","IVD"
"04G1A01",7.7,"date",2,0,0,NA,NA,"IV","IVD"
"04G1A01",8,"date",2,0,0,NA,NA,"IV","IVD"
"04G1A01",7.1,"date",2,0,0,NA,NA,"IV","IVD"
"04G1A01",5,"date",2,0.00211715674796858,0.00105857837398429,0.599999999999999,0.625,"IV","IVD"
"04G1A01",9.2,"date",2,0,0,NA,NA,"IV","IVD"
"04G1A01",7.4,"date",2,0,0,NA,NA,"IV","IVD"
"04G1A01",4.1,"date",2,0,0,NA,NA,"IV","IVD"
"04G1A01",9.8,"date",2,0,0,NA,NA,"IV","IVD"
"04G1A01",4.4,"date",2,0,0,NA,NA,"IV","IVD"
"04G1A01",4.7,"date",2,0,0,NA,NA,"IV","IVD"
"04G1A01",3.8,"date",2,0,0,NA,NA,"IV","IVD"
"04G1A01",10.1,"date",2,0,0,NA,NA,"IV","IVD"
"04G1A01",9.5,"date",2,0,0,NA,NA,"IV","IVD"
"04G2A10",8.6,"date",1,0.00046906442320774,0.00046906442320774,0.444444444444445,0.541469739275585,"III","IIIA"
"04G2A10",10.1,"date",1,0,0,NA,NA,"III","IIIA"
"04G2A10",4.1,"date",1,0.00418684156440305,0.00418684156440305,2.44000241582707,0.19330632150684,"III","IIIA"
"04G2A10",4.4,"date",1,0,0,NA,NA,"III","IIIA"
"04G2A10",3.8,"date",1,0.00430944661652472,0.00430944661652472,329.901685003378,0.0000540326826057352,"III","IIIA"
"04G2A10",8.9,"date",1,0.000369580212384583,0.000369580212384583,9.6952017164625,0.0357432752772896,"III","IIIA"
"04G2A10",4.7,"date",1,0.00756518878255746,0.00756518878255746,2.66666666666666,0.177807808356221,"III","IIIA"
"04G2A10",3.2,"date",1,0,0,NA,NA,"III","IIIA"
"04G2A10",9.8,"date",1,0.0609784981036973,0.0609784981036973,2.66666666666666,0.177807808356221,"III","IIIA"
"04G2A10",6.2,"date",1,0.0166698559199867,0.0166698559199867,1.20414588433937,0.334117106519935,"III","IIIA"
"04G2A10",9.5,"date",1,0.000023770031413097,0.000023770031413097,0.556446357212498,0.497147317148243,"III","IIIA"
"04G2A10",5.3,"date",1,0.0102597129388141,0.0102597129388141,2.66666666666667,0.177807808356221,"III","IIIA"
"04G2A10",5.6,"date",1,0.000242384160815676,0.000242384160815676,0.0172912789070522,0.901731435955363,"III","IIIA"
"04G2A10",5,"date",1,0.00676984126911945,0.00676984126911945,1.18366944498625,0.337774942822506,"III","IIIA"
"04G2A10",9.2,"date",1,0.000000578271233851695,0.000000578271233851695,0.444444444444444,0.541469739275585,"III","IIIA"
"04G2A10",7.1,"date",1,0.00517886365658366,0.00517886365658366,0.788220225001213,0.424800452945273,"III","IIIA"
"04G2A10",7.4,"date",1,0.0129780051722177,0.0129780051722177,4.37713644074789,0.104575061702175,"III","IIIA"
"04G2A10",3.5,"date",1,0.00251890501726109,0.00251890501726109,2.66666666666667,0.177807808356221,"III","IIIA"
"04G2A10",6.5,"date",1,0.00185199086664409,0.00185199086664409,0.373179062327885,0.574285085974138,"III","IIIA"
"04G2A10",5.9,"date",1,0.0266114066708792,0.0266114066708792,3.68050250472294,0.127496841512155,"III","IIIA"
"04G2A10",8,"date",1,0.00148498721354359,0.00148498721354359,0.444444444444444,0.541469739275585,"III","IIIA"
"04G2A10",8.3,"date",1,0.00232579243412252,0.00232579243412252,0.444444444444444,0.541469739275585,"III","IIIA"
"04G2A10",7.7,"date",1,0,0,NA,NA,"III","IIIA"
"04G2A10",6.8,"date",1,0.0169835943393082,0.0169835943393082,1.50247789451526,0.287522243482145,"III","IIIA"
"08G1A03",7.4,"date",1,0.00000518430471325971,0.00000518430471325971,0.0510097388791694,0.858589858233688,"I","IC"
"08G1A03",7.1,"date",1,0.000775648312465811,0.000775648312465811,31.2973228942081,0.112606607332211,"I","IC"
"08G1A03",4.7,"date",1,0.0000369631311213795,0.0000369631311213795,4.17450010532077,0.289765404609898,"I","IC"
"08G1A03",8,"date",1,0.0000419542766880299,0.0000419542766880299,0.191996872049201,0.737091045810268,"I","IC"
"08G1A03",8.3,"date",1,0.0000000895601232320214,0.0000000895601232320214,0.0146891743232097,0.92321688010113,"I","IC"
"08G1A03",7.7,"date",1,0.0000805175922891567,0.0000805175922891567,1.93770787551545,0.396586796130461,"I","IC"
"08G1A03",6.8,"date",1,0.000000344339056646474,0.000000344339056646474,0.0218047174421076,0.906668503119746,"I","IC"
"08G1A03",6.2,"date",1,0.000000552330013549223,0.000000552330013549223,0.000585391492132371,0.984600075080398,"I","IC"
"08G1A03",5.9,"date",1,0.000657274134593891,0.000657274134593891,1.04015360829177,0.493734728721556,"I","IC"
"08G1A03",5,"date",1,0.000670900547015962,0.000670900547015962,19.9726597157316,0.14014145385304,"I","IC"
"08G1A03",4.1,"date",1,0,0,NA,NA,"I","IC"
"08G1A03",3.5,"date",1,0,0,NA,NA,"I","IC"
"08G1A03",8.9,"date",1,0,0,NA,NA,"I","IC"
"08G1A03",8.6,"date",1,0.00120773119475438,0.00120773119475438,2.04406711492174,0.388562243678096,"I","IC"
"08G1A03",9.5,"date",1,0,0,NA,NA,"I","IC"
"08G1A03",6.5,"date",1,0.0000714260467057711,0.0000714260467057711,0.176368621853151,0.74688237468938,"I","IC"
"08G1A03",3.8,"date",1,0,0,NA,NA,"I","IC"
"08G1A03",5.3,"date",1,0.0013301170264893,0.0013301170264893,26.9672701198841,0.121109388798424,"I","IC"
"08G1A03",5.6,"date",1,0.000019466644047485,0.000019466644047485,4.36238247492288,0.284269741527419,"I","IC"
"08G1A03",9.2,"date",1,0,0,NA,NA,"I","IC"
"08G1A03",9.8,"date",1,0,0,NA,NA,"I","IC"
"08G1A03",10.1,"date",1,0,0,NA,NA,"I","IC"
"08G1A03",3.2,"date",1,0,0,NA,NA,"I","IC"
"08G1A03",4.4,"date",1,0.000373093958666606,0.000373093958666606,3406.44657939199,0.0109065360636957,"I","IC"
"16G1A05",8.3,"date",2,0.0117915417854948,0.0058957708927474,19.5780154769112,0.157806399035919,"I","IC"
"16G1A05",8,"date",2,0.0176095517955478,0.0088047758977739,105.230781640701,0.0687676654089899,"I","IC"
"16G1A05",8.6,"date",2,0.00718863732143594,0.00359431866071797,37.3747928977374,0.114897312056639,"I","IC"
"16G1A05",7.4,"date",2,0.00878665625136107,0.00439332812568054,23.1203729746674,0.145492841787591,"I","IC"
"16G1A05",7.7,"date",2,0.0109330459645488,0.00546652298227442,33.4749926003171,0.121312434085269,"I","IC"
"16G1A05",5.6,"date",2,0.00852023263617858,0.00426011631808929,14.4556429907719,0.182844734180443,"I","IC"
"16G1A05",5,"date",2,0.0333406192841409,0.0166703096420704,1033.47379775897,0.0219902534821957,"I","IC"
"16G1A05",7.1,"date",2,0.0141756043803757,0.00708780219018787,3539.96657530833,0.0118837840924167,"I","IC"
"16G1A05",6.8,"date",2,0.00599591862476916,0.00299795931238458,84.3474268426724,0.0767654259670099,"I","IC"
"16G1A05",3.5,"date",2,0.00000710854935531847,0.00000355427467765924,0.900328553442099,0.597544192637126,"I","IC"
"16G1A05",8.9,"date",2,0.000629240927159652,0.000314620463579826,2.32771078720636,0.420501459848401,"I","IC"
"16G1A05",5.3,"date",2,0.0292004010690469,0.0146002005345234,1037.2234970843,0.0219504878505368,"I","IC"
"16G1A05",4.4,"date",2,0.020261467537988,0.010130733768994,248.45561077871,0.0448150662630144,"I","IC"
"16G1A05",6.5,"date",2,0.00391558186151205,0.00195779093075603,8.72131472836135,0.232856614882534,"I","IC"
"16G1A05",4.1,"date",2,0.030421526447147,0.0152107632235735,5655.9186686042,0.00940186971425358,"I","IC"
"16G1A05",4.7,"date",2,0.0224514316085784,0.0112257158042892,5384.36025488597,0.00963602201566283,"I","IC"
"16G1A05",10.1,"date",2,0.00301879837108951,0.00150939918554476,7.16744743336965,0.255363956536418,"I","IC"
"16G1A05",3.8,"date",2,0.026498898263265,0.0132494491316325,155.477476919146,0.0566179390676497,"I","IC"
"16G1A05",3.2,"date",2,0,0,NA,NA,"I","IC"
"16G1A05",6.2,"date",2,0.012456973962221,0.00622848698111049,12.5977084208307,0.195383256206494,"I","IC"
"16G1A05",5.9,"date",2,0.0182543339761399,0.00912716698806994,18.0705458441879,0.164086430509176,"I","IC"
"16G1A05",9.2,"date",2,0.000898929833950051,0.000449464916975025,5.05191627764405,0.300098308805612,"I","IC"
"16G1A05",9.5,"date",2,0.00721397024124706,0.00360698512062353,1434.11256842472,0.0186688551693889,"I","IC"
"16G1A05",9.8,"date",2,0.00251981464870989,0.00125990732435494,1155.15049160658,0.0208004029349837,"I","IC"
"16G2A12",3.8,"date",3,0,0,NA,NA,"IV","IVC"
"16G2A12",9.5,"date",3,0,0,NA,NA,"IV","IVC"
"16G2A12",4.1,"date",3,0.00211683615285738,0.00070561205095246,1.14256135213171,0.457671987855605,"IV","IVC"
"16G2A12",10.1,"date",3,0,0,NA,NA,"IV","IVC"
"16G2A12",4.7,"date",3,0.0209899789881787,0.00699665966272622,4720.66734036672,0.000005232125835369,"IV","IVC"
"16G2A12",7.7,"date",3,0.012443540987158,0.00414784699571933,457.579600179519,0.000172759700177811,"IV","IVC"
"16G2A12",6.8,"date",3,0.0192160458869383,0.00640534862897943,1.63616356558614,0.347874255749687,"IV","IVC"
"16G2A12",4.4,"date",3,0.0108526135106736,0.0036175378368912,58368.9000455543,0.000000120382455805079,"IV","IVC"
"16G2A12",9.8,"date",3,0,0,NA,NA,"IV","IVC"
"16G2A12",5,"date",3,0,0,NA,NA,"IV","IVC"
"16G2A12",3.5,"date",3,0,0,NA,NA,"IV","IVC"
"16G2A12",8,"date",3,0.00935450944135859,0.0031181698137862,344.554428461234,0.000264056437793616,"IV","IVC"
"16G2A12",8.3,"date",3,0.000909889234222202,0.000303296411407401,0.714285714285714,0.605610009105132,"IV","IVC"
"16G2A12",6.5,"date",3,0.0163687975390301,0.00545626584634335,1.97205123610191,0.295558665245003,"IV","IVC"
"16G2A12",8.9,"date",3,0,0,NA,NA,"IV","IVC"
"16G2A12",9.2,"date",3,0,0,NA,NA,"IV","IVC"
"16G2A12",7.1,"date",3,0.0162502829576015,0.00541676098586715,1.6444277998722,0.346409897744701,"IV","IVC"
"16G2A12",8.6,"date",3,0.0135123266540214,0.0045041088846738,5.68444212871359,0.0936977053823324,"IV","IVC"
"16G2A12",5.6,"date",3,0.0917029346785782,0.0305676448928594,33.2174280548769,0.00840684580920631,"IV","IVC"
"16G2A12",5.3,"date",3,0,0,NA,NA,"IV","IVC"
"16G2A12",6.2,"date",3,0.00744611978213325,0.00248203992737775,2.77837124151423,0.211824835922071,"IV","IVC"
"16G2A12",7.4,"date",3,0.0145589153933797,0.00485297179779323,1.40722584937864,0.392820133841282,"IV","IVC"
"16G2A12",5.9,"date",3,0.0392574373273877,0.0130858124424626,180.659558230452,0.000692218118370677,"IV","IVC"
"16G2A12",3.2,"date",3,0,0,NA,NA,"IV","IVC"
"18G1A07",5.3,"date",1,0.00579648975240867,0.00579648975240867,6.41197568753645,0.239442518311737,"III","IIID"
"18G1A07",5,"date",1,0.00415214273092313,0.00415214273092313,115.629883206624,0.0590333976137688,"III","IIID"
"18G1A07",4.4,"date",1,0,0,NA,NA,"III","IIID"
"18G1A07",7.1,"date",1,0.0087716630673642,0.0087716630673642,0.333333333333334,0.666666666666667,"III","IIID"
"18G1A07",7.4,"date",1,0,0,NA,NA,"III","IIID"
"18G1A07",3.8,"date",1,0,0,NA,NA,"III","IIID"
"18G1A07",4.1,"date",1,0,0,NA,NA,"III","IIID"
"18G1A07",4.7,"date",1,0,0,NA,NA,"III","IIID"
"18G1A07",6.8,"date",1,0,0,NA,NA,"III","IIID"
"18G1A07",7.7,"date",1,0,0,NA,NA,"III","IIID"
"18G1A07",5.6,"date",1,0,0,NA,NA,"III","IIID"
"18G1A07",10.1,"date",1,0,0,NA,NA,"III","IIID"
"18G1A07",3.5,"date",1,0,0,NA,NA,"III","IIID"
"18G1A07",8,"date",1,0,0,NA,NA,"III","IIID"
"18G1A07",9.8,"date",1,0,0,NA,NA,"III","IIID"
"18G1A07",8.3,"date",1,0,0,NA,NA,"III","IIID"
"18G1A07",6.5,"date",1,0.0223824073283562,0.0223824073283562,1645.30283040791,0.015691672556739,"III","IIID"
"18G1A07",6.2,"date",1,0.00880944805687583,0.00880944805687583,12473358.2037618,0.000180255454045939,"III","IIID"
"18G1A07",8.6,"date",1,0,0,NA,NA,"III","IIID"
"18G1A07",9.2,"date",1,0,0,NA,NA,"III","IIID"
"18G1A07",9.5,"date",1,0,0,NA,NA,"III","IIID"
"18G1A07",8.9,"date",1,0,0,NA,NA,"III","IIID"
"18G1A07",5.9,"date",1,0.0284516043294168,0.0284516043294168,150.066235943201,0.0518533392917957,"III","IIID"
"18G1A07",3.2,"date",1,0,0,NA,NA,"III","IIID"
"18G4B09",6.2,"date",2,0,0,NA,NA,"IV","IVC"
"18G4B09",6.5,"date",2,0,0,NA,NA,"IV","IVC"
"18G4B09",8.9,"date",2,0,0,NA,NA,"IV","IVC"
"18G4B09",3.5,"date",2,0,0,NA,NA,"IV","IVC"
"18G4B09",5.9,"date",2,0,0,NA,NA,"IV","IVC"
"18G4B09",9.8,"date",2,0,0,NA,NA,"IV","IVC"
"18G4B09",8,"date",2,0,0,NA,NA,"IV","IVC"
"18G4B09",8.6,"date",2,0,0,NA,NA,"IV","IVC"
"18G4B09",9.2,"date",2,0,0,NA,NA,"IV","IVC"
"18G4B09",9.5,"date",2,0,0,NA,NA,"IV","IVC"
"18G4B09",7.7,"date",2,0,0,NA,NA,"IV","IVC"
"18G4B09",5.3,"date",2,0,0,NA,NA,"IV","IVC"
"18G4B09",3.2,"date",2,0,0,NA,NA,"IV","IVC"
"18G4B09",8.3,"date",2,0,0,NA,NA,"IV","IVC"
"18G4B09",3.8,"date",2,0,0,NA,NA,"IV","IVC"
"18G4B09",5.6,"date",2,0.0227358519372271,0.0113679259686136,87221267556768498545249644183552,0.0000000000000000000000000000000114650936407126,"IV","IVC"
"18G4B09",10.1,"date",2,0,0,NA,NA,"IV","IVC"
"18G4B09",7.4,"date",2,0,0,NA,NA,"IV","IVC"
"18G4B09",4.4,"date",2,0.0992363890807746,0.0496181945403873,83967664978465898807203733700608,0.0000000000000000000000000000000119093462972497,"IV","IVC"
"18G4B09",6.8,"date",2,0,0,NA,NA,"IV","IVC"
"18G4B09",7.1,"date",2,0,0,NA,NA,"IV","IVC"
"18G4B09",4.7,"date",2,0.0205268950043532,0.0102634475021766,0.2,0.833333333333333,"IV","IVC"
"18G4B09",5,"date",2,0,0,NA,NA,"IV","IVC"
"18G4B09",4.1,"date",2,0,0,NA,NA,"IV","IVC"
"19G3B07",9.5,"date",1,0,0,NA,NA,"II","IIG"
"19G3B07",5.9,"date",1,0.0255304627209247,0.0255304627209247,NA,NA,"II","IIG"
"19G3B07",9.8,"date",1,0,0,NA,NA,"II","IIG"
"19G3B07",3.2,"date",1,0,0,NA,NA,"II","IIG"
"19G3B07",4.4,"date",1,0.00649797201113404,0.00649797201113404,NA,NA,"II","IIG"
"19G3B07",5.3,"date",1,0.00436582155887544,0.00436582155887544,NA,NA,"II","IIG"
"19G3B07",6.2,"date",1,0.00073848109805011,0.00073848109805011,NA,NA,"II","IIG"
"19G3B07",10.1,"date",1,0,0,NA,NA,"II","IIG"
"19G3B07",4.7,"date",1,0.00444897366253258,0.00444897366253258,NA,NA,"II","IIG"
"19G3B07",5,"date",1,0.0124568813723854,0.0124568813723854,NA,NA,"II","IIG"
"19G3B07",7.1,"date",1,0.00914627477090305,0.00914627477090305,NA,NA,"II","IIG"
"19G3B07",5.6,"date",1,0.00113628909946923,0.00113628909946923,NA,NA,"II","IIG"
"19G3B07",6.5,"date",1,0.00106267937369427,0.00106267937369427,NA,NA,"II","IIG"
"19G3B07",6.8,"date",1,0.00297110507012235,0.00297110507012235,NA,NA,"II","IIG"
"19G3B07",4.1,"date",1,0.00422942406843837,0.00422942406843837,NA,NA,"II","IIG"
"19G3B07",3.8,"date",1,0.0117204751002521,0.0117204751002521,NA,NA,"II","IIG"
"19G3B07",8.9,"date",1,0,0,NA,NA,"II","IIG"
"19G3B07",9.2,"date",1,0,0,NA,NA,"II","IIG"
"19G3B07",3.5,"date",1,0,0,NA,NA,"II","IIG"
"19G3B07",7.4,"date",1,0,0,NA,NA,"II","IIG"
"19G3B07",7.7,"date",1,0,0,NA,NA,"II","IIG"
"19G3B07",8,"date",1,0,0,NA,NA,"II","IIG"
"19G3B07",8.3,"date",1,0,0,NA,NA,"II","IIG"
"19G3B07",8.6,"date",1,0,0,NA,NA,"II","IIG"
"20G2A05",5,"date",2,0.0461809449465381,0.0230904724732691,909.811209173463,0.0234363544123037,"IV","IVE"
"20G2A05",4.4,"date",2,0.00707653880121746,0.00353826940060873,2884.41317633764,0.0131649322522642,"IV","IVE"
"20G2A05",4.7,"date",2,0.0163340012838488,0.00816700064192442,164.197242621571,0.0550987616377587,"IV","IVE"
"20G2A05",4.1,"date",2,0.0091607927522189,0.00458039637610945,39.7193194141323,0.111498145379096,"IV","IVE"
"20G2A05",3.8,"date",2,0,0,NA,NA,"IV","IVE"
"20G2A05",3.2,"date",2,0,0,NA,NA,"IV","IVE"
"20G2A05",5.3,"date",2,0.0678756245737194,0.0339378122868597,1235.46634190403,0.0201132235259064,"IV","IVE"
"20G2A05",9.5,"date",2,0.0527304118785603,0.0263652059392802,267.209961403151,0.0432168129524848,"IV","IVE"
"20G2A05",10.1,"date",2,0.0187187529957434,0.00935937649787169,40702238837271752689750389030912,0.000000000000000110834726258086,"IV","IVE"
"20G2A05",9.8,"date",2,0.0701815275476741,0.035090763773837,695035966586650899485124051599360,0.000000000000000026821395038177,"IV","IVE"
"20G2A05",8.9,"date",2,0.0355895359748369,0.0177947679874184,403.86049300172,0.0351641920650001,"IV","IVE"
"20G2A05",9.2,"date",2,0.0330868310232025,0.0165434155116013,1016643997204139369267312155688960,0.0000000000000000221768853782476,"IV","IVE"
"20G2A05",6.5,"date",2,0.0568088360786702,0.0284044180393351,164.975825490277,0.0549689857869222,"IV","IVE"
"20G2A05",5.6,"date",2,0.0549662652998639,0.027483132649932,5941.8166312887,0.00917290947558362,"IV","IVE"
"20G2A05",8,"date",2,0.078215365809828,0.039107682904914,1355.26122971026,0.0192040751584168,"IV","IVE"
"20G2A05",6.2,"date",2,0.0355958653569562,0.0177979326784781,243.52563068889,0.0452654956536967,"IV","IVE"
"20G2A05",3.5,"date",2,0,0,NA,NA,"IV","IVE"
"20G2A05",8.3,"date",2,0.0590868916577642,0.0295434458288821,8034.91469028596,0.00788825342766035,"IV","IVE"
"20G2A05",8.6,"date",2,0.0390952714467149,0.0195476357233575,31205.7344245471,0.00400280394236058,"IV","IVE"
"20G2A05",5.9,"date",2,0.0627932031950816,0.0313966015975408,906.112917586757,0.0234841070192883,"IV","IVE"
"20G2A05",7.4,"date",2,0.0412264821532898,0.0206132410766449,110.149590853734,0.067221793587359,"IV","IVE"
"20G2A05",7.1,"date",2,0.0528045251869651,0.0264022625934826,671.608440536519,0.0272750356841188,"IV","IVE"
"20G2A05",6.8,"date",2,0.0567234010123736,0.0283617005061868,1373.07644948997,0.0190791307448111,"IV","IVE"
"20G2A05",7.7,"date",2,0.115128098893257,0.0575640494466283,565.457881383204,0.0297230208465876,"IV","IVE"
"23D03",7.7,"date",2,0,0,NA,NA,"III","IIIE"
"23D03",8.6,"date",2,0,0,NA,NA,"III","IIIE"
"23D03",8.3,"date",2,0,0,NA,NA,"III","IIIE"
"23D03",7.1,"date",2,0.0885301515000646,0.0442650757500323,909.85804130478,0.0000667733774485938,"III","IIIE"
"23D03",5,"date",2,0.0438254170135785,0.0219127085067892,483.174991520554,0.000172171384380272,"III","IIIE"
"23D03",8.9,"date",2,0.0000848467243781527,0.0000424233621890764,1,0.46475800154489,"III","IIIE"
"23D03",6.2,"date",2,0.0652458787538753,0.0326229393769377,136.737536126055,0.00113031088973316,"III","IIIE"
"23D03",4.4,"date",2,0.0424598387668147,0.0212299193834073,2650.35029783745,0.0000134528216039537,"III","IIIE"
"23D03",7.4,"date",2,0.0000150589470869418,0.00000752947354347089,275824533932009329868756572176384,0.000000000000000000000000000000000000000000000000401039868374342,"III","IIIE"
"23D03",6.8,"date",2,0.0342264511071893,0.0171132255535947,93.7975759991936,0.00197475902618838,"III","IIIE"
"23D03",8,"date",2,0,0,NA,NA,"III","IIIE"
"23D03",10.1,"date",2,0.163981468522009,0.0819907342610045,2.69124136152634,0.214103063571217,"III","IIIE"
"23D03",5.6,"date",2,0.0203715325207062,0.0101857662603531,28.0084886248437,0.0114608397271414,"III","IIIE"
"23D03",3.8,"date",2,0,0,NA,NA,"III","IIIE"
"23D03",4.7,"date",2,0.0346317674331898,0.0173158837165949,1766.97633590083,0.0000247023351246145,"III","IIIE"
"23D03",9.2,"date",2,0,0,NA,NA,"III","IIIE"
"23D03",6.5,"date",2,0.0676449647645855,0.0338224823822927,83.7606402586392,0.00233353330755908,"III","IIIE"
"23D03",4.1,"date",2,0.00485981024754616,0.00242990512377308,0.375,0.715541752799933,"III","IIIE"
"23D03",9.5,"date",2,0,0,NA,NA,"III","IIIE"
"23D03",5.3,"date",2,0.0535656609836195,0.0267828304918097,368.085474140663,0.000258561910416968,"III","IIIE"
"23D03",3.2,"date",2,0,0,NA,NA,"III","IIIE"
"23D03",3.5,"date",2,0,0,NA,NA,"III","IIIE"
"23D03",9.8,"date",2,0.0098436758697465,0.00492183793487325,0.999999999999999,0.46475800154489,"III","IIIE"
"23D03",5.9,"date",2,0.0427735716707816,0.0213867858353908,82.1150367982514,0.00240275954262799,"III","IIIE"
"23D06",6.8,"date",4,0.00789797250033787,0.00197449312508447,NA,NA,"I","IC"
"23D06",7.4,"date",4,0.00582643462525536,0.00145660865631384,NA,NA,"I","IC"
"23D06",9.2,"date",4,0.0355323151094422,0.00888307877736055,NA,NA,"I","IC"
"23D06",5.9,"date",4,0.00384547524627214,0.000961368811568036,NA,NA,"I","IC"
"23D06",4.1,"date",4,0.00705044066019723,0.00176261016504931,NA,NA,"I","IC"
"23D06",3.8,"date",4,0.0112812825575224,0.0028203206393806,NA,NA,"I","IC"
"23D06",6.5,"date",4,0.00520253426383644,0.00130063356595911,NA,NA,"I","IC"
"23D06",8.9,"date",4,0.054191985651729,0.0135479964129323,NA,NA,"I","IC"
"23D06",5,"date",4,0.00985192425876278,0.00246298106469069,NA,NA,"I","IC"
"23D06",7.1,"date",4,0.00855454860301403,0.00213863715075351,NA,NA,"I","IC"
"23D06",4.4,"date",4,0.00840813593598608,0.00210203398399652,NA,NA,"I","IC"
"23D06",8.6,"date",4,0.0324973179739891,0.00812432949349727,NA,NA,"I","IC"
"23D06",9.5,"date",4,0.033118871870031,0.00827971796750774,NA,NA,"I","IC"
"23D06",9.8,"date",4,0.0308476725386418,0.00771191813466045,NA,NA,"I","IC"
"23D06",10.1,"date",4,0.0310804603188065,0.00777011507970164,NA,NA,"I","IC"
"23D06",3.5,"date",4,0,0,NA,NA,"I","IC"
"23D06",6.2,"date",4,0.00840800090035085,0.00210200022508771,NA,NA,"I","IC"
"23D06",5.3,"date",4,0.00245686864902222,0.000614217162255554,NA,NA,"I","IC"
"23D06",5.6,"date",4,0.00464389049883831,0.00116097262470958,NA,NA,"I","IC"
"23D06",3.2,"date",4,0.0000277511428839446,0.00000693778572098614,NA,NA,"I","IC"
"23D06",4.7,"date",4,0.00213620516987126,0.000534051292467815,NA,NA,"I","IC"
"23D06",8,"date",4,0.0370645159277774,0.00926612898194434,NA,NA,"I","IC"
"23D06",8.3,"date",4,0.00888260091921295,0.00222065022980324,NA,NA,"I","IC"
"23D06",7.7,"date",4,0.00826333284145274,0.00206583321036319,NA,NA,"I","IC"
"23G1A10",4.1,"date",2,0.00059369744448385,0.000296848722241925,14.8009042604093,0.180770039660159,"IV","IVB"
"23G1A10",4.4,"date",2,0.00865097844052058,0.00432548922026029,4.27817678676765,0.323484812216351,"IV","IVB"
"23G1A10",5,"date",2,0.018939622273956,0.00946981113697801,28.3172568552846,0.131722111378438,"IV","IVB"
"23G1A10",5.3,"date",2,0.0125405132454495,0.00627025662272476,212.895757286645,0.0484052103660731,"IV","IVB"
"23G1A10",5.6,"date",2,0.0410233193766527,0.0205116596883263,45.6407740112385,0.10409804284895,"IV","IVB"
"23G1A10",6.5,"date",2,0,0,NA,NA,"IV","IVB"
"23G1A10",5.9,"date",2,0.0498085331221849,0.0249042665610924,49.1961374310453,0.100305254607465,"IV","IVB"
"23G1A10",4.7,"date",2,0.0095433266161141,0.00477166330805705,31.6195615141716,0.124767133757974,"IV","IVB"
"23G1A10",6.8,"date",2,0.0107798269775425,0.00538991348877124,84.2926562330964,0.0767902147318808,"IV","IVB"
"23G1A10",6.2,"date",2,0,0,NA,NA,"IV","IVB"
"23G1A10",8,"date",2,0,0,NA,NA,"IV","IVB"
"23G1A10",8.3,"date",2,0.0000388067989326332,0.0000194033994663166,349538620294452662506007048486912,0.0000000000000000378213841204044,"IV","IVB"
"23G1A10",3.8,"date",2,0,0,NA,NA,"IV","IVB"
"23G1A10",3.2,"date",2,0.00000270591052456195,0.00000135295526228098,6369280491882744383354507441995776,0.00000000000000000886012430043644,"IV","IVB"
"23G1A10",9.2,"date",2,0,0,NA,NA,"IV","IVB"
"23G1A10",7.1,"date",2,0.00321871241781487,0.00160935620890743,844841654598846613367665381605376,0.0000000000000000243274922539587,"IV","IVB"
"23G1A10",8.9,"date",2,0,0,NA,NA,"IV","IVB"
"23G1A10",10.1,"date",2,0.0457362263718698,0.0228681131859349,15.4735309445509,0.176923099225152,"IV","IVB"
"23G1A10",9.5,"date",2,0,0,NA,NA,"IV","IVB"
"23G1A10",9.8,"date",2,0.0105645033719784,0.00528225168598919,0.25,0.816496580927726,"IV","IVB"
"23G1A10",7.4,"date",2,0,0,NA,NA,"IV","IVB"
"23G1A10",7.7,"date",2,0,0,NA,NA,"IV","IVB"
"23G1A10",8.6,"date",2,0,0,NA,NA,"IV","IVB"
"23G1A10",3.5,"date",2,0,0,NA,NA,"IV","IVB"
"23G1B04",7.7,"date",1,0,0,NA,NA,"II","IIJ"
"23G1B04",5,"date",1,0.021522826983459,0.021522826983459,NA,NA,"II","IIJ"
"23G1B04",4.7,"date",1,0.0281652839798575,0.0281652839798575,NA,NA,"II","IIJ"
"23G1B04",7.4,"date",1,0.0186633224912901,0.0186633224912901,NA,NA,"II","IIJ"
"23G1B04",5.6,"date",1,0.0599435757038517,0.0599435757038517,NA,NA,"II","IIJ"
"23G1B04",7.1,"date",1,0.0125625161058509,0.0125625161058509,NA,NA,"II","IIJ"
"23G1B04",5.9,"date",1,0.0000636636387922972,0.0000636636387922972,NA,NA,"II","IIJ"
"23G1B04",3.2,"date",1,0,0,NA,NA,"II","IIJ"
"23G1B04",5.3,"date",1,0.0217896925488475,0.0217896925488475,NA,NA,"II","IIJ"
"23G1B04",4.4,"date",1,0.00305579507252074,0.00305579507252074,NA,NA,"II","IIJ"
"23G1B04",6.8,"date",1,0.0148907309980266,0.0148907309980266,NA,NA,"II","IIJ"
"23G1B04",8,"date",1,0.0161491437192815,0.0161491437192815,NA,NA,"II","IIJ"
"23G1B04",8.3,"date",1,0,0,NA,NA,"II","IIJ"
"23G1B04",3.8,"date",1,0.00779141424939039,0.00779141424939039,NA,NA,"II","IIJ"
"23G1B04",9.5,"date",1,0,0,NA,NA,"II","IIJ"
"23G1B04",8.6,"date",1,0,0,NA,NA,"II","IIJ"
"23G1B04",9.8,"date",1,0,0,NA,NA,"II","IIJ"
"23G1B04",4.1,"date",1,0.000377653246309759,0.000377653246309759,NA,NA,"II","IIJ"
"23G1B04",9.2,"date",1,0,0,NA,NA,"II","IIJ"
"23G1B04",6.5,"date",1,0.00280116279502517,0.00280116279502517,NA,NA,"II","IIJ"
"23G1B04",10.1,"date",1,0,0,NA,NA,"II","IIJ"
"23G1B04",3.5,"date",1,0,0,NA,NA,"II","IIJ"
"23G1B04",6.2,"date",1,0.0000340095895956865,0.0000340095895956865,NA,NA,"II","IIJ"
"23G1B04",8.9,"date",1,0,0,NA,NA,"II","IIJ"
"23G1B05",4.4,"date",5,0.103042631606493,0.0206085263212985,1091.4215221044,0.0000437063099267268,"II","IIJ"
"23G1B05",4.1,"date",5,0.070934141868358,0.0141868283736716,1505084.11527811,0.000000000854602487628521,"II","IIJ"
"23G1B05",5.9,"date",5,0.289460607228677,0.0578921214457354,80.6314755596157,0.00214104781009458,"II","IIJ"
"23G1B05",6.8,"date",5,0.11682306677939,0.023364613355878,138.407125952591,0.000959093726536166,"II","IIJ"
"23G1B05",5,"date",5,0.223436084614171,0.0446872169228342,12048.7634249603,0.00000119299907739574,"II","IIJ"
"23G1B05",3.8,"date",5,0.062477858291574,0.0124955716583148,4316.30654202003,0.00000556278697159633,"II","IIJ"
"23G1B05",10.1,"date",5,0,0,NA,NA,"II","IIJ"
"23G1B05",5.6,"date",5,0.294465799964645,0.058893159992929,34.3570237204678,0.00751733398395792,"II","IIJ"
"23G1B05",7.1,"date",5,0.0639133532985375,0.0127826706597075,1.09281141861875,0.503128839818601,"II","IIJ"
"23G1B05",5.3,"date",5,0.32018332149136,0.064036664298272,15.5031061024,0.0236063373150958,"II","IIJ"
"23G1B05",9.2,"date",5,0.00579297703129033,0.00115859540625807,0.466666666666667,0.786622227917615,"II","IIJ"
"23G1B05",7.4,"date",5,0.44632652930952,0.089265305861904,725.537629686201,0.000080585011360358,"II","IIJ"
"23G1B05",8.9,"date",5,0,0,NA,NA,"II","IIJ"
"23G1B05",4.7,"date",5,0.137617102264563,0.0275234204529126,448.922483597823,0.000165369990926139,"II","IIJ"
"23G1B05",6.2,"date",5,0.104614291671632,0.0209228583343264,18.4515327611936,0.0184414402970776,"II","IIJ"
"23G1B05",7.7,"date",5,0.635085733184943,0.127017146636989,59.1330039821045,0.00338725063333533,"II","IIJ"
"23G1B05",8,"date",5,0.691403569605179,0.138280713921036,199.71567481349,0.000555087726666304,"II","IIJ"
"23G1B05",3.2,"date",5,0,0,NA,NA,"II","IIJ"
"23G1B05",6.5,"date",5,0.0819837039797337,0.0163967407959467,5.13112249178006,0.104381458145283,"II","IIJ"
"23G1B05",8.3,"date",5,0.603333242243191,0.120666648448638,13.0890026522239,0.0299370773110473,"II","IIJ"
"23G1B05",8.6,"date",5,0.663197090969584,0.132639418193917,263.675613570253,0.000366549086361504,"II","IIJ"
"23G1B05",3.5,"date",5,0.0034780918830564,0.000695618376611279,25536516737860572004935217971200,0.0000000000000000000000000000000000000000000000122282198919873,"II","IIJ"
"23G1B05",9.8,"date",5,0,0,NA,NA,"II","IIJ"
"23G1B05",9.5,"date",5,0,0,NA,NA,"II","IIJ"
"23G1B10",8.9,"date",2,0,0,NA,NA,"IV","IVB"
"23G1B10",9.2,"date",2,0,0,NA,NA,"IV","IVB"
"23G1B10",3.5,"date",2,0,0,NA,NA,"IV","IVB"
"23G1B10",4.1,"date",2,0,0,NA,NA,"IV","IVB"
"23G1B10",3.8,"date",2,0.00126848915150484,0.000634244575752422,37.2458896624651,0.000992246247711395,"IV","IVB"
"23G1B10",10.1,"date",2,0,0,NA,NA,"IV","IVB"
"23G1B10",5.6,"date",2,0,0,NA,NA,"IV","IVB"
"23G1B10",8.3,"date",2,0.0000120981950479454,0.00000604909752397272,0.781250000000001,0.506700951477678,"IV","IVB"
"23G1B10",9.5,"date",2,0,0,NA,NA,"IV","IVB"
"23G1B10",9.8,"date",2,0,0,NA,NA,"IV","IVB"
"23G1B10",5.3,"date",2,0,0,NA,NA,"IV","IVB"
"23G1B10",5,"date",2,0,0,NA,NA,"IV","IVB"
"23G1B10",4.7,"date",2,0,0,NA,NA,"IV","IVB"
"23G1B10",4.4,"date",2,0,0,NA,NA,"IV","IVB"
"23G1B10",6.8,"date",2,0.000000602275640175343,0.000000301137820087671,0.416666666666667,0.680194359016568,"IV","IVB"
"23G1B10",7.1,"date",2,0.000195240620720554,0.0000976203103602769,1.17292877880434,0.382224704835104,"IV","IVB"
"23G1B10",8.6,"date",2,0.0000643330268342242,0.0000321665134171121,0.781249999999999,0.506700951477679,"IV","IVB"
"23G1B10",3.2,"date",2,0.0000000282799677838373,0.0000000141399838919186,0.416666666666667,0.680194359016569,"IV","IVB"
"23G1B10",5.9,"date",2,0.0000966546044695387,0.0000483273022347693,0.416666666666667,0.680194359016568,"IV","IVB"
"23G1B10",6.5,"date",2,0,0,NA,NA,"IV","IVB"
"23G1B10",7.4,"date",2,0.000000110238042478862,0.000000055119021239431,0.416666666666667,0.680194359016569,"IV","IVB"
"23G1B10",7.7,"date",2,0.00000019498081445904,0.00000009749040722952,0.416666666666667,0.680194359016569,"IV","IVB"
"23G1B10",8,"date",2,0,0,NA,NA,"IV","IVB"
"23G1B10",6.2,"date",2,0.000123331476783166,0.000061665738391583,0.416666666666666,0.680194359016569,"IV","IVB"
"23G3B04",8,"date",1,0,0,NA,NA,"UND",NA
"23G3B04",4.7,"date",1,0,0,NA,NA,"UND",NA
"23G3B04",8.3,"date",1,0,0,NA,NA,"UND",NA
"23G3B04",5,"date",1,0,0,NA,NA,"UND",NA
"23G3B04",3.2,"date",1,0,0,NA,NA,"UND",NA
"23G3B04",8.6,"date",1,0,0,NA,NA,"UND",NA
"23G3B04",3.8,"date",1,0,0,NA,NA,"UND",NA
"23G3B04",7.4,"date",1,0,0,NA,NA,"UND",NA
"23G3B04",7.1,"date",1,0,0,NA,NA,"UND",NA
"23G3B04",7.7,"date",1,0,0,NA,NA,"UND",NA
"23G3B04",3.5,"date",1,0,0,NA,NA,"UND",NA
"23G3B04",10.1,"date",1,0,0,NA,NA,"UND",NA
"23G3B04",4.1,"date",1,0,0,NA,NA,"UND",NA
"23G3B04",5.3,"date",1,0,0,NA,NA,"UND",NA
"23G3B04",9.8,"date",1,0,0,NA,NA,"UND",NA
"23G3B04",8.9,"date",1,0,0,NA,NA,"UND",NA
"23G3B04",5.6,"date",1,0,0,NA,NA,"UND",NA
"23G3B04",6.2,"date",1,0,0,NA,NA,"UND",NA
"23G3B04",6.5,"date",1,0,0,NA,NA,"UND",NA
"23G3B04",4.4,"date",1,0,0,NA,NA,"UND",NA
"23G3B04",6.8,"date",1,0,0,NA,NA,"UND",NA
"23G3B04",5.9,"date",1,0,0,NA,NA,"UND",NA
"23G3B04",9.5,"date",1,0,0,NA,NA,"UND",NA
"23G3B04",9.2,"date",1,0,0,NA,NA,"UND",NA
"23G4A04",5.9,"date",1,0.000674888604231151,0.000674888604231151,0.0806022717257418,0.803175522606642,"III","IIIB"
"23G4A04",3.2,"date",1,0,0,NA,NA,"III","IIIB"
"23G4A04",8,"date",1,0,0,NA,NA,"III","IIIB"
"23G4A04",7.7,"date",1,0,0,NA,NA,"III","IIIB"
"23G4A04",8.3,"date",1,0,0,NA,NA,"III","IIIB"
"23G4A04",8.6,"date",1,0,0,NA,NA,"III","IIIB"
"23G4A04",7.4,"date",1,0,0,NA,NA,"III","IIIB"
"23G4A04",9.8,"date",1,0,0,NA,NA,"III","IIIB"
"23G4A04",10.1,"date",1,0,0,NA,NA,"III","IIIB"
"23G4A04",9.5,"date",1,0,0,NA,NA,"III","IIIB"
"23G4A04",7.1,"date",1,0,0,NA,NA,"III","IIIB"
"23G4A04",5,"date",1,0,0,NA,NA,"III","IIIB"
"23G4A04",8.9,"date",1,0,0,NA,NA,"III","IIIB"
"23G4A04",6.5,"date",1,0.00380980096299175,0.00380980096299175,9.29473469273418,0.092847123714163,"III","IIIB"
"23G4A04",6.8,"date",1,0.00364793178058959,0.00364793178058959,5599888105400917325299603292028928,0.000000000000000000000000000000000178574996710297,"III","IIIB"
"23G4A04",5.6,"date",1,0.00432063065620111,0.00432063065620111,166077296653769352725133514506240,0.00000000000000000000000000000000602129261583994,"III","IIIB"
"23G4A04",3.5,"date",1,0,0,NA,NA,"III","IIIB"
"23G4A04",3.8,"date",1,0,0,NA,NA,"III","IIIB"
"23G4A04",4.4,"date",1,0,0,NA,NA,"III","IIIB"
"23G4A04",4.7,"date",1,0,0,NA,NA,"III","IIIB"
"23G4A04",5.3,"date",1,0.00844237490558422,0.00844237490558422,60239986328138298951305292414976,0.0000000000000000000000000000000166002693717893,"III","IIIB"
"23G4A04",4.1,"date",1,0,0,NA,NA,"III","IIIB"
"23G4A04",9.2,"date",1,0,0,NA,NA,"III","IIIB"
"23G4A04",6.2,"date",1,0.00286389764222615,0.00286389764222615,1.00472640526305,0.42174227762782,"III","IIIB"
"23G4B03",4.4,"date",1,0.00568450014636112,0.00568450014636112,6.81974550087526,0.120661562785086,"III","IIIA"
"23G4B03",9.2,"date",1,0.0000525297413815549,0.0000525297413815549,1,0.422649730810374,"III","IIIA"
"23G4B03",8,"date",1,0,0,NA,NA,"III","IIIA"
"23G4B03",7.4,"date",1,0,0,NA,NA,"III","IIIA"
"23G4B03",3.2,"date",1,0,0,NA,NA,"III","IIIA"
"23G4B03",8.3,"date",1,0,0,NA,NA,"III","IIIA"
"23G4B03",5,"date",1,0.000616548013313987,0.000616548013313987,3.64784935575982,0.196331594365875,"III","IIIA"
"23G4B03",5.3,"date",1,0.000808045328079247,0.000808045328079247,0.791294712676996,0.467565381215389,"III","IIIA"
"23G4B03",9.8,"date",1,0,0,NA,NA,"III","IIIA"
"23G4B03",8.9,"date",1,0,0,NA,NA,"III","IIIA"
"23G4B03",3.5,"date",1,0,0,NA,NA,"III","IIIA"
"23G4B03",4.1,"date",1,0.000538869162622414,0.000538869162622414,19.2448758019095,0.0482334046327923,"III","IIIA"
"23G4B03",8.6,"date",1,0,0,NA,NA,"III","IIIA"
"23G4B03",4.7,"date",1,0.00122114173702925,0.00122114173702925,5.27902882563018,0.14839089296254,"III","IIIA"
"23G4B03",9.5,"date",1,0.00000389837433282494,0.00000389837433282494,1,0.422649730810374,"III","IIIA"
"23G4B03",6.2,"date",1,0.00169815862256106,0.00169815862256106,2.23519413743406,0.273524515190326,"III","IIIA"
"23G4B03",5.6,"date",1,0.0000989752265217662,0.0000989752265217662,3.61901339475874,0.197463004779111,"III","IIIA"
"23G4B03",7.7,"date",1,0,0,NA,NA,"III","IIIA"
"23G4B03",6.5,"date",1,0.00574126114676424,0.00574126114676424,83.9822562838195,0.0116987367893594,"III","IIIA"
"23G4B03",6.8,"date",1,0,0,NA,NA,"III","IIIA"
"23G4B03",3.8,"date",1,0.00000512222944485325,0.00000512222944485325,0.247651184427605,0.668062936267662,"III","IIIA"
"23G4B03",7.1,"date",1,0,0,NA,NA,"III","IIIA"
"23G4B03",10.1,"date",1,0,0,NA,NA,"III","IIIA"
"23G4B03",5.9,"date",1,0.00565898431700728,0.00565898431700728,38.6255704866793,0.0249256838092496,"III","IIIA"
"23G4B04",4.4,"date",3,0.0584312388871436,0.0194770796290479,1973.75447771898,0.000000854295614770287,"III","IIIA"
"23G4B04",8.3,"date",3,0.000264050038034766,0.000088016679344922,0.416666666666667,0.751045899758027,"III","IIIA"
"23G4B04",8.6,"date",3,0,0,NA,NA,"III","IIIA"
"23G4B04",4.7,"date",3,0.0552177302625484,0.0184059100875161,60.3967378257896,0.000868428719198567,"III","IIIA"
"23G4B04",8.9,"date",3,0.00373452657898205,0.00124484219299402,0.416666666666667,0.751045899758027,"III","IIIA"
"23G4B04",9.2,"date",3,0,0,NA,NA,"III","IIIA"
"23G4B04",3.5,"date",3,0,0,NA,NA,"III","IIIA"
"23G4B04",8,"date",3,0,0,NA,NA,"III","IIIA"
"23G4B04",3.8,"date",3,0.0198566392193679,0.00661887973978931,1.63276918049582,0.316186801063177,"III","IIIA"
"23G4B04",4.1,"date",3,0.0589161192890485,0.0196387064296828,13.593507852453,0.0145072067257728,"III","IIIA"
"23G4B04",7.1,"date",3,0.0183526173426751,0.00611753911422502,0.304077285277815,0.822223523972699,"III","IIIA"
"23G4B04",5,"date",3,0.0284411651388365,0.00948038837961218,8.37761885159923,0.0336853469978009,"III","IIIA"
"23G4B04",9.8,"date",3,0,0,NA,NA,"III","IIIA"
"23G4B04",6.8,"date",3,0.00971599910928164,0.00323866636976055,0.146123505578174,0.92699782018094,"III","IIIA"
"23G4B04",10.1,"date",3,0,0,NA,NA,"III","IIIA"
"23G4B04",7.4,"date",3,0.0106982455234958,0.00356608184116525,0.249181759086702,0.858553323236806,"III","IIIA"
"23G4B04",5.3,"date",3,0.0501557748835234,0.0167185916278411,5.01492748381114,0.0766718173519147,"III","IIIA"
"23G4B04",7.7,"date",3,0,0,NA,NA,"III","IIIA"
"23G4B04",9.5,"date",3,0,0,NA,NA,"III","IIIA"
"23G4B04",6.2,"date",3,0.000407304306214975,0.000135768102071658,0.327452094586172,0.807020081242656,"III","IIIA"
"23G4B04",6.5,"date",3,0.0323175703421336,0.0107725234473779,2.23525248863443,0.226439235937449,"III","IIIA"
"23G4B04",5.9,"date",3,0.0275925687453892,0.00919752291512972,10.8681745057767,0.0215568338297796,"III","IIIA"
"23G4B04",3.2,"date",3,0,0,NA,NA,"III","IIIA"
"23G4B04",5.6,"date",3,0.0087332425456928,0.00291108084856427,1.23951958416597,0.405666892682698,"III","IIIA"
"23G4B11",4.4,"date",2,0,0,NA,NA,NA,NA
"23G4B11",8.9,"date",2,0.00602881157729276,0.00301440578864638,779707133990036965375673439879168,0.0000000000000000000000000000000000000000000000000843800205490242,NA,NA
"23G4B11",4.1,"date",2,0,0,NA,NA,NA,NA
"23G4B11",5.9,"date",2,0.00314966139498503,0.00157483069749251,5.95941408071813,0.0901736843424729,NA,NA
"23G4B11",5.6,"date",2,0.000605862897009909,0.000302931448504955,0.888640802117603,0.497634657318735,NA,NA
"23G4B11",3.8,"date",2,0,0,NA,NA,NA,NA
"23G4B11",7.1,"date",2,0.0136181391786741,0.00680906958933707,17.7219769044057,0.0217991626568699,NA,NA
"23G4B11",5,"date",2,0,0,NA,NA,NA,NA
"23G4B11",10.1,"date",2,0.00000697491177404917,0.00000348745588702458,0.375,0.715541752799933,NA,NA
"23G4B11",8.6,"date",2,0.0108462385802329,0.00542311929011643,355404988429452285421296367435776,0.000000000000000000000000000000000000000000000000274189998851817,NA,NA
"23G4B11",9.2,"date",2,0,0,NA,NA,NA,NA
"23G4B11",5.3,"date",2,0.000452880286340344,0.000226440143170172,1,0.46475800154489,NA,NA
"23G4B11",9.5,"date",2,0,0,NA,NA,NA,NA
"23G4B11",7.4,"date",2,0.00728110806771298,0.00364055403385649,2027173347986572437479664069378048,0.0000000000000000000000000000000000000000000000000201279969042114,NA,NA
"23G4B11",3.2,"date",2,0,0,NA,NA,NA,NA
"23G4B11",6.2,"date",2,0.000999458043936864,0.000499729021968432,1.18143182379084,0.418395253989328,NA,NA
"23G4B11",6.8,"date",2,0.0452632796452574,0.0226316398226287,41.2790919674547,0.00656582866489348,NA,NA
"23G4B11",8,"date",2,0.0108247778657177,0.00541238893285884,314303626164949604237461451440128,0.000000000000000000000000000000000000000000000000329695334294561,NA,NA
"23G4B11",4.7,"date",2,0,0,NA,NA,NA,NA
"23G4B11",9.8,"date",2,0,0,NA,NA,NA,NA
"23G4B11",3.5,"date",2,0,0,NA,NA,NA,NA
"23G4B11",6.5,"date",2,0.0144067189952054,0.00720335949760269,13.4263121472759,0.0318572372028511,NA,NA
"23G4B11",7.7,"date",2,0.00757194313569187,0.00378597156784593,2621217411690591917691416298389504,0.0000000000000000000000000000000000000000000000000136893340818865,NA,NA
"23G4B11",8.3,"date",2,0.0108081697632875,0.00540408488164377,6704670111162132437116666500874240,0.00000000000000000000000000000000000000000000000000334634541349134,NA,NA
"24G2B02",9.5,"date",1,0,0,NA,NA,"IV","IVB"
"24G2B02",4.4,"date",1,0,0,NA,NA,"IV","IVB"
"24G2B02",9.2,"date",1,0,0,NA,NA,"IV","IVB"
"24G2B02",3.2,"date",1,0,0,NA,NA,"IV","IVB"
"24G2B02",4.1,"date",1,0,0,NA,NA,"IV","IVB"
"24G2B02",10.1,"date",1,0,0,NA,NA,"IV","IVB"
"24G2B02",3.8,"date",1,0,0,NA,NA,"IV","IVB"
"24G2B02",9.8,"date",1,0,0,NA,NA,"IV","IVB"
"24G2B02",4.7,"date",1,0,0,NA,NA,"IV","IVB"
"24G2B02",8.6,"date",1,0,0,NA,NA,"IV","IVB"
"24G2B02",5.9,"date",1,0,0,NA,NA,"IV","IVB"
"24G2B02",3.5,"date",1,0,0,NA,NA,"IV","IVB"
"24G2B02",7.4,"date",1,0,0,NA,NA,"IV","IVB"
"24G2B02",7.7,"date",1,0,0,NA,NA,"IV","IVB"
"24G2B02",5.6,"date",1,0,0,NA,NA,"IV","IVB"
"24G2B02",8,"date",1,0,0,NA,NA,"IV","IVB"
"24G2B02",5,"date",1,0,0,NA,NA,"IV","IVB"
"24G2B02",8.9,"date",1,0,0,NA,NA,"IV","IVB"
"24G2B02",5.3,"date",1,0,0,NA,NA,"IV","IVB"
"24G2B02",8.3,"date",1,0,0,NA,NA,"IV","IVB"
"24G2B02",7.1,"date",1,0,0,NA,NA,"IV","IVB"
"24G2B02",6.2,"date",1,0,0,NA,NA,"IV","IVB"
"24G2B02",6.5,"date",1,0,0,NA,NA,"IV","IVB"
"24G2B02",6.8,"date",1,0,0,NA,NA,"IV","IVB"
"24G4A05",5,"date",1,0,0,NA,NA,"IV","IVB"
"24G4A05",4.7,"date",1,0,0,NA,NA,"IV","IVB"
"24G4A05",4.1,"date",1,0,0,NA,NA,"IV","IVB"
"24G4A05",10.1,"date",1,0,0,NA,NA,"IV","IVB"
"24G4A05",5.6,"date",1,0.0295328925671918,0.0295328925671918,946.853568294596,0.0000754045861373744,"IV","IVB"
"24G4A05",6.5,"date",1,0,0,NA,NA,"IV","IVB"
"24G4A05",4.4,"date",1,0.0005236445285414,0.0005236445285414,1.72834005144266,0.28009275150723,"IV","IVB"
"24G4A05",5.3,"date",1,0,0,NA,NA,"IV","IVB"
"24G4A05",6.2,"date",1,0.0606685083252759,0.0606685083252759,6572340187331143067702097419960320,0.00000000000000000000000000000000000000000000000000413895489910108,"IV","IVB"
"24G4A05",7.4,"date",1,0,0,NA,NA,"IV","IVB"
"24G4A05",3.8,"date",1,0,0,NA,NA,"IV","IVB"
"24G4A05",3.2,"date",1,0,0,NA,NA,"IV","IVB"
"24G4A05",5.9,"date",1,0,0,NA,NA,"IV","IVB"
"24G4A05",8.3,"date",1,0,0,NA,NA,"IV","IVB"
"24G4A05",8.6,"date",1,0,0,NA,NA,"IV","IVB"
"24G4A05",7.7,"date",1,0.00000438789941056742,0.00000438789941056742,0.2,0.685037642474293,"IV","IVB"
"24G4A05",8,"date",1,0.00000504981277728988,0.00000504981277728988,0.558645706043346,0.509057814715067,"IV","IVB"
"24G4A05",3.5,"date",1,0,0,NA,NA,"IV","IVB"
"24G4A05",6.8,"date",1,0,0,NA,NA,"IV","IVB"
"24G4A05",9.8,"date",1,0,0,NA,NA,"IV","IVB"
"24G4A05",9.5,"date",1,0,0,NA,NA,"IV","IVB"
"24G4A05",8.9,"date",1,0,0,NA,NA,"IV","IVB"
"24G4A05",9.2,"date",1,0,0,NA,NA,"IV","IVB"
"24G4A05",7.1,"date",1,0.00922761843621163,0.00922761843621163,264827839643486608111104727973888,0.00000000000000000000000000000000000000000000000051171163211958,"IV","IVB"
"24G4A10",7.4,"date",2,0.00387992220135406,0.00193996110067703,3.43540276374975,0.135393099222043,"I","IC"
"24G4A10",8,"date",2,0.00699839887258193,0.00349919943629097,13.3792054565974,0.016911891884076,"I","IC"
"24G4A10",6.8,"date",2,0.0228666664796289,0.0114333332398145,24.3977126975189,0.00574020490710051,"I","IC"
"24G4A10",7.1,"date",2,0.010436207437009,0.00521810371850452,45.0373581223893,0.00180789893351672,"I","IC"
"24G4A10",4.4,"date",2,0.015779180784369,0.0078895903921845,70.2631152728243,0.00076599622805015,"I","IC"
"24G4A10",6.5,"date",2,0.015061775648025,0.0075308878240125,24.2601472436676,0.00580050329095988,"I","IC"
"24G4A10",5,"date",2,0.0155985683640483,0.00779928418202417,58.169023105427,0.0011048773496882,"I","IC"
"24G4A10",8.3,"date",2,0.0231495500326206,0.0115747750163103,8.95019467497456,0.0333592525218483,"I","IC"
"24G4A10",9.5,"date",2,0.0309366144996408,0.0154683072498204,23.0471858465605,0.00637590907304317,"I","IC"
"24G4A10",6.2,"date",2,0.0107371746537822,0.00536858732689108,16.5770088553909,0.0115906666361083,"I","IC"
"24G4A10",8.9,"date",2,0.043500276429825,0.0217501382149125,6.54518929627087,0.0547793173295118,"I","IC"
"24G4A10",3.8,"date",2,0.00305514650428189,0.00152757325214094,4.65784175685223,0.0902387465165402,"I","IC"
"24G4A10",4.1,"date",2,0.0155357588628227,0.00776787943141135,48.4108182031092,0.00157402816264509,"I","IC"
"24G4A10",4.7,"date",2,0.0227163354551201,0.01135816772756,76.1100084659659,0.000655611588618972,"I","IC"
"24G4A10",10.1,"date",2,0.00253754109892335,0.00126877054946167,7.92750649139232,0.040586315952745,"I","IC"
"24G4A10",5.3,"date",2,0.00702449378682098,0.00351224689341049,10.4331647447831,0.0258759685591904,"I","IC"
"24G4A10",5.6,"date",2,0.00358497731447333,0.00179248865723666,5.97768378182186,0.0628501553788701,"I","IC"
"24G4A10",7.7,"date",2,0.00761602596775427,0.00380801298387714,48.9566671884155,0.00154048672692377,"I","IC"
"24G4A10",3.5,"date",2,0.000572854645466771,0.000286427322733385,16.8550090483897,0.0112513983521488,"I","IC"
"24G4A10",9.2,"date",2,0.0331562846439268,0.0165781423219634,5.6420138679841,0.0684927097531889,"I","IC"
"24G4A10",3.2,"date",2,0,0,NA,NA,"I","IC"
"24G4A10",5.9,"date",2,0.0168121133138367,0.00840605665691837,82.8546771104965,0.000555531156355065,"I","IC"
"24G4A10",8.6,"date",2,0.050968598073441,0.0254842990367205,4.52358326708038,0.0939912815473559,"I","IC"
"24G4A10",9.8,"date",2,0.0397620630299139,0.0198810315149569,13.0331524103634,0.0176994540441454,"I","IC"
"25D05",7.1,"date",3,0.0481456039522372,0.0160485346507457,60.7416919771604,0.00000756754879304056,"I","IC"
"25D05",10.1,"date",3,0.000035716053868349,0.0000119053512894497,0.773984582601813,0.540438325284986,"I","IC"
"25D05",5.6,"date",3,0.0196680770803165,0.00655602569343885,14.6226287930079,0.00130384286047249,"I","IC"
"25D05",7.4,"date",3,0.0234617465584534,0.00782058218615112,9.33671938161273,0.0054345652488323,"I","IC"
"25D05",5.3,"date",3,0.0201515519619737,0.00671718398732455,24.9684727605713,0.000204959389958676,"I","IC"
"25D05",9.2,"date",3,0.000325127099531519,0.00010837569984384,1.41213172993208,0.308720736071456,"I","IC"
"25D05",5,"date",3,0.0493047433938932,0.016434914464631,26.188786085815,0.00017273134215166,"I","IC"
"25D05",9.5,"date",3,0.000210964995804669,0.0000703216652682231,2.5401573939371,0.129772506305947,"I","IC"
"25D05",6.8,"date",3,0.0469566669473988,0.0156522223157996,10.7713560603326,0.0034995854162967,"I","IC"
"25D05",7.7,"date",3,0.0136574576681286,0.00455248588937621,6.2409429801464,0.0172291515397243,"I","IC"
"25D05",4.4,"date",3,0.0394811697664529,0.013160389922151,1.69792244157169,0.244103654881944,"I","IC"
"25D05",4.1,"date",3,0.0580360136858929,0.0193453378952976,27.2293420624856,0.000150118241525634,"I","IC"
"25D05",8.9,"date",3,0.00644904932628947,0.00214968310876316,9.17415346478134,0.00573065113368172,"I","IC"
"25D05",4.7,"date",3,0.035277615045025,0.0117592050150083,127.212329258388,0.000000433733347320556,"I","IC"
"25D05",3.8,"date",3,0.0455556108178086,0.0151852036059362,1.74595516158355,0.234902779260547,"I","IC"
"25D05",8,"date",3,0.0245720788738756,0.00819069295795852,7.43320511508883,0.0106177104162752,"I","IC"
"25D05",9.8,"date",3,0,0,NA,NA,"I","IC"
"25D05",6.2,"date",3,0.0383898089211206,0.0127966029737069,43.1291966818757,0.000027625265524409,"I","IC"
"25D05",8.3,"date",3,0.0116235819275378,0.00387452730917925,4.8554411306067,0.0328738491650117,"I","IC"
"25D05",8.6,"date",3,0.00778653206437252,0.00259551068812417,1.40519475109975,0.310526725281238,"I","IC"
"25D05",3.2,"date",3,0,0,NA,NA,"I","IC"
"25D05",6.5,"date",3,0.0379632268817664,0.0126544089605888,78.834516762121,0.00000278329074021018,"I","IC"
"25D05",5.9,"date",3,0.0255321326784465,0.00851071089281551,97.605352319353,0.00000121782713719323,"I","IC"
"25D05",3.5,"date",3,0,0,NA,NA,"I","IC"
"25G2A02",8.9,"date",4,0.0405569170683376,0.0101392292670844,6.46246403579754,0.00777714684197023,"I","IC"
"25G2A02",9.2,"date",4,0.0133332437776105,0.00333331094440264,3.03295586612891,0.0704497787234324,"I","IC"
"25G2A02",3.8,"date",4,0.125801806046254,0.0314504515115636,35.7366844715626,0.00000677826415029532,"I","IC"
"25G2A02",4.1,"date",4,0.0644737970751847,0.0161184492687962,51.9000654470697,0.00000118275657024011,"I","IC"
"25G2A02",5,"date",4,0.100001574431637,0.0250003936079091,10.7989642846933,0.00118786773477904,"I","IC"
"25G2A02",3.2,"date",4,0.00252327477566686,0.000630818693916714,0.999999999999999,0.451555049341686,"I","IC"
"25G2A02",6.8,"date",4,0.0243919806549142,0.00609799516372855,12.4152990314526,0.000682893053386866,"I","IC"
"25G2A02",7.1,"date",4,0.00449579710268033,0.00112394927567008,3.10674464317879,0.0664584146476933,"I","IC"
"25G2A02",8,"date",4,0.0279898909298505,0.00699747273246264,4.63692629008728,0.0224070293970355,"I","IC"
"25G2A02",8.3,"date",4,0.0090966870962205,0.00227417177405512,2.37261172915872,0.122115929370948,"I","IC"
"25G2A02",9.5,"date",4,0.00147029478509719,0.000367573696274298,0.816811539101549,0.542822699156348,"I","IC"
"25G2A02",6.5,"date",4,0.0202737254860591,0.00506843137151477,12.0655489040576,0.000765917227776882,"I","IC"
"25G2A02",7.7,"date",4,0.0148829979956859,0.00372074949892147,3.99439330716744,0.0344478988997391,"I","IC"
"25G2A02",10.1,"date",4,0.0931152042939379,0.0232788010734845,1.98094627306124,0.173544936665839,"I","IC"
"25G2A02",5.3,"date",4,0.0873422711667628,0.0218355677916907,33.8274302494327,0.00000873029553974939,"I","IC"
"25G2A02",5.6,"date",4,0.0787341749037911,0.0196835437259478,13.6686012464195,0.00046193588658008,"I","IC"
"25G2A02",8.6,"date",4,0.0588313036007096,0.0147078259001774,8.91718616550214,0.00246920840832173,"I","IC"
"25G2A02",3.5,"date",4,0.00109816878046782,0.000274542195116955,1,0.451555049341685,"I","IC"
"25G2A02",9.8,"date",4,0.0955858792188392,0.0238964698047098,0.829695800436486,0.535880934154479,"I","IC"
"25G2A02",4.4,"date",4,0.0749825583067797,0.0187456395766949,14.2044931666764,0.000394305921654241,"I","IC"
"25G2A02",4.7,"date",4,0.0835913856170813,0.0208978464042703,12.4093410329003,0.00068421422204049,"I","IC"
"25G2A02",5.9,"date",4,0.0146291137664765,0.00365727844161912,7.90107389946669,0.00384935151588295,"I","IC"
"25G2A02",7.4,"date",4,0.0138087973889597,0.00345219934723992,8.48503118354753,0.00296835868392623,"I","IC"
"25G2A02",6.2,"date",4,0.0259031850905913,0.00647579627264782,16.6157520078128,0.000204540489755899,"I","IC"
"25G3B04",6.5,"date",1,0.000553330421328225,0.000553330421328225,3.23668987460903,0.3229670799434,"I","IC"
"25G3B04",8,"date",1,0.00536025543634052,0.00536025543634052,27.6839700963149,0.11956851313452,"I","IC"
"25G3B04",8.3,"date",1,0.00776691612949967,0.00776691612949967,80.4463986952853,0.0706865719631952,"I","IC"
"25G3B04",4.4,"date",1,0.00227840331949074,0.00227840331949074,2.363963012985,0.36711025967552,"I","IC"
"25G3B04",3.2,"date",1,0,0,NA,NA,"I","IC"
"25G3B04",6.8,"date",1,0.00300070940011536,0.00300070940011536,18.5939816246289,0.145072144272502,"I","IC"
"25G3B04",6.2,"date",1,0.00114539421802438,0.00114539421802438,14.1450728982188,0.165441256595137,"I","IC"
"25G3B04",4.1,"date",1,0.0130727756439352,0.0130727756439352,72448083137723125606245187190784,0.0000000000000000747939850777126,"I","IC"
"25G3B04",7.7,"date",1,0.000652687217919996,0.000652687217919996,0.503496912772779,0.607127052479634,"I","IC"
"25G3B04",5.3,"date",1,0.0039927889429237,0.0039927889429237,24.6949649940435,0.126419532308503,"I","IC"
"25G3B04",7.1,"date",1,0.000884257664226056,0.000884257664226056,78.4433893641458,0.0715758632730706,"I","IC"
"25G3B04",5.6,"date",1,0.00156968802312983,0.00156968802312983,8.98786794814699,0.204961611360398,"I","IC"
"25G3B04",8.6,"date",1,0.00275952367059472,0.00275952367059472,31.6902209687043,0.111920759620207,"I","IC"
"25G3B04",3.5,"date",1,0,0,NA,NA,"I","IC"
"25G3B04",5.9,"date",1,0.0000175233274699607,0.0000175233274699607,0.243098916181464,0.708381882680093,"I","IC"
"25G3B04",3.8,"date",1,0,0,NA,NA,"I","IC"
"25G3B04",9.5,"date",1,0,0,NA,NA,"I","IC"
"25G3B04",9.8,"date",1,0,0,NA,NA,"I","IC"
"25G3B04",10.1,"date",1,0,0,NA,NA,"I","IC"
"25G3B04",7.4,"date",1,0.00401765678612464,0.00401765678612464,38.2172726115951,0.102095031942394,"I","IC"
"25G3B04",5,"date",1,0.00178825287765715,0.00178825287765715,1060.48911332977,0.0195429699323165,"I","IC"
"25G3B04",4.7,"date",1,0.00371673430383231,0.00371673430383231,0.624220700829625,0.5743174404057,"I","IC"
"25G3B04",8.9,"date",1,0.00616131840557163,0.00616131840557163,0.242732598385729,0.708572226442317,"I","IC"
"25G3B04",9.2,"date",1,0,0,NA,NA,"I","IC"
"25G4A05",8.3,"date",1,0.0000141726375996531,0.0000141726375996531,104.690532259424,0.0620225076355141,"II",NA
"25G4A05",7.4,"date",1,0.000136805518489844,0.000136805518489844,0.333333333333333,0.666666666666667,"II",NA
"25G4A05",7.1,"date",1,0.00219159553678893,0.00219159553678893,65005192386578755961769555591692288,0.000000000000000002496928457271,"II",NA
"25G4A05",4.4,"date",1,0.00053821066585901,0.00053821066585901,0.333333333333334,0.666666666666667,"II",NA
"25G4A05",8,"date",1,0,0,NA,NA,"II",NA
"25G4A05",3.5,"date",1,0.000544901136415013,0.000544901136415013,546180089530078872496078304837632,0.000000000000000027240319106988,"II",NA
"25G4A05",4.1,"date",1,0.000174937983974828,0.000174937983974828,0.333333333333333,0.666666666666667,"II",NA
"25G4A05",7.7,"date",1,0.00000115063528383496,0.00000115063528383496,0.333333333333333,0.666666666666667,"II",NA
"25G4A05",8.9,"date",1,0.00000432993548128136,0.00000432993548128136,6.68303697398911,0.234973902326338,"II",NA
"25G4A05",8.6,"date",1,0.00000120505538150313,0.00000120505538150313,0.333333333333333,0.666666666666667,"II",NA
"25G4A05",9.2,"date",1,0,0,NA,NA,"II",NA
"25G4A05",5.6,"date",1,0.0275715272471507,0.0275715272471507,4154623270760712749628330229104640,0.00000000000000000987675539539447,"II",NA
"25G4A05",5.3,"date",1,0,0,NA,NA,"II",NA
"25G4A05",6.8,"date",1,0,0,NA,NA,"II",NA
"25G4A05",6.5,"date",1,0,0,NA,NA,"II",NA
"25G4A05",5,"date",1,0,0,NA,NA,"II",NA
"25G4A05",3.8,"date",1,0,0,NA,NA,"II",NA
"25G4A05",9.5,"date",1,0,0,NA,NA,"II",NA
"25G4A05",4.7,"date",1,0.00222397388777992,0.00222397388777992,0.333333333333333,0.666666666666667,"II",NA
"25G4A05",3.2,"date",1,0,0,NA,NA,"II",NA
"25G4A05",10.1,"date",1,0,0,NA,NA,"II",NA
"25G4A05",5.9,"date",1,0,0,NA,NA,"II",NA
"25G4A05",9.8,"date",1,0,0,NA,NA,"II",NA
"25G4A05",6.2,"date",1,0,0,NA,NA,"II",NA
"25G4B06",9.8,"date",1,0,0,NA,NA,"IV","IVD"
"25G4B06",3.8,"date",1,0,0,NA,NA,"IV","IVD"
"25G4B06",7.1,"date",1,0,0,NA,NA,"IV","IVD"
"25G4B06",8.9,"date",1,0,0,NA,NA,"IV","IVD"
"25G4B06",10.1,"date",1,0,0,NA,NA,"IV","IVD"
"25G4B06",7.7,"date",1,0,0,NA,NA,"IV","IVD"
"25G4B06",6.8,"date",1,0.00780772197074378,0.00780772197074378,1896637314890876066162769302682337280,0.000000000000000000000000000000000000527248932702526,"IV","IVD"
"25G4B06",6.5,"date",1,0,0,NA,NA,"IV","IVD"
"25G4B06",8.6,"date",1,0,0,NA,NA,"IV","IVD"
"25G4B06",3.5,"date",1,0,0,NA,NA,"IV","IVD"
"25G4B06",3.2,"date",1,0,0,NA,NA,"IV","IVD"
"25G4B06",9.2,"date",1,0,0,NA,NA,"IV","IVD"
"25G4B06",5.6,"date",1,0,0,NA,NA,"IV","IVD"
"25G4B06",9.5,"date",1,0,0,NA,NA,"IV","IVD"
"25G4B06",7.4,"date",1,0,0,NA,NA,"IV","IVD"
"25G4B06",8.3,"date",1,0,0,NA,NA,"IV","IVD"
"25G4B06",5.3,"date",1,0,0,NA,NA,"IV","IVD"
"25G4B06",5,"date",1,0,0,NA,NA,"IV","IVD"
"25G4B06",8,"date",1,0,0,NA,NA,"IV","IVD"
"25G4B06",6.2,"date",1,0.0120948233023716,0.0120948233023716,409873271987874900414554821361664,0.00000000000000000000000000000000243977850800084,"IV","IVD"
"25G4B06",4.7,"date",1,0,0,NA,NA,"IV","IVD"
"25G4B06",4.4,"date",1,0,0,NA,NA,"IV","IVD"
"25G4B06",5.9,"date",1,0,0,NA,NA,"IV","IVD"
"25G4B06",4.1,"date",1,0,0,NA,NA,"IV","IVD"
"26G1B04",8.9,"date",2,0.0117519562371743,0.00587597811858714,NA,NA,"I","IC"
"26G1B04",6.5,"date",2,0.0372744994306709,0.0186372497153354,NA,NA,"I","IC"
"26G1B04",6.2,"date",2,0.0375688594548387,0.0187844297274194,NA,NA,"I","IC"
"26G1B04",7.7,"date",2,0.000497750845701013,0.000248875422850507,NA,NA,"I","IC"
"26G1B04",6.8,"date",2,0.0335655059429012,0.0167827529714506,NA,NA,"I","IC"
"26G1B04",7.4,"date",2,0.000457030524097767,0.000228515262048884,NA,NA,"I","IC"
"26G1B04",7.1,"date",2,0.0140170351920043,0.00700851759600214,NA,NA,"I","IC"
"26G1B04",4.7,"date",2,0.0157845320275999,0.00789226601379995,NA,NA,"I","IC"
"26G1B04",9.2,"date",2,0.0194642627528299,0.00973213137641495,NA,NA,"I","IC"
"26G1B04",3.2,"date",2,0,0,NA,NA,"I","IC"
"26G1B04",3.5,"date",2,0,0,NA,NA,"I","IC"
"26G1B04",9.8,"date",2,0.0152015235998134,0.00760076179990672,NA,NA,"I","IC"
"26G1B04",9.5,"date",2,0.0204527732520578,0.0102263866260289,NA,NA,"I","IC"
"26G1B04",4.1,"date",2,0.0159813827357902,0.00799069136789509,NA,NA,"I","IC"
"26G1B04",8,"date",2,0.00324568580894552,0.00162284290447276,NA,NA,"I","IC"
"26G1B04",5,"date",2,0.0214790548724524,0.0107395274362262,NA,NA,"I","IC"
"26G1B04",3.8,"date",2,0.00430250601295792,0.00215125300647896,NA,NA,"I","IC"
"26G1B04",8.6,"date",2,0.0223365674081976,0.0111682837040988,NA,NA,"I","IC"
"26G1B04",5.9,"date",2,0.046086663508133,0.0230433317540665,NA,NA,"I","IC"
"26G1B04",10.1,"date",2,0.00625713593163518,0.00312856796581759,NA,NA,"I","IC"
"26G1B04",4.4,"date",2,0.00874599438442978,0.00437299719221489,NA,NA,"I","IC"
"26G1B04",8.3,"date",2,0.000696216481292258,0.000348108240646129,NA,NA,"I","IC"
"26G1B04",5.3,"date",2,0.0319763298481031,0.0159881649240516,NA,NA,"I","IC"
"26G1B04",5.6,"date",2,0.0444402658917442,0.0222201329458721,NA,NA,"I","IC"
"26G2A07",3.8,"date",3,0.0757512611821059,0.0252504203940353,709.663780877732,0.0000895713590962291,"IV","IVB"
"26G2A07",10.1,"date",3,0.00550084812855663,0.00183361604285221,78.4886288769901,0.00238641214078376,"IV","IVB"
"26G2A07",9.8,"date",3,0.0106127464316114,0.00353758214387045,234.649404729211,0.00046870077501466,"IV","IVB"
"26G2A07",5.3,"date",3,0.0088710618177213,0.0029570206059071,28.6322614210596,0.0104173027354212,"IV","IVB"
"26G2A07",5.6,"date",3,0.0332220262724549,0.011074008757485,19.4035350134762,0.0181467939731032,"IV","IVB"
"26G2A07",4.1,"date",3,0.0832130569365767,0.0277376856455256,106.867088769531,0.00151113708393119,"IV","IVB"
"26G2A07",4.4,"date",3,0.0573724015099982,0.0191241338366661,510.596110441321,0.000146623360926848,"IV","IVB"
"26G2A07",3.5,"date",3,0.0376715384240349,0.0125571794746783,47.6650767944996,0.00496966643272969,"IV","IVB"
"26G2A07",5.9,"date",3,0.0548154271967625,0.0182718090655875,94.8398213970552,0.00180370595766354,"IV","IVB"
"26G2A07",3.2,"date",3,0.000000000107832837126984,0.0000000000359442790423279,0.714285714285714,0.605610009105132,"IV","IVB"
"26G2A07",8.6,"date",3,0.0430543868636889,0.0143514622878963,1.57391905403395,0.359235013751444,"IV","IVB"
"26G2A07",6.2,"date",3,0.0337000657083085,0.0112333552361028,81.1092843125787,0.00227335522326837,"IV","IVB"
"26G2A07",6.5,"date",3,0.0166309239798089,0.00554364132660297,14.2845436989196,0.0278456213216856,"IV","IVB"
"26G2A07",7.7,"date",3,0.00272217302383819,0.000907391007946065,0.487329780961122,0.715011299630843,"IV","IVB"
"26G2A07",8,"date",3,0.0294997096337309,0.00983323654457695,5.30364623542235,0.102006484135345,"IV","IVB"
"26G2A07",4.7,"date",3,0.0424623689996996,0.0141541229998999,264.693887839466,0.00039154847061134,"IV","IVB"
"26G2A07",9.5,"date",3,0.0214586772805767,0.00715289242685888,26.9970362699598,0.0113363064117164,"IV","IVB"
"26G2A07",5,"date",3,0.0205323190342432,0.00684410634474772,325.786453794723,0.000287113550544598,"IV","IVB"
"26G2A07",8.3,"date",3,0.0362375888819802,0.0120791962939934,1.30767601462405,0.415373403458413,"IV","IVB"
"26G2A07",6.8,"date",3,0.0683274279053141,0.0227758093017714,130.005029049072,0.00112958748219552,"IV","IVB"
"26G2A07",7.4,"date",3,0.0308931293015838,0.0102977097671946,4.1401514512063,0.136852570870821,"IV","IVB"
"26G2A07",8.9,"date",3,0.0712145835609503,0.0237381945203168,24.1326223555016,0.0133118696543215,"IV","IVB"
"26G2A07",9.2,"date",3,0.0223798392108975,0.00745994640363251,73.0677475821595,0.0026523953194721,"IV","IVB"
"26G2A07",7.1,"date",3,0.0215386203226297,0.00717954010754324,40.7326238745422,0.00625156112906699,"IV","IVB"
"26G3B03",6.2,"date",7,0.191564941710735,0.0273664202443907,11.8658334522141,0.000672122021440359,"IV","IVC"
"26G3B03",3.8,"date",7,0.095954241786226,0.0137077488266037,78.7125769802084,0.000000237092431116317,"IV","IVC"
"26G3B03",6.5,"date",7,0.239554181006105,0.034222025858015,23.6480010179445,0.000041769468288604,"IV","IVC"
"26G3B03",5.3,"date",7,0.084912512337919,0.012130358905417,9.9777280530276,0.00130157537220873,"IV","IVC"
"26G3B03",4.7,"date",7,0.0672189770905546,0.00960271101293638,42.9856478604005,0.00000330751007303549,"IV","IVC"
"26G3B03",5,"date",7,0.0558625646887831,0.00798036638411188,13.9993437329869,0.000352111310969755,"IV","IVC"
"26G3B03",6.8,"date",7,0.200507521376284,0.0286439316251835,46.3102035407817,0.00000239790800666049,"IV","IVC"
"26G3B03",7.1,"date",7,0.119129449298339,0.0170184927569056,44.5765163896825,0.00000282761980848443,"IV","IVC"
"26G3B03",8.3,"date",7,0.0683450685832445,0.00976358122617779,9.01031988989345,0.00190317870733256,"IV","IVC"
"26G3B03",8.6,"date",7,0.15227283921412,0.0217532627448743,40.2346859098101,0.00000439670441777049,"IV","IVC"
"26G3B03",8,"date",7,0.0826173693921822,0.0118024813417403,38.5441181559929,0.00000528651054335952,"IV","IVC"
"26G3B03",5.9,"date",7,0.0798754813949843,0.0114107830564263,11.4632912315537,0.000767769520914256,"IV","IVC"
"26G3B03",7.7,"date",7,0.0841380988793006,0.0120197284113287,19.5069818611165,0.0000925252425694213,"IV","IVC"
"26G3B03",7.4,"date",7,0.125430004280989,0.0179185720401412,22.3218209730625,0.0000530871164574372,"IV","IVC"
"26G3B03",4.4,"date",7,0.0916425475059852,0.013091792500855,11.4568206165594,0.000769438089505892,"IV","IVC"
"26G3B03",9.8,"date",7,0.0353797694560049,0.00505425277942927,0.821480646632934,0.59326793756286,"IV","IVC"
"26G3B03",10.1,"date",7,0.211402183040594,0.030200311862942,5.27498690545293,0.012250384515884,"IV","IVC"
"26G3B03",3.5,"date",7,0.00326085520258435,0.00046583645751205,1.13445378151261,0.419921759223666,"IV","IVC"
"26G3B03",8.9,"date",7,0.0463056733124625,0.00661509618749465,6.04650473900105,0.00780244020068981,"IV","IVC"
"26G3B03",9.2,"date",7,0.0339758255366256,0.00485368936237508,93.0143459148749,0.000000113675676785818,"IV","IVC"
"26G3B03",9.5,"date",7,0.029742005718023,0.00424885795971757,107.39054100099,0.0000000602536832148757,"IV","IVC"
"26G3B03",4.1,"date",7,0.0971890969579376,0.0138841567082768,43.6534120025938,0.0000030948204327791,"IV","IVC"
"26G3B03",3.2,"date",7,0.0000436907481419223,0.00000624153544884604,0.491680320895925,0.819236844230935,"IV","IVC"
"26G3B03",5.6,"date",7,0.125483117069911,0.0179261595814159,8.04696960151517,0.0028755776583332,"IV","IVC"
"26G4B12",4.4,"date",5,0.0232295002525598,0.00464590005051196,29.3926514977802,0.00000245454767032922,"II","IIG"
"26G4B12",5.6,"date",5,0.0201688134107905,0.00403376268215809,4.82718435445154,0.0119123131688899,"II","IIG"
"26G4B12",8.3,"date",5,0.00000499730113717187,0.000000999460227434375,1,0.458196699514247,"II","IIG"
"26G4B12",5.3,"date",5,0.00738609049775061,0.00147721809955012,1.26744626614165,0.339200079874019,"II","IIG"
"26G4B12",3.8,"date",5,0.0525862379073228,0.0105172475814646,6.5208027110535,0.00375490508004413,"II","IIG"
"26G4B12",4.1,"date",5,0.0190749552649881,0.00381499105299762,23.0501089849566,0.00000908813117837059,"II","IIG"
"26G4B12",4.7,"date",5,0.00150702849656898,0.000301405699313795,0.866397115628802,0.530987574309155,"II","IIG"
"26G4B12",8.6,"date",5,0.0000461782483064316,0.00000923564966128631,1.17663840476995,0.375795398322839,"II","IIG"
"26G4B12",5,"date",5,0.0230874986286801,0.00461749972573602,14.1558221155912,0.000111538003243433,"II","IIG"
"26G4B12",8,"date",5,0,0,NA,NA,"II","IIG"
"26G4B12",6.2,"date",5,0.0105394393693443,0.00210788787386887,2.13788680965479,0.130388427659167,"II","IIG"
"26G4B12",5.9,"date",5,0.02468344892056,0.00493668978411201,11.1707185202392,0.000350666729373197,"II","IIG"
"26G4B12",7.7,"date",5,0,0,NA,NA,"II","IIG"
"26G4B12",6.8,"date",5,0.0239627515399216,0.00479255030798433,3.46155960030039,0.0362077904962829,"II","IIG"
"26G4B12",3.2,"date",5,0.00000963234874759524,0.00000192646974951905,1,0.458196699514247,"II","IIG"
"26G4B12",7.1,"date",5,0.0139332984353366,0.00278665968706732,2.27768841594583,0.112690631434486,"II","IIG"
"26G4B12",3.5,"date",5,0.0141364929380457,0.00282729858760913,1.12418223956746,0.398671837091205,"II","IIG"
"26G4B12",8.9,"date",5,0,0,NA,NA,"II","IIG"
"26G4B12",9.5,"date",5,0.000273724659874739,0.0000547449319749477,0.961994096954941,0.477971859377468,"II","IIG"
"26G4B12",9.2,"date",5,0.00002864612982206,0.000005729225964412,0.963048464372652,0.477413262227216,"II","IIG"
"26G4B12",10.1,"date",5,0.0014396696879334,0.000287933937586679,1.56053209007024,0.244044926890943,"II","IIG"
"26G4B12",7.4,"date",5,0.00268967506859812,0.000537935013719623,1,0.458196699514246,"II","IIG"
"26G4B12",9.8,"date",5,0.000588664320939637,0.000117732864187927,3.38439914381305,0.0387843269343269,"II","IIG"
"26G4B12",6.5,"date",5,0.0584865842504216,0.0116973168500843,9.186095715113,0.000864349425900826,"II","IIG"
"28D03",5.6,"date",6,0.0131569617543231,0.00219282695905385,6.91113505085392,0.00408903062817584,"UND",NA
"28D03",8,"date",6,0.229606981563126,0.038267830260521,3322.51926527862,0.00000000000000066477323417777,"UND",NA
"28D03",4.7,"date",6,0.00755425946214744,0.00125904324369124,7.18482704693421,0.00353636893236292,"UND",NA
"28D03",4.1,"date",6,0.0056332033186995,0.000938867219783249,11.5719432851609,0.00053229577817647,"UND",NA
"28D03",7.1,"date",6,0.163471254486124,0.0272452090810207,67.7147370666108,0.000000161320237914806,"UND",NA
"28D03",5.3,"date",6,0.00818437412147749,0.00136406235357958,6.60985215354582,0.0048213978437353,"UND",NA
"28D03",4.4,"date",6,0.0145142130328902,0.00241903550548171,38.1640513998424,0.00000250934501478538,"UND",NA
"28D03",5,"date",6,0.0136263915235767,0.00227106525392945,19.5137520238841,0.0000553275053248243,"UND",NA
"28D03",3.2,"date",6,0,0,NA,NA,"UND",NA
"28D03",6.5,"date",6,0.0178959238609829,0.00298265397683049,9.87316229811846,0.00102167366430714,"UND",NA
"28D03",7.7,"date",6,0.218857461945751,0.0364762436576251,2646.934715784,0.0000000000000020697812295041,"UND",NA
"28D03",6.8,"date",6,0.0186719222734258,0.00311198704557097,6.8711684565894,0.00417811945238497,"UND",NA
"28D03",5.9,"date",6,0.0117340250010533,0.00195567083350888,4.85770734383005,0.0141827579193819,"UND",NA
"28D03",9.8,"date",6,0.00959489649502759,0.00159914941583793,0.542503261617442,0.765554332897892,"UND",NA
"28D03",10.1,"date",6,0.0408944866589177,0.00681574777648629,0.665817431504162,0.679810017868703,"UND",NA
"28D03",7.4,"date",6,0.278752626974064,0.046458771162344,21.6665430913497,0.0000345410582356078,"UND",NA
"28D03",3.8,"date",6,0.0247833044642242,0.00413055074403736,4.11164253061697,0.0242612121745944,"UND",NA
"28D03",8.9,"date",6,0.0374253921700446,0.0062375653616741,450.790591779754,0.0000000000141548408466536,"UND",NA
"28D03",9.5,"date",6,0,0,NA,NA,"UND",NA
"28D03",6.2,"date",6,0.0203557850772864,0.0033926308462144,8.4245340239713,0.0019206506303127,"UND",NA
"28D03",3.5,"date",6,0.0470851344542892,0.0078475224090482,145.537568860641,0.0000000038337915376427,"UND",NA
"28D03",8.6,"date",6,0.160354013718282,0.0267256689530469,5.81983370910712,0.00762911008746199,"UND",NA
"28D03",8.3,"date",6,0.118881654480373,0.0198136090800621,57254.5445442209,0.000000000000000000000438862973667486,"UND",NA
"28D03",9.2,"date",6,0.103207130532653,0.0172011884221088,943.245242051207,0.000000000000357461121453496,"UND",NA
"28D04",3.8,"date",1,0,0,NA,NA,"III","IIIF"
"28D04",4.4,"date",1,0.000149002118789396,0.000149002118789396,NA,NA,"III","IIIF"
"28D04",5,"date",1,0.0000338006472981831,0.0000338006472981831,NA,NA,"III","IIIF"
"28D04",9.8,"date",1,0,0,NA,NA,"III","IIIF"
"28D04",4.7,"date",1,0.000326195193479747,0.000326195193479747,NA,NA,"III","IIIF"
"28D04",9.2,"date",1,0.0000233638010729349,0.0000233638010729349,NA,NA,"III","IIIF"
"28D04",7.1,"date",1,0.00254397354055569,0.00254397354055569,NA,NA,"III","IIIF"
"28D04",4.1,"date",1,0,0,NA,NA,"III","IIIF"
"28D04",6.8,"date",1,0.0019565966868988,0.0019565966868988,NA,NA,"III","IIIF"
"28D04",7.4,"date",1,0.00670552618403878,0.00670552618403878,NA,NA,"III","IIIF"
"28D04",7.7,"date",1,0.0103834237527709,0.0103834237527709,NA,NA,"III","IIIF"
"28D04",5.3,"date",1,0.0000196871523861824,0.0000196871523861824,NA,NA,"III","IIIF"
"28D04",8.9,"date",1,0.000676916020634641,0.000676916020634641,NA,NA,"III","IIIF"
"28D04",3.5,"date",1,0,0,NA,NA,"III","IIIF"
"28D04",9.5,"date",1,0,0,NA,NA,"III","IIIF"
"28D04",3.2,"date",1,0,0,NA,NA,"III","IIIF"
"28D04",5.9,"date",1,0.00181197649279601,0.00181197649279601,NA,NA,"III","IIIF"
"28D04",10.1,"date",1,0,0,NA,NA,"III","IIIF"
"28D04",6.2,"date",1,0.000232039772856507,0.000232039772856507,NA,NA,"III","IIIF"
"28D04",6.5,"date",1,0.00147300609865156,0.00147300609865156,NA,NA,"III","IIIF"
"28D04",8,"date",1,0.0051960853866257,0.0051960853866257,NA,NA,"III","IIIF"
"28D04",8.3,"date",1,0.00270548512001522,0.00270548512001522,NA,NA,"III","IIIF"
"28D04",8.6,"date",1,0.00415995023896166,0.00415995023896166,NA,NA,"III","IIIF"
"28D04",5.6,"date",1,0.000828270544682362,0.000828270544682362,NA,NA,"III","IIIF"
"28D10",7.4,"date",1,0.00294749669083754,0.00294749669083754,NA,NA,"III","IIIF"
"28D10",10.1,"date",1,0,0,NA,NA,"III","IIIF"
"28D10",6.8,"date",1,0.0106235947638932,0.0106235947638932,NA,NA,"III","IIIF"
"28D10",3.8,"date",1,0,0,NA,NA,"III","IIIF"
"28D10",7.7,"date",1,0.00640563888782337,0.00640563888782337,NA,NA,"III","IIIF"
"28D10",6.5,"date",1,0.00496403356938871,0.00496403356938871,NA,NA,"III","IIIF"
"28D10",5.9,"date",1,0.00744701109414952,0.00744701109414952,NA,NA,"III","IIIF"
"28D10",9.8,"date",1,0,0,NA,NA,"III","IIIF"
"28D10",7.1,"date",1,0.00227754722488087,0.00227754722488087,NA,NA,"III","IIIF"
"28D10",9.2,"date",1,0,0,NA,NA,"III","IIIF"
"28D10",9.5,"date",1,0,0,NA,NA,"III","IIIF"
"28D10",6.2,"date",1,0.00378931086198942,0.00378931086198942,NA,NA,"III","IIIF"
"28D10",3.2,"date",1,0,0,NA,NA,"III","IIIF"
"28D10",5.6,"date",1,0.00429599922360547,0.00429599922360547,NA,NA,"III","IIIF"
"28D10",8.6,"date",1,0,0,NA,NA,"III","IIIF"
"28D10",8.9,"date",1,0,0,NA,NA,"III","IIIF"
"28D10",8.3,"date",1,0.00212973645073612,0.00212973645073612,NA,NA,"III","IIIF"
"28D10",4.4,"date",1,0.015129905787991,0.015129905787991,NA,NA,"III","IIIF"
"28D10",4.1,"date",1,0,0,NA,NA,"III","IIIF"
"28D10",8,"date",1,0.000516370085353326,0.000516370085353326,NA,NA,"III","IIIF"
"28D10",3.5,"date",1,0,0,NA,NA,"III","IIIF"
"28D10",4.7,"date",1,0.0160277319041333,0.0160277319041333,NA,NA,"III","IIIF"
"28D10",5,"date",1,0.00311608336834751,0.00311608336834751,NA,NA,"III","IIIF"
"28D10",5.3,"date",1,0.00339430775951564,0.00339430775951564,NA,NA,"III","IIIF"
"28G1A01",9.8,"date",4,0.0000364893817653687,0.00000912234544134218,0.605223485804404,0.673699223746289,"III","IIIA"
"28G1A01",3.5,"date",4,0,0,NA,NA,"III","IIIA"
"28G1A01",4.7,"date",4,0.0127352791088885,0.00318381977722212,1.87279601233166,0.234493258719172,"III","IIIA"
"28G1A01",9.5,"date",4,0,0,NA,NA,"III","IIIA"
"28G1A01",5,"date",4,0.0231110698385837,0.00577776745964593,3.41352653747427,0.0877467173552125,"III","IIIA"
"28G1A01",5.3,"date",4,0.0204384398269433,0.00510960995673583,45.4735577710819,0.000127129291910405,"III","IIIA"
"28G1A01",5.6,"date",4,0.00268737328251569,0.000671843320628923,0.270430636304308,0.886885755523269,"III","IIIA"
"28G1A01",3.8,"date",4,0.00000938446575889006,0.00000234611643972251,1.59746886350796,0.289278480186076,"III","IIIA"
"28G1A01",6.8,"date",4,0.106240052950714,0.0265600132376786,7.06249645478919,0.0186792279273647,"III","IIIA"
"28G1A01",7.1,"date",4,0.0278653164308571,0.00696632910771428,1.45455398453851,0.324124066193535,"III","IIIA"
"28G1A01",8.9,"date",4,0,0,NA,NA,"III","IIIA"
"28G1A01",9.2,"date",4,0.0000581779236287752,0.0000145444809071938,0.545454545454545,0.709866666666667,"III","IIIA"
"28G1A01",4.4,"date",4,0.00440625582254723,0.00110156395563681,1.61349048098707,0.285671631926956,"III","IIIA"
"28G1A01",4.1,"date",4,0.0020176404675197,0.000504410116879925,1.65811734456189,0.275919988029994,"III","IIIA"
"28G1A01",10.1,"date",4,0,0,NA,NA,"III","IIIA"
"28G1A01",3.2,"date",4,0.00336738151024677,0.000841845377561691,0.545454545454546,0.709866666666667,"III","IIIA"
"28G1A01",5.9,"date",4,0.0701978911821485,0.0175494727955371,49.5720569668219,0.0000991083561525326,"III","IIIA"
"28G1A01",6.2,"date",4,0.0265114289495809,0.00662785723739522,4.67472560421682,0.0468954703886346,"III","IIIA"
"28G1A01",6.5,"date",4,0.0404235756531434,0.0101058939132858,1.44099169330943,0.327696976728181,"III","IIIA"
"28G1A01",8.3,"date",4,0,0,NA,NA,"III","IIIA"
"28G1A01",8.6,"date",4,0,0,NA,NA,"III","IIIA"
"28G1A01",7.4,"date",4,0.00000280814880123164,0.000000702037200307911,0.545454545454545,0.709866666666667,"III","IIIA"
"28G1A01",7.7,"date",4,0,0,NA,NA,"III","IIIA"
"28G1A01",8,"date",4,0,0,NA,NA,"III","IIIA"
"28G1A08",10.1,"date",1,0,0,NA,NA,"IV","IVA"
"28G1A08",5.6,"date",1,0.00162337093225582,0.00162337093225582,NA,NA,"IV","IVA"
"28G1A08",9.2,"date",1,0,0,NA,NA,"IV","IVA"
"28G1A08",5.3,"date",1,0,0,NA,NA,"IV","IVA"
"28G1A08",9.8,"date",1,0,0,NA,NA,"IV","IVA"
"28G1A08",8.6,"date",1,0,0,NA,NA,"IV","IVA"
"28G1A08",8.9,"date",1,0.00212531463132815,0.00212531463132815,NA,NA,"IV","IVA"
"28G1A08",5,"date",1,0,0,NA,NA,"IV","IVA"
"28G1A08",6.2,"date",1,0.00123240811502811,0.00123240811502811,NA,NA,"IV","IVA"
"28G1A08",9.5,"date",1,0,0,NA,NA,"IV","IVA"
"28G1A08",3.5,"date",1,0,0,NA,NA,"IV","IVA"
"28G1A08",6.5,"date",1,0.00238539182069799,0.00238539182069799,NA,NA,"IV","IVA"
"28G1A08",8,"date",1,0.00433206142193383,0.00433206142193383,NA,NA,"IV","IVA"
"28G1A08",3.8,"date",1,0,0,NA,NA,"IV","IVA"
"28G1A08",3.2,"date",1,0,0,NA,NA,"IV","IVA"
"28G1A08",4.1,"date",1,0,0,NA,NA,"IV","IVA"
"28G1A08",4.7,"date",1,0.00205143513406626,0.00205143513406626,NA,NA,"IV","IVA"
"28G1A08",5.9,"date",1,0,0,NA,NA,"IV","IVA"
"28G1A08",8.3,"date",1,0,0,NA,NA,"IV","IVA"
"28G1A08",7.7,"date",1,0,0,NA,NA,"IV","IVA"
"28G1A08",7.1,"date",1,0.000607751378105682,0.000607751378105682,NA,NA,"IV","IVA"
"28G1A08",4.4,"date",1,0,0,NA,NA,"IV","IVA"
"28G1A08",7.4,"date",1,0.00286486212386689,0.00286486212386689,NA,NA,"IV","IVA"
"28G1A08",6.8,"date",1,0.000248883551398359,0.000248883551398359,NA,NA,"IV","IVA"
"28G3A07",3.5,"date",1,0,0,NA,NA,"UND",NA
"28G3A07",3.8,"date",1,0,0,NA,NA,"UND",NA
"28G3A07",9.2,"date",1,0,0,NA,NA,"UND",NA
"28G3A07",6.5,"date",1,0,0,NA,NA,"UND",NA
"28G3A07",8,"date",1,0,0,NA,NA,"UND",NA
"28G3A07",8.3,"date",1,0,0,NA,NA,"UND",NA
"28G3A07",6.2,"date",1,0.000490324876979548,0.000490324876979548,NA,NA,"UND",NA
"28G3A07",8.6,"date",1,0,0,NA,NA,"UND",NA
"28G3A07",4.1,"date",1,0,0,NA,NA,"UND",NA
"28G3A07",7.4,"date",1,0,0,NA,NA,"UND",NA
"28G3A07",7.7,"date",1,0,0,NA,NA,"UND",NA
"28G3A07",3.2,"date",1,0,0,NA,NA,"UND",NA
"28G3A07",5.9,"date",1,0.000366488011462863,0.000366488011462863,NA,NA,"UND",NA
"28G3A07",10.1,"date",1,0,0,NA,NA,"UND",NA
"28G3A07",6.8,"date",1,0.00488525087165023,0.00488525087165023,NA,NA,"UND",NA
"28G3A07",7.1,"date",1,0.00285179157189919,0.00285179157189919,NA,NA,"UND",NA
"28G3A07",4.4,"date",1,0,0,NA,NA,"UND",NA
"28G3A07",5.6,"date",1,0.000481283681905141,0.000481283681905141,NA,NA,"UND",NA
"28G3A07",5.3,"date",1,0,0,NA,NA,"UND",NA
"28G3A07",8.9,"date",1,0,0,NA,NA,"UND",NA
"28G3A07",9.5,"date",1,0,0,NA,NA,"UND",NA
"28G3A07",9.8,"date",1,0,0,NA,NA,"UND",NA
"28G3A07",5,"date",1,0,0,NA,NA,"UND",NA
"28G3A07",4.7,"date",1,0,0,NA,NA,"UND",NA
"28G4A05",3.2,"date",3,0.000000855560361730033,0.000000285186787243344,0.443602136814628,0.73054344453553,"IV","IVB"
"28G4A05",5.9,"date",3,0,0,NA,NA,"IV","IVB"
"28G4A05",3.5,"date",3,0.000039790556759165,0.0000132635189197217,1.6,0.285322359396433,"IV","IVB"
"28G4A05",4.4,"date",3,0,0,NA,NA,"IV","IVB"
"28G4A05",9.2,"date",3,0,0,NA,NA,"IV","IVB"
"28G4A05",7.7,"date",3,0,0,NA,NA,"IV","IVB"
"28G4A05",8,"date",3,0,0,NA,NA,"IV","IVB"
"28G4A05",8.9,"date",3,0,0,NA,NA,"IV","IVB"
"28G4A05",6.2,"date",3,0,0,NA,NA,"IV","IVB"
"28G4A05",4.1,"date",3,0,0,NA,NA,"IV","IVB"
"28G4A05",9.8,"date",3,0.0000000993781685062657,0.0000000331260561687552,0.25,0.858710562414266,"IV","IVB"
"28G4A05",10.1,"date",3,0,0,NA,NA,"IV","IVB"
"28G4A05",3.8,"date",3,0,0,NA,NA,"IV","IVB"
"28G4A05",8.6,"date",3,0,0,NA,NA,"IV","IVB"
"28G4A05",4.7,"date",3,0,0,NA,NA,"IV","IVB"
"28G4A05",7.4,"date",3,0.00000938648500286342,0.00000312882833428781,1.77980672452932,0.250814448623058,"IV","IVB"
"28G4A05",8.3,"date",3,0,0,NA,NA,"IV","IVB"
"28G4A05",5.6,"date",3,0,0,NA,NA,"IV","IVB"
"28G4A05",5.3,"date",3,0,0,NA,NA,"IV","IVB"
"28G4A05",7.1,"date",3,0,0,NA,NA,"IV","IVB"
"28G4A05",6.5,"date",3,0,0,NA,NA,"IV","IVB"
"28G4A05",9.5,"date",3,0.00000404697958685967,0.00000134899319561989,0.575136497658847,0.6521108862812,"IV","IVB"
"28G4A05",5,"date",3,0,0,NA,NA,"IV","IVB"
"28G4A05",6.8,"date",3,0,0,NA,NA,"IV","IVB"
"28G4A10",4.1,"date",3,0.0240517346155572,0.00801724487185239,3.03652776888636,0.193010315474376,"I","IB"
"28G4A10",6.5,"date",3,0.109026180839586,0.0363420602798621,13.6474944814683,0.029655332315284,"I","IB"
"28G4A10",3.8,"date",3,0.0657620463018187,0.0219206821006062,188.680306937061,0.000648824757338975,"I","IB"
"28G4A10",4.4,"date",3,0.0050058759911811,0.0016686253303937,0.988190629637522,0.503781344883361,"I","IB"
"28G4A10",6.2,"date",3,0.0425931574653417,0.0141977191551139,68.6535395714781,0.00290773394096154,"I","IB"
"28G4A10",5.3,"date",3,0.00746661522434581,0.0024888717414486,8.6541509606712,0.0548023696010717,"I","IB"
"28G4A10",7.4,"date",3,0.0137641840814152,0.00458806136047172,279.321418260924,0.000361325909830429,"I","IB"
"28G4A10",5.9,"date",3,0.0421776885026778,0.0140592295008926,67.2439121672019,0.002998020305695,"I","IB"
"28G4A10",10.1,"date",3,0,0,NA,NA,"I","IB"
"28G4A10",5.6,"date",3,0.0201902703087327,0.00673009010291088,10.8691206194158,0.040450842742138,"I","IB"
"28G4A10",6.8,"date",3,0.0595673842722641,0.0198557947574214,28.7532273849854,0.0103542736622204,"I","IB"
"28G4A10",5,"date",3,0.00681303713434504,0.00227101237811501,5.19324236232771,0.10464688354132,"I","IB"
"28G4A10",3.2,"date",3,0,0,NA,NA,"I","IB"
"28G4A10",8.3,"date",3,0.0000872520040593303,0.0000290840013531101,189147310023091758575822730952704,0.000000000000000000000000000000000000000000000000652602301824311,"I","IB"
"28G4A10",8.6,"date",3,0.000196374484511503,0.0000654581615038344,44345598330634502464258531393536,0.00000000000000000000000000000000000000000000000574874542274805,"I","IB"
"28G4A10",3.5,"date",3,0,0,NA,NA,"I","IB"
"28G4A10",4.7,"date",3,0.00428960287331501,0.00142986762443834,6.21914255197269,0.0837903495359099,"I","IB"
"28G4A10",7.1,"date",3,0.0191948164133092,0.00639827213776975,3015.57053151775,0.0000102455536876393,"I","IB"
"28G4A10",9.8,"date",3,0,0,NA,NA,"I","IB"
"28G4A10",7.7,"date",3,0,0,NA,NA,"I","IB"
"28G4A10",8,"date",3,0.00000246702588901666,0.000000822341963005554,329033687529000657998910054203392,0.000000000000000000000000000000000000000000000000284438453170634,"I","IB"
"28G4A10",8.9,"date",3,0,0,NA,NA,"I","IB"
"28G4A10",9.5,"date",3,0,0,NA,NA,"I","IB"
"28G4A10",9.2,"date",3,0.00053563846032917,0.000178546153443057,32177786521552647335204230266880,0.00000000000000000000000000000000000000000000000930067794060357,"I","IB"
"28G4B03",5,"date",2,0.0239935236532489,0.0119967618266244,10848.8276046947,0.000000000805643363233299,"V",NA
"28G4B03",3.8,"date",2,0,0,NA,NA,"V",NA
"28G4B03",9.2,"date",2,0,0,NA,NA,"V",NA
"28G4B03",4.7,"date",2,0.0199874646931202,0.00999373234656008,2107.97587893834,0.0000000482946518326319,"V",NA
"28G4B03",9.5,"date",2,0,0,NA,NA,"V",NA
"28G4B03",10.1,"date",2,0,0,NA,NA,"V",NA
"28G4B03",6.5,"date",2,0.0198861642129084,0.00994308210645418,3458.01814530518,0.0000000140280464300655,"V",NA
"28G4B03",7.4,"date",2,0,0,NA,NA,"V",NA
"28G4B03",4.4,"date",2,0.019716848692602,0.00985842434630101,737.062269140742,0.00000066437480737451,"V",NA
"28G4B03",4.1,"date",2,0.0201803367710529,0.0100901683855265,517.992319193595,0.00000159887388451035,"V",NA
"28G4B03",3.2,"date",2,0,0,NA,NA,"V",NA
"28G4B03",5.3,"date",2,0.0119953093021632,0.00599765465108158,1.32530937043671,0.345289689962865,"V",NA
"28G4B03",5.6,"date",2,0.0396478406184034,0.0198239203092017,3861.65751030649,0.0000000106466498174448,"V",NA
"28G4B03",8.9,"date",2,0,0,NA,NA,"V",NA
"28G4B03",6.8,"date",2,0.0160041532093316,0.00800207660466579,186.517573320929,0.0000201184521120541,"V",NA
"28G4B03",9.8,"date",2,0,0,NA,NA,"V",NA
"28G4B03",7.1,"date",2,0.00187856847511789,0.000939284237558944,0.760803547127069,0.514681353977889,"V",NA
"28G4B03",7.7,"date",2,0,0,NA,NA,"V",NA
"28G4B03",8,"date",2,0,0,NA,NA,"V",NA
"28G4B03",8.3,"date",2,0,0,NA,NA,"V",NA
"28G4B03",8.6,"date",2,0,0,NA,NA,"V",NA
"28G4B03",6.2,"date",2,0.0252464665034558,0.0126232332517279,3038.92303741844,0.0000000193712632749974,"V",NA
"28G4B03",5.9,"date",2,0.0413560494694033,0.0206780247347017,8450.23340257869,0.00000000150437841189837,"V",NA
"28G4B03",3.5,"date",2,0,0,NA,NA,"V",NA
"30G3A09",3.2,"date",3,0,0,NA,NA,"I","IA"
"30G3A09",10.1,"date",3,0,0,NA,NA,"I","IA"
"30G3A09",9.8,"date",3,0.00609787626528677,0.00203262542176226,160756811187931361139037109747712,0.00000000000000000000000000000000622057623941636,"I","IA"
"30G3A09",3.8,"date",3,0,0,NA,NA,"I","IA"
"30G3A09",6.8,"date",3,0.0139578842264975,0.00465262807549916,21.1796025979267,0.0454233932390735,"I","IA"
"30G3A09",4.1,"date",3,0.137752578713719,0.0459175262379064,15.6432324122745,0.0606815865434291,"I","IA"
"30G3A09",6.5,"date",3,0.00379214827218488,0.00126404942406163,1.98213035101738,0.352670648704262,"I","IA"
"30G3A09",4.4,"date",3,0.0292479887834132,0.00974932959447108,25.1570250001435,0.038473117985957,"I","IA"
"30G3A09",7.1,"date",3,0.00485328376446163,0.00161776125482054,0.618182999890215,0.66626856767281,"I","IA"
"30G3A09",4.7,"date",3,0.0235954756946972,0.00786515856489907,10.6560167176841,0.0870052194204461,"I","IA"
"30G3A09",6.2,"date",3,0.00372931968398432,0.00124310656132811,7.13236605016681,0.125440578250622,"I","IA"
"30G3A09",5.6,"date",3,0.111929793568025,0.0373099311893418,788.882287480606,0.00126627851768713,"I","IA"
"30G3A09",9.2,"date",3,0.000717639705589258,0.000239213235196419,4415103641322019148631300374528,0.000000000000000000000000000000226495249316632,"I","IA"
"30G3A09",8.9,"date",3,0.0318592748293327,0.0106197582764442,43478533214728593660282721533952,0.0000000000000000000000000000000229998559303111,"I","IA"
"30G3A09",5.9,"date",3,0.0452260437766723,0.0150753479255574,267.604911026644,0.00372524920474274,"I","IA"
"30G3A09",8.3,"date",3,0.0137504974113737,0.00458349913712458,6.60742909500347,0.134274428288198,"I","IA"
"30G3A09",7.4,"date",3,0.0478429040189916,0.0159476346729972,23.3789063882203,0.0412980946139482,"I","IA"
"30G3A09",9.5,"date",3,0.0130903584648212,0.00436345282160706,37271181917298156172162094858240,0.0000000000000000000000000000000268303807005346,"I","IA"
"30G3A09",5.3,"date",3,0.0427422365843998,0.0142474121947999,6.31628986315492,0.139731401651259,"I","IA"
"30G3A09",3.5,"date",3,0,0,NA,NA,"I","IA"
"30G3A09",7.7,"date",3,0.00546686432201826,0.00182228810733942,6.59174245581548,0.134557575651437,"I","IA"
"30G3A09",8,"date",3,0.0362454578442755,0.0120818192814252,14.7030914287127,0.0643521188071771,"I","IA"
"30G3A09",5,"date",3,0.00371906994901313,0.00123968998300438,1.87012495269735,0.367036384865093,"I","IA"
"30G3A09",8.6,"date",3,0.0014065976041558,0.000468865868051933,1.21261531249684,0.481681573841103,"I","IA"
"32G2B05",7.4,"date",1,0,0,NA,NA,"III","IIIA"
"32G2B05",7.1,"date",1,0.0000244264965033311,0.0000244264965033311,NA,NA,"III","IIIA"
"32G2B05",4.1,"date",1,0,0,NA,NA,"III","IIIA"
"32G2B05",6.5,"date",1,0.0000886047266188378,0.0000886047266188378,NA,NA,"III","IIIA"
"32G2B05",5,"date",1,0.0000173356223594387,0.0000173356223594387,NA,NA,"III","IIIA"
"32G2B05",6.8,"date",1,0.000445847404193435,0.000445847404193435,NA,NA,"III","IIIA"
"32G2B05",5.3,"date",1,0.000606195037117443,0.000606195037117443,NA,NA,"III","IIIA"
"32G2B05",7.7,"date",1,0,0,NA,NA,"III","IIIA"
"32G2B05",8,"date",1,0,0,NA,NA,"III","IIIA"
"32G2B05",10.1,"date",1,0,0,NA,NA,"III","IIIA"
"32G2B05",4.7,"date",1,0.00573195192443521,0.00573195192443521,NA,NA,"III","IIIA"
"32G2B05",8.6,"date",1,0,0,NA,NA,"III","IIIA"
"32G2B05",3.5,"date",1,0,0,NA,NA,"III","IIIA"
"32G2B05",8.3,"date",1,0,0,NA,NA,"III","IIIA"
"32G2B05",4.4,"date",1,0,0,NA,NA,"III","IIIA"
"32G2B05",9.5,"date",1,0,0,NA,NA,"III","IIIA"
"32G2B05",6.2,"date",1,0.016018395497376,0.016018395497376,NA,NA,"III","IIIA"
"32G2B05",3.8,"date",1,0,0,NA,NA,"III","IIIA"
"32G2B05",5.6,"date",1,0.00346144799027849,0.00346144799027849,NA,NA,"III","IIIA"
"32G2B05",3.2,"date",1,0,0,NA,NA,"III","IIIA"
"32G2B05",9.8,"date",1,0,0,NA,NA,"III","IIIA"
"32G2B05",5.9,"date",1,0.0239514390355944,0.0239514390355944,NA,NA,"III","IIIA"
"32G2B05",8.9,"date",1,0,0,NA,NA,"III","IIIA"
"32G2B05",9.2,"date",1,0,0,NA,NA,"III","IIIA"
"32G4A01",9.2,"date",1,0,0,NA,NA,"III","IIIA"
"32G4A01",9.5,"date",1,0,0,NA,NA,"III","IIIA"
"32G4A01",9.8,"date",1,0,0,NA,NA,"III","IIIA"
"32G4A01",10.1,"date",1,0,0,NA,NA,"III","IIIA"
"32G4A01",4.1,"date",1,0,0,NA,NA,"III","IIIA"
"32G4A01",3.8,"date",1,0,0,NA,NA,"III","IIIA"
"32G4A01",8.9,"date",1,0,0,NA,NA,"III","IIIA"
"32G4A01",6.5,"date",1,0.000443138319258805,0.000443138319258805,NA,NA,"III","IIIA"
"32G4A01",5.3,"date",1,0.00880297715766064,0.00880297715766064,NA,NA,"III","IIIA"
"32G4A01",6.8,"date",1,0.000135648972191959,0.000135648972191959,NA,NA,"III","IIIA"
"32G4A01",4.7,"date",1,0,0,NA,NA,"III","IIIA"
"32G4A01",6.2,"date",1,0.00165748485581912,0.00165748485581912,NA,NA,"III","IIIA"
"32G4A01",5,"date",1,0,0,NA,NA,"III","IIIA"
"32G4A01",4.4,"date",1,0,0,NA,NA,"III","IIIA"
"32G4A01",3.5,"date",1,0,0,NA,NA,"III","IIIA"
"32G4A01",5.6,"date",1,0.00510100296261727,0.00510100296261727,NA,NA,"III","IIIA"
"32G4A01",7.1,"date",1,0,0,NA,NA,"III","IIIA"
"32G4A01",5.9,"date",1,0.00321696724327411,0.00321696724327411,NA,NA,"III","IIIA"
"32G4A01",3.2,"date",1,0,0,NA,NA,"III","IIIA"
"32G4A01",8.6,"date",1,0,0,NA,NA,"III","IIIA"
"32G4A01",8,"date",1,0,0,NA,NA,"III","IIIA"
"32G4A01",7.7,"date",1,0,0,NA,NA,"III","IIIA"
"32G4A01",8.3,"date",1,0,0,NA,NA,"III","IIIA"
"32G4A01",7.4,"date",1,0,0,NA,NA,"III","IIIA"
"32G4B12",8.3,"date",2,0.00120097897266774,0.000600489486333871,NA,NA,"I","IB"
"32G4B12",7.7,"date",2,0.000878387838018943,0.000439193919009471,NA,NA,"I","IB"
"32G4B12",8,"date",2,0.00134956050894751,0.000674780254473753,NA,NA,"I","IB"
"32G4B12",5,"date",2,0.000979627749435994,0.000489813874717997,NA,NA,"I","IB"
"32G4B12",10.1,"date",2,0.00541158384312985,0.00270579192156492,NA,NA,"I","IB"
"32G4B12",3.5,"date",2,0,0,NA,NA,"I","IB"
"32G4B12",3.8,"date",2,0,0,NA,NA,"I","IB"
"32G4B12",5.3,"date",2,0.020163420828278,0.010081710414139,NA,NA,"I","IB"
"32G4B12",8.6,"date",2,0.00238106014884222,0.00119053007442111,NA,NA,"I","IB"
"32G4B12",8.9,"date",2,0.00177254122774994,0.000886270613874968,NA,NA,"I","IB"
"32G4B12",5.6,"date",2,0.0928464024463119,0.0464232012231559,NA,NA,"I","IB"
"32G4B12",9.5,"date",2,0.00778982971606711,0.00389491485803356,NA,NA,"I","IB"
"32G4B12",7.4,"date",2,0.000575329664109017,0.000287664832054509,NA,NA,"I","IB"
"32G4B12",6.5,"date",2,0.0368375387244766,0.0184187693622383,NA,NA,"I","IB"
"32G4B12",4.1,"date",2,0.0799674847220175,0.0399837423610087,NA,NA,"I","IB"
"32G4B12",4.4,"date",2,0.041192697569888,0.020596348784944,NA,NA,"I","IB"
"32G4B12",9.8,"date",2,0.00211936845274986,0.00105968422637493,NA,NA,"I","IB"
"32G4B12",3.2,"date",2,0,0,NA,NA,"I","IB"
"32G4B12",9.2,"date",2,0.00510542211534315,0.00255271105767158,NA,NA,"I","IB"
"32G4B12",6.8,"date",2,0.0138483159037303,0.00692415795186517,NA,NA,"I","IB"
"32G4B12",7.1,"date",2,0.00248064814309148,0.00124032407154574,NA,NA,"I","IB"
"32G4B12",6.2,"date",2,0.00546555263875768,0.00273277631937884,NA,NA,"I","IB"
"32G4B12",4.7,"date",2,0.0220888337765061,0.011044416888253,NA,NA,"I","IB"
"32G4B12",5.9,"date",2,0.0476699958047036,0.0238349979023518,NA,NA,"I","IB"
"33D06",4.7,"date",2,0.0101290509119459,0.00506452545597294,NA,NA,"III","IIIF"
"33D06",6.5,"date",2,0.00508959662400836,0.00254479831200418,NA,NA,"III","IIIF"
"33D06",9.2,"date",2,0.0127196928622653,0.00635984643113266,NA,NA,"III","IIIF"
"33D06",10.1,"date",2,0,0,NA,NA,"III","IIIF"
"33D06",3.2,"date",2,0,0,NA,NA,"III","IIIF"
"33D06",5.3,"date",2,0.0198509184263135,0.00992545921315675,NA,NA,"III","IIIF"
"33D06",6.2,"date",2,0.0344677979329441,0.017233898966472,NA,NA,"III","IIIF"
"33D06",8.9,"date",2,0.027041578097806,0.013520789048903,NA,NA,"III","IIIF"
"33D06",9.5,"date",2,0.00202846300585514,0.00101423150292757,NA,NA,"III","IIIF"
"33D06",4.4,"date",2,0.00440926951498607,0.00220463475749303,NA,NA,"III","IIIF"
"33D06",4.1,"date",2,0.00879064043096822,0.00439532021548411,NA,NA,"III","IIIF"
"33D06",3.8,"date",2,0,0,NA,NA,"III","IIIF"
"33D06",5.9,"date",2,0.0128224324494568,0.00641121622472841,NA,NA,"III","IIIF"
"33D06",9.8,"date",2,0,0,NA,NA,"III","IIIF"
"33D06",6.8,"date",2,0.0240834415919139,0.012041720795957,NA,NA,"III","IIIF"
"33D06",5.6,"date",2,0.0575203773133626,0.0287601886566813,NA,NA,"III","IIIF"
"33D06",3.5,"date",2,0,0,NA,NA,"III","IIIF"
"33D06",8.6,"date",2,0.0477232907766459,0.0238616453883229,NA,NA,"III","IIIF"
"33D06",8,"date",2,0.00784576848985184,0.00392288424492592,NA,NA,"III","IIIF"
"33D06",8.3,"date",2,0.0296560300876133,0.0148280150438066,NA,NA,"III","IIIF"
"33D06",7.1,"date",2,0.0242140529018222,0.0121070264509111,NA,NA,"III","IIIF"
"33D06",7.4,"date",2,0.0120324581536967,0.00601622907684833,NA,NA,"III","IIIF"
"33D06",7.7,"date",2,0.0339752492726971,0.0169876246363486,NA,NA,"III","IIIF"
"33D06",5,"date",2,0.0114631781415614,0.00573158907078072,NA,NA,"III","IIIF"
"33G1A03",8.6,"date",2,0,0,NA,NA,"II","IIG"
"33G1A03",3.5,"date",2,0.0250502548552807,0.0125251274276403,1.09056392911579,0.560672735334245,"II","IIG"
"33G1A03",8.9,"date",2,0.000886810122846481,0.000443405061423241,48656707943377690925742289846272,0.000000000000000101370979128222,"II","IIG"
"33G1A03",3.2,"date",2,0,0,NA,NA,"II","IIG"
"33G1A03",8.3,"date",2,0.000365269057588865,0.000182634528794432,24858541769470198834051262971904,0.000000000000000141823166521033,"II","IIG"
"33G1A03",7.7,"date",2,0,0,NA,NA,"II","IIG"
"33G1A03",5.3,"date",2,0.00267569875046328,0.00133784937523164,29.471469685976,0.129160876155108,"II","IIG"
"33G1A03",8,"date",2,0.000911441635552283,0.000455720817776141,0.807314154757088,0.618436367273772,"II","IIG"
"33G1A03",7.4,"date",2,0.0157957745150285,0.00789788725751424,13.7251249209236,0.187480868928153,"II","IIG"
"33G1A03",6.5,"date",2,0.00134496550909405,0.000672482754547025,13.010236703136,0.192377166220123,"II","IIG"
"33G1A03",7.1,"date",2,0.0338992844206912,0.0169496422103456,60098.7968350673,0.0028843655961553,"II","IIG"
"33G1A03",9.2,"date",2,0.000115984269868234,0.0000579921349341171,54519824518068826430481773887488,0.0000000000000000957652126819816,"II","IIG"
"33G1A03",6.8,"date",2,0.0112408584678174,0.00562042923390872,57.049009937399,0.0932107653392073,"II","IIG"
"33G1A03",9.5,"date",2,0.0000157685743830779,0.00000788428719153893,18810669909296694315765846769664,0.000000000000000163035759486436,"II","IIG"
"33G1A03",5,"date",2,0.000374444711941916,0.000187222355970958,6.09756610317961,0.275291705932454,"II","IIG"
"33G1A03",6.2,"date",2,0.0000796056376513628,0.0000398028188256814,2.88756831555924,0.384185501291369,"II","IIG"
"33G1A03",4.4,"date",2,0.00297438219907816,0.00148719109953908,145.788386633682,0.0584628626708862,"II","IIG"
"33G1A03",5.6,"date",2,0.0036401351424649,0.00182006757123245,NA,NA,"II","IIG"
"33G1A03",5.9,"date",2,0.00129604184475049,0.000648020922375246,24.5509898735281,0.141277355336166,"II","IIG"
"33G1A03",9.8,"date",2,0.0000136207051736585,0.00000681035258682923,1827961059989437030183485833216000,0.0000000000000000165387061958828,"II","IIG"
"33G1A03",4.7,"date",2,0.00175301639831498,0.00087650819915749,22.1308623812147,0.148639573439394,"II","IIG"
"33G1A03",10.1,"date",2,0,0,NA,NA,"II","IIG"
"33G1A03",3.8,"date",2,0.0254823505866834,0.0127411752933417,3935.05203365503,0.0112715118715607,"II","IIG"
"33G1A03",4.1,"date",2,0.00852289783902682,0.00426144891951341,1264.67415849792,0.0198797008933388,"II","IIG"
"33G4B03",9.8,"date",2,0.0434570821453138,0.0217285410726569,876.822814002383,0.00113918205821122,"I","IC"
"33G4B03",9.2,"date",2,0.037978172527087,0.0189890862635435,14.9544320541284,0.0626785081792514,"I","IC"
"33G4B03",9.5,"date",2,0.0348218312699914,0.0174109156349957,172.23548815171,0.00577248928997881,"I","IC"
"33G4B03",10.1,"date",2,0.0373963242027689,0.0186981621013844,4.49693633268779,0.18191951652295,"I","IC"
"33G4B03",3.8,"date",2,0.0436728773527938,0.0218364386763969,8433.13786762273,0.000118565764005215,"I","IC"
"33G4B03",3.5,"date",2,0,0,NA,NA,"I","IC"
"33G4B03",4.1,"date",2,0.0294735891510754,0.0147367945755377,164.639536457337,0.00603720597985109,"I","IC"
"33G4B03",8.9,"date",2,0.0286633083860859,0.014331654193043,384.646495016174,0.00259304833033179,"I","IC"
"33G4B03",3.2,"date",2,0,0,NA,NA,"I","IC"
"33G4B03",4.7,"date",2,0.0245791750148081,0.012289587507404,66.5500558401976,0.0148038367631507,"I","IC"
"33G4B03",8.6,"date",2,0.0428663216111914,0.0214331608055957,12.7558167723716,0.0726965193378042,"I","IC"
"33G4B03",7.4,"date",2,0.0494850609706878,0.0247425304853439,49.8958584146203,0.0196479641202543,"I","IC"
"33G4B03",7.7,"date",2,0.0372630381722009,0.0186315190861005,24.5303290786134,0.0391690995020387,"I","IC"
"33G4B03",8.3,"date",2,0.0105083374336349,0.00525416871681744,66.0061231318026,0.0149240092287234,"I","IC"
"33G4B03",4.4,"date",2,0.0231254909955923,0.0115627454977962,70.488519841618,0.0139882599641941,"I","IC"
"33G4B03",8,"date",2,0.0240919109882512,0.0120459554941256,11.9792999730622,0.0770457576352688,"I","IC"
"33G4B03",5,"date",2,0.0353006888268414,0.0176503444134207,125.752633441118,0.00788938243610174,"I","IC"
"33G4B03",5.3,"date",2,0.0418489937113487,0.0209244968556744,63.5276896330807,0.0154972230632498,"I","IC"
"33G4B03",5.6,"date",2,0.0496247573141859,0.0248123786570929,50.544189875519,0.0194008287338502,"I","IC"
"33G4B03",6.8,"date",2,0.125222386031219,0.0626111930156097,46.2310595200425,0.0211725083062269,"I","IC"
"33G4B03",5.9,"date",2,0.048079324981398,0.024039662490699,42.3444335147807,0.02307101325154,"I","IC"
"33G4B03",6.2,"date",2,0.0512712237602724,0.0256356118801362,50.6916956959518,0.0193454671303869,"I","IC"
"33G4B03",6.5,"date",2,0.101972240044393,0.0509861200221967,809.499121674203,0.00123380762946955,"I","IC"
"33G4B03",7.1,"date",2,0.0812262731888324,0.0406131365944162,1520.58198230743,0.000657210726485821,"I","IC"
"35D01",8.6,"date",2,0,0,NA,NA,"III","IIIE"
"35D01",9.2,"date",2,0,0,NA,NA,"III","IIIE"
"35D01",3.8,"date",2,0.0180546844267483,0.00902734221337415,NA,NA,"III","IIIE"
"35D01",3.5,"date",2,0,0,NA,NA,"III","IIIE"
"35D01",8,"date",2,0,0,NA,NA,"III","IIIE"
"35D01",6.2,"date",2,0.0196283837741823,0.00981419188709116,NA,NA,"III","IIIE"
"35D01",8.3,"date",2,0,0,NA,NA,"III","IIIE"
"35D01",8.9,"date",2,0,0,NA,NA,"III","IIIE"
"35D01",5.9,"date",2,0.0163437454698684,0.00817187273493421,NA,NA,"III","IIIE"
"35D01",3.2,"date",2,0,0,NA,NA,"III","IIIE"
"35D01",6.8,"date",2,0.0188509704186108,0.00942548520930539,NA,NA,"III","IIIE"
"35D01",7.1,"date",2,0.0200518634378389,0.0100259317189195,NA,NA,"III","IIIE"
"35D01",9.5,"date",2,0,0,NA,NA,"III","IIIE"
"35D01",7.7,"date",2,0,0,NA,NA,"III","IIIE"
"35D01",4.1,"date",2,0.0338332711042847,0.0169166355521423,NA,NA,"III","IIIE"
"35D01",4.4,"date",2,0.0305742823454862,0.0152871411727431,NA,NA,"III","IIIE"
"35D01",7.4,"date",2,0.013517692379914,0.00675884618995699,NA,NA,"III","IIIE"
"35D01",4.7,"date",2,0.0274786385655437,0.0137393192827718,NA,NA,"III","IIIE"
"35D01",9.8,"date",2,0,0,NA,NA,"III","IIIE"
"35D01",5.3,"date",2,0.0057870365919173,0.00289351829595865,NA,NA,"III","IIIE"
"35D01",5.6,"date",2,0.0154230770542984,0.00771153852714918,NA,NA,"III","IIIE"
"35D01",6.5,"date",2,0.0162539775128493,0.00812698875642463,NA,NA,"III","IIIE"
"35D01",10.1,"date",2,0,0,NA,NA,"III","IIIE"
"35D01",5,"date",2,0.00689948747103727,0.00344974373551863,NA,NA,"III","IIIE"
"35D04",7.4,"date",1,0,0,NA,NA,"I","IB"
"35D04",7.7,"date",1,0,0,NA,NA,"I","IB"
"35D04",8,"date",1,0,0,NA,NA,"I","IB"
"35D04",7.1,"date",1,0.0281209214825948,0.0281209214825948,NA,NA,"I","IB"
"35D04",3.5,"date",1,0,0,NA,NA,"I","IB"
"35D04",8.9,"date",1,0,0,NA,NA,"I","IB"
"35D04",4.7,"date",1,0,0,NA,NA,"I","IB"
"35D04",5,"date",1,0,0,NA,NA,"I","IB"
"35D04",5.6,"date",1,0.0015822795015193,0.0015822795015193,NA,NA,"I","IB"
"35D04",9.8,"date",1,0,0,NA,NA,"I","IB"
"35D04",4.1,"date",1,0,0,NA,NA,"I","IB"
"35D04",9.2,"date",1,0,0,NA,NA,"I","IB"
"35D04",5.3,"date",1,0,0,NA,NA,"I","IB"
"35D04",8.6,"date",1,0,0,NA,NA,"I","IB"
"35D04",3.2,"date",1,0,0,NA,NA,"I","IB"
"35D04",4.4,"date",1,0,0,NA,NA,"I","IB"
"35D04",9.5,"date",1,0,0,NA,NA,"I","IB"
"35D04",8.3,"date",1,0,0,NA,NA,"I","IB"
"35D04",10.1,"date",1,0,0,NA,NA,"I","IB"
"35D04",3.8,"date",1,0,0,NA,NA,"I","IB"
"35D04",6.8,"date",1,0,0,NA,NA,"I","IB"
"35D04",6.2,"date",1,0.00206371288817289,0.00206371288817289,NA,NA,"I","IB"
"35D04",6.5,"date",1,0,0,NA,NA,"I","IB"
"35D04",5.9,"date",1,0.00120049188599975,0.00120049188599975,NA,NA,"I","IB"
"35G1A08",5.3,"date",3,0.00966347964104678,0.00322115988034893,10.3731478424972,0.223488925670266,"II",NA
"35G1A08",5,"date",3,0.00439948943722113,0.00146649647907371,9.33738225421463,0.23502007213157,"II",NA
"35G1A08",8.3,"date",3,0,0,NA,NA,"II",NA
"35G1A08",7.1,"date",3,0.00712036883021488,0.00237345627673829,0.2,0.888632845285916,"II",NA
"35G1A08",5.6,"date",3,0.0112588239837363,0.00375294132791211,1825.43216609697,0.0172033798096766,"II",NA
"35G1A08",4.4,"date",3,0.0032234221263331,0.00107447404211103,525.750143680052,0.0320461817238564,"II",NA
"35G1A08",9.8,"date",3,0.00000274668963877061,0.000000915563212923536,0.2,0.888632845285916,"II",NA
"35G1A08",4.1,"date",3,0.0188322795656523,0.00627742652188409,2002.77647275635,0.0164242318589732,"II",NA
"35G1A08",5.9,"date",3,0.00485256486432098,0.00161752162144033,419485244971981679506726120849408,0.0000000000000000358914617778044,"II",NA
"35G1A08",6.8,"date",3,0.000696896435138518,0.000232298811712839,0.2,0.888632845285916,"II",NA
"35G1A08",6.5,"date",3,0.00168600200623387,0.000562000668744624,45715522187157976203001663062016,0.000000000000000108722054062809,"II",NA
"35G1A08",8,"date",3,0,0,NA,NA,"II",NA
"35G1A08",10.1,"date",3,0,0,NA,NA,"II",NA
"35G1A08",3.8,"date",3,0.00097860388802851,0.000326201296009503,1.81399999602828,0.488349834144401,"II",NA
"35G1A08",3.2,"date",3,0,0,NA,NA,"II",NA
"35G1A08",4.7,"date",3,0.0243899002866344,0.00812996676221148,387.390965049633,0.037327228128968,"II",NA
"35G1A08",6.2,"date",3,0.00543942756009109,0.00181314252003036,3.9017480600885,0.352463144172299,"II",NA
"35G1A08",7.4,"date",3,0,0,NA,NA,"II",NA
"35G1A08",7.7,"date",3,0,0,NA,NA,"II",NA
"35G1A08",9.2,"date",3,0,0,NA,NA,"II",NA
"35G1A08",9.5,"date",3,0.000380909128347129,0.000126969709449043,0.2,0.888632845285916,"II",NA
"35G1A08",8.6,"date",3,0,0,NA,NA,"II",NA
"35G1A08",3.5,"date",3,0,0,NA,NA,"II",NA
"35G1A08",8.9,"date",3,0.0000195147453997511,0.00000650491513325037,448918275593254462985428587773952,0.00000000000000003469491663196,"II",NA
"35G1B03",8,"date",3,0,0,NA,NA,"II","IIG"
"35G1B03",7.7,"date",3,0.00184326353889304,0.000614421179631014,80869843908957924977492415741952,0.0000000000000000000000000000000000000000000000000000000000000000000000000000000000000000000000330885879503024,"II","IIG"
"35G1B03",5.6,"date",3,0.0165085279927235,0.00550284266424117,6.15766772706753,0.0291097419328794,"II","IIG"
"35G1B03",8.3,"date",3,0,0,NA,NA,"II","IIG"
"35G1B03",10.1,"date",3,0.067655882689883,0.0225519608966277,48872803196020800081309273686016,0.000000000000000000000000000000000000000000000000000000000000000000000000000000000000000000000149911966108235,"II","IIG"
"35G1B03",8.9,"date",3,0,0,NA,NA,"II","IIG"
"35G1B03",8.6,"date",3,0,0,NA,NA,"II","IIG"
"35G1B03",3.8,"date",3,0.00188895666853885,0.000629652222846282,2.38067716423739,0.168442146987055,"II","IIG"
"35G1B03",5,"date",3,0.0194056757723219,0.00646855859077396,8.11134309111853,0.0156183312643643,"II","IIG"
"35G1B03",5.3,"date",3,0.00848732250221467,0.00282910750073822,5.41643568807036,0.0382963846724951,"II","IIG"
"35G1B03",7.4,"date",3,0,0,NA,NA,"II","IIG"
"35G1B03",4.7,"date",3,0.00368454292081838,0.00122818097360613,4.19109831413035,0.0641400258313492,"II","IIG"
"35G1B03",9.8,"date",3,0.0458906606061096,0.0152968868687032,95989394021875934826517531459584,0.000000000000000000000000000000000000000000000000000000000000000000000000000000000000000000000019786468987483,"II","IIG"
"35G1B03",6.2,"date",3,0.00793441984373351,0.00264480661457784,45.6719069899203,0.000158966023558303,"II","IIG"
"35G1B03",9.2,"date",3,0,0,NA,NA,"II","IIG"
"35G1B03",4.4,"date",3,0.006107823332181,0.002035941110727,5.09989633061634,0.0434003166322361,"II","IIG"
"35G1B03",9.5,"date",3,0.00102818420598449,0.000342728068661497,605486219293609686365342921654272,0.0000000000000000000000000000000000000000000000000000000000000000000000000000000000000000000000000788361231416595,"II","IIG"
"35G1B03",6.5,"date",3,0.000804149004802892,0.000268049668267631,1.6,0.285322359396433,"II","IIG"
"35G1B03",6.8,"date",3,0.000685976629421,0.000228658876473667,12.6424412176284,0.00528058783101097,"II","IIG"
"35G1B03",3.5,"date",3,0.000279235933697005,0.0000930786445656683,1.6,0.285322359396433,"II","IIG"
"35G1B03",4.1,"date",3,0.0013438269360247,0.000447942312008235,3.06808987125431,0.112637835839501,"II","IIG"
"35G1B03",7.1,"date",3,0.00000000504454177600799,0.000000001681513925336,0.249999999999999,0.858710562414267,"II","IIG"
"35G1B03",3.2,"date",3,0,0,NA,NA,"II","IIG"
"35G1B03",5.9,"date",3,0.00506998544503882,0.00168999514834627,33.037501209692,0.000398043241621067,"II","IIG"
"35G2A07",9.5,"date",2,0.000576119215884917,0.000288059607942458,0.66208003958302,0.564439986988123,"I","IC"
"35G2A07",4.1,"date",2,0.0603833656827211,0.0301916828413606,29.7015323922237,0.00398015036914509,"I","IC"
"35G2A07",5,"date",2,0.0214612137329394,0.0107306068664697,7.7463725772734,0.042108907389055,"I","IC"
"35G2A07",5.6,"date",2,0.0380933713158436,0.0190466856579218,21.4511740190525,0.00727328846813555,"I","IC"
"35G2A07",9.8,"date",2,0.0401013117029568,0.0200506558514784,1.38370130802831,0.349362231413558,"I","IC"
"35G2A07",8.9,"date",2,0.0218034382246661,0.0109017191123331,22.7215950118426,0.00654496029460734,"I","IC"
"35G2A07",4.7,"date",2,0.00439251166656861,0.0021962558332843,2.63451838333522,0.186230484431756,"I","IC"
"35G2A07",6.8,"date",2,0.00756675646523993,0.00378337823261996,6.94816855922768,0.0499564625904403,"I","IC"
"35G2A07",5.3,"date",2,0.0101520887358997,0.00507604436794987,4.94581036526543,0.0829113806825491,"I","IC"
"35G2A07",4.4,"date",2,0.0266388042400504,0.0133194021200252,17.2337613860031,0.0108126350176623,"I","IC"
"35G2A07",7.4,"date",2,0.0324841310654126,0.0162420655327063,80.8146423700172,0.000583237889659078,"I","IC"
"35G2A07",9.2,"date",2,0.00493750500101613,0.00246875250050807,0.329405334337303,0.737173746511597,"I","IC"
"35G2A07",3.5,"date",2,0,0,NA,NA,"I","IC"
"35G2A07",6.2,"date",2,0.0503252081313133,0.0251626040656567,53.2965624162903,0.00130816861047464,"I","IC"
"35G2A07",3.8,"date",2,0.132310039112422,0.0661550195562112,20.6182877192273,0.00781880789428323,"I","IC"
"35G2A07",6.5,"date",2,0.011552973541749,0.00577648677087452,15.9447090064943,0.0124218748954055,"I","IC"
"35G2A07",3.2,"date",2,0.00000198803596758975,0.000000994017983794876,0.571428571428571,0.604938271604939,"I","IC"
"35G2A07",10.1,"date",2,0.0000509579943311772,0.0000254789971655886,0.176291000019162,0.844551347580197,"I","IC"
"35G2A07",7.1,"date",2,0.00558083696239051,0.00279041848119525,37.7107409959146,0.00253655339837894,"I","IC"
"35G2A07",8.6,"date",2,0.0701694828626556,0.0350847414313278,28.8590286724738,0.00420044678833972,"I","IC"
"35G2A07",8,"date",2,0.0204659315798791,0.0102329657899396,4.48786985638179,0.0950289065825238,"I","IC"
"35G2A07",5.9,"date",2,0.0135216007167579,0.00676080035837896,39.3815029504801,0.00233586355921654,"I","IC"
"35G2A07",7.7,"date",2,0.00315314572427752,0.00157657286213876,4.09823067662753,0.107560371783247,"I","IC"
"35G2A07",8.3,"date",2,0.00694914945993065,0.00347457472996532,1.72093603559103,0.288905348865905,"I","IC"
"35G2B04",3.5,"date",3,0,0,NA,NA,"UND",NA
"35G2B04",10.1,"date",3,0,0,NA,NA,"UND",NA
"35G2B04",8.6,"date",3,0,0,NA,NA,"UND",NA
"35G2B04",8.9,"date",3,0,0,NA,NA,"UND",NA
"35G2B04",8,"date",3,0.00153734724155273,0.000512449080517576,4.30911370774002,0.0607910029264183,"UND",NA
"35G2B04",9.8,"date",3,0,0,NA,NA,"UND",NA
"35G2B04",7.1,"date",3,0.0146085058137857,0.00486950193792858,34.3155198958428,0.00035776254692727,"UND",NA
"35G2B04",6.5,"date",3,0.0125469334506937,0.00418231115023125,7.63030123707276,0.0179982748656401,"UND",NA
"35G2B04",7.7,"date",3,0.00677066448288006,0.00225688816096002,4.52269277051691,0.0552965775658107,"UND",NA
"35G2B04",8.3,"date",3,0.000942821264159992,0.000314273754719997,10.420135857288,0.00856332701518106,"UND",NA
"35G2B04",5.6,"date",3,0.0572202766379545,0.0190734255459848,0.888395164337509,0.498905964950889,"UND",NA
"35G2B04",4.7,"date",3,0.00364038719148213,0.00121346239716071,2.80220486025213,0.130821571960645,"UND",NA
"35G2B04",5,"date",3,0.00313321038524824,0.00104440346174941,8.40774203567137,0.0143573125090893,"UND",NA
"35G2B04",3.2,"date",3,0,0,NA,NA,"UND",NA
"35G2B04",9.5,"date",3,0,0,NA,NA,"UND",NA
"35G2B04",3.8,"date",3,0.00242377875439172,0.000807926251463907,10.5761076021397,0.00825570790258074,"UND",NA
"35G2B04",6.2,"date",3,0.00614956572534073,0.00204985524178024,1.84044539082852,0.240400839976572,"UND",NA
"35G2B04",5.3,"date",3,0.00239086384880769,0.000796954616269231,1.03948171579156,0.440238186489792,"UND",NA
"35G2B04",7.4,"date",3,0.00476539800904868,0.00158846600301623,0.755975668793751,0.558091227692034,"UND",NA
"35G2B04",5.9,"date",3,0.0120323548223995,0.00401078494079983,0.266639108001071,0.847352595628461,"UND",NA
"35G2B04",9.2,"date",3,0,0,NA,NA,"UND",NA
"35G2B04",4.1,"date",3,0.00916573090027682,0.00305524363342561,34.0305086738682,0.000366257361360572,"UND",NA
"35G2B04",4.4,"date",3,0.00827409258185072,0.00275803086061691,27.5335312412888,0.000661854961923875,"UND",NA
"35G2B04",6.8,"date",3,0.0320345978110962,0.0106781992703654,2.93185210173845,0.121507028856512,"UND",NA
"35G2B08",5,"date",2,0.00375100133954039,0.00187550066977019,163889506486942251625369680478208,0.0000000000000000552343730015326,"UND",NA
"35G2B08",5.3,"date",2,0.0550937598879894,0.0275468799439947,2306525384860420954077638933403674016830181450662442160323788013568,0.00000000000000000000000000000000046559240026463,"UND",NA
"35G2B08",9.2,"date",2,0,0,NA,NA,"UND",NA
"35G2B08",4.7,"date",2,0,0,NA,NA,"UND",NA
"35G2B08",8.6,"date",2,0.0219822889030948,0.0109911444515474,154041085281525712659242939318272,0.0000000000000000569726889348028,"UND",NA
"35G2B08",5.6,"date",2,0.0336251661854726,0.0168125830927363,198889112425383073796009461022720,0.0000000000000000501394421083496,"UND",NA
"35G2B08",3.5,"date",2,0,0,NA,NA,"UND",NA
"35G2B08",9.5,"date",2,0,0,NA,NA,"UND",NA
"35G2B08",4.1,"date",2,0,0,NA,NA,"UND",NA
"35G2B08",7.7,"date",2,0,0,NA,NA,"UND",NA
"35G2B08",4.4,"date",2,0,0,NA,NA,"UND",NA
"35G2B08",8.3,"date",2,0.0172878141916901,0.00864390709584504,15752856315177090350283829018624,0.000000000000000178158007232076,"UND",NA
"35G2B08",8.9,"date",2,0,0,NA,NA,"UND",NA
"35G2B08",5.9,"date",2,0.064828349766094,0.032414174883047,1963414082183163916228901065457664,0.0000000000000000159580217033252,"UND",NA
"35G2B08",8,"date",2,0.0188388815207377,0.00941944076036884,275246932931323265050967428562944,0.0000000000000000426210120531069,"UND",NA
"35G2B08",3.8,"date",2,0,0,NA,NA,"UND",NA
"35G2B08",7.4,"date",2,0.0214083681415237,0.0107041840707618,85614156243330268271964231565312,0.0000000000000000764209112076292,"UND",NA
"35G2B08",10.1,"date",2,0,0,NA,NA,"UND",NA
"35G2B08",3.2,"date",2,0,0,NA,NA,"UND",NA
"35G2B08",6.2,"date",2,0.0546297346498113,0.0273148673249056,312112047267353259560760500027392,0.0000000000000000400248521167566,"UND",NA
"35G2B08",7.1,"date",2,0.0667886736853063,0.0333943368426532,149395621264170117098969717800960,0.0000000000000000578516923299855,"UND",NA
"35G2B08",9.8,"date",2,0,0,NA,NA,"UND",NA
"35G2B08",6.8,"date",2,0.0350191646551153,0.0175095823275576,27772742726018491613741473333248,0.00000000000000013417623971871,"UND",NA
"35G2B08",6.5,"date",2,0.0602397626693476,0.0301198813346738,1754169046158675076968337884839936,0.0000000000000000168829867857875,"UND",NA
"35G3A04",5.3,"date",2,0.027244868534429,0.0136224342672145,2.90451153435285,0.383228321692234,"III","IIID"
"35G3A04",5,"date",2,0.00138028553725833,0.000690142768629163,22443099771983223066507555635200,0.000000000000000149260049769029,"III","IIID"
"35G3A04",8,"date",2,0,0,NA,NA,"III","IIID"
"35G3A04",3.8,"date",2,0,0,NA,NA,"III","IIID"
"35G3A04",4.7,"date",2,0,0,NA,NA,"III","IIID"
"35G3A04",5.6,"date",2,0.0592043874778336,0.0296021937389168,2010509020335004992975954845368320,0.0000000000000000157700107434296,"III","IIID"
"35G3A04",7.4,"date",2,0,0,NA,NA,"III","IIID"
"35G3A04",7.7,"date",2,0,0,NA,NA,"III","IIID"
"35G3A04",3.2,"date",2,0,0,NA,NA,"III","IIID"
"35G3A04",4.1,"date",2,0,0,NA,NA,"III","IIID"
"35G3A04",7.1,"date",2,0.00259316738869597,0.00129658369434798,10313439926239453556716355977216,0.000000000000000220182719047109,"III","IIID"
"35G3A04",4.4,"date",2,0,0,NA,NA,"III","IIID"
"35G3A04",5.9,"date",2,0.0131693988746448,0.00658469943732238,31.8895297990092,0.124246075702122,"III","IIID"
"35G3A04",8.3,"date",2,0,0,NA,NA,"III","IIID"
"35G3A04",9.5,"date",2,0,0,NA,NA,"III","IIID"
"35G3A04",6.8,"date",2,0.0263447020823701,0.0131723510411851,565991108678663897523269836734464,0.0000000000000000297221483681371,"III","IIID"
"35G3A04",6.5,"date",2,0.0864515729112123,0.0432257864556062,1064680.52203385,0.000685291343258996,"III","IIID"
"35G3A04",10.1,"date",2,0,0,NA,NA,"III","IIID"
"35G3A04",9.2,"date",2,0,0,NA,NA,"III","IIID"
"35G3A04",3.5,"date",2,0,0,NA,NA,"III","IIID"
"35G3A04",6.2,"date",2,0.104554078668045,0.0522770393340225,581.74243298324,0.0293044163239442,"III","IIID"
"35G3A04",9.8,"date",2,0,0,NA,NA,"III","IIID"
"35G3A04",8.6,"date",2,0,0,NA,NA,"III","IIID"
"35G3A04",8.9,"date",2,0,0,NA,NA,"III","IIID"
"35G3B04",7.7,"date",3,0.00134525905117073,0.000448419683723578,0.904067637448185,0.48058388601271,"I",NA
"35G3B04",9.8,"date",3,0,0,NA,NA,"I",NA
"35G3B04",5.3,"date",3,0.00438726923040129,0.00146242307680043,16.7934887273774,0.000818733839465733,"I",NA
"35G3B04",6.2,"date",3,0.00985003069019137,0.00328334356339712,8.50656333326262,0.00718008861951846,"I",NA
"35G3B04",3.8,"date",3,0.0127127306080412,0.00423757686934706,3.50927835522224,0.0691097302648039,"I",NA
"35G3B04",10.1,"date",3,0.000457831474792101,0.000152610491597367,0.67501442144469,0.591220148706582,"I",NA
"35G3B04",5,"date",3,0.00608816158122541,0.0020293871937418,8.83589612593204,0.00641411874202083,"I",NA
"35G3B04",7.4,"date",3,0.00573398573494294,0.00191132857831431,6.59022197956917,0.014860521085224,"I",NA
"35G3B04",5.9,"date",3,0.00251905152215675,0.000839683840718918,3.01431746292394,0.0942457907112585,"I",NA
"35G3B04",6.5,"date",3,0.0102999415353078,0.00343331384510259,5.11171879681022,0.0289397557477688,"I",NA
"35G3B04",8,"date",3,0.00232706780144415,0.000775689267148051,1.03933689725594,0.425969753754951,"I",NA
"35G3B04",4.1,"date",3,0.00429326126105758,0.00143108708701919,2.73169010659493,0.113717172167077,"I",NA
"35G3B04",4.4,"date",3,0.00758992888974163,0.00252997629658055,7.45959097650183,0.0105111666590671,"I",NA
"35G3B04",9.5,"date",3,0.000099190378779412,0.0000330634595931373,0.99060726006188,0.444800560920257,"I",NA
"35G3B04",6.8,"date",3,0.0277799120348592,0.00925997067828639,23.7859705443587,0.00024368199582032,"I",NA
"35G3B04",8.9,"date",3,0.000691327087252195,0.000230442362417398,0.483001314616903,0.703249512413305,"I",NA
"35G3B04",9.2,"date",3,0.000174755911836513,0.0000582519706121709,2.17580466663993,0.168759945711454,"I",NA
"35G3B04",7.1,"date",3,0.0229791504880117,0.00765971682933724,9.87295003994084,0.00458406740199397,"I",NA
"35G3B04",5.6,"date",3,0.00445646914332039,0.00148548971444013,20.7270627231053,0.000396087438031031,"I",NA
"35G3B04",4.7,"date",3,0.00535634314031948,0.00178544771343983,7.38522450271286,0.0108149263585326,"I",NA
"35G3B04",3.2,"date",3,0,0,NA,NA,"I",NA
"35G3B04",8.3,"date",3,0.00043864008471861,0.00014621336157287,0.226510013463606,0.87538930952269,"I",NA
"35G3B04",8.6,"date",3,0.00517288071389908,0.00172429357129969,3.62177774367759,0.0646028955631399,"I",NA
"35G3B04",3.5,"date",3,0,0,NA,NA,"I",NA
"35G4A01",4.7,"date",1,0,0,NA,NA,"III","IIIB"
"35G4A01",4.1,"date",1,0,0,NA,NA,"III","IIIB"
"35G4A01",7.7,"date",1,0,0,NA,NA,"III","IIIB"
"35G4A01",3.8,"date",1,0,0,NA,NA,"III","IIIB"
"35G4A01",5.6,"date",1,0,0,NA,NA,"III","IIIB"
"35G4A01",6.5,"date",1,0.00830997489731663,0.00830997489731663,24.7415953797228,0.0381215531419103,"III","IIIB"
"35G4A01",6.2,"date",1,0,0,NA,NA,"III","IIIB"
"35G4A01",7.4,"date",1,0.0160678352867415,0.0160678352867415,166546133173053485120842211786752,0.00000000000000000000000000000000600434234615899,"III","IIIB"
"35G4A01",5.9,"date",1,0,0,NA,NA,"III","IIIB"
"35G4A01",9.8,"date",1,0,0,NA,NA,"III","IIIB"
"35G4A01",3.2,"date",1,0,0,NA,NA,"III","IIIB"
"35G4A01",5.3,"date",1,0,0,NA,NA,"III","IIIB"
"35G4A01",5,"date",1,0,0,NA,NA,"III","IIIB"
"35G4A01",3.5,"date",1,0,0,NA,NA,"III","IIIB"
"35G4A01",4.4,"date",1,0,0,NA,NA,"III","IIIB"
"35G4A01",8.9,"date",1,0,0,NA,NA,"III","IIIB"
"35G4A01",9.2,"date",1,0,0,NA,NA,"III","IIIB"
"35G4A01",10.1,"date",1,0,0,NA,NA,"III","IIIB"
"35G4A01",7.1,"date",1,0,0,NA,NA,"III","IIIB"
"35G4A01",8.3,"date",1,0,0,NA,NA,"III","IIIB"
"35G4A01",8.6,"date",1,0,0,NA,NA,"III","IIIB"
"35G4A01",9.5,"date",1,0,0,NA,NA,"III","IIIB"
"35G4A01",8,"date",1,0,0,NA,NA,"III","IIIB"
"35G4A01",6.8,"date",1,0.0504945679707155,0.0504945679707155,171182488381472827195060876476416,0.00000000000000000000000000000000584171903011214,"III","IIIB"
"36G1B07",9.8,"date",2,0,0,NA,NA,"IV","IVE"
"36G1B07",5.9,"date",2,0.0312854591122409,0.0156427295561204,240.875432745828,0.0455133150637627,"IV","IVE"
"36G1B07",3.5,"date",2,0,0,NA,NA,"IV","IVE"
"36G1B07",6.2,"date",2,0.0299734013386091,0.0149867006693046,1311.95885790022,0.0195183073753298,"IV","IVE"
"36G1B07",9.5,"date",2,0,0,NA,NA,"IV","IVE"
"36G1B07",9.2,"date",2,0,0,NA,NA,"IV","IVE"
"36G1B07",6.5,"date",2,0.0268829858260662,0.0134414929130331,168.026745626294,0.0544691483590617,"IV","IVE"
"36G1B07",6.8,"date",2,0.0284503679292765,0.0142251839646383,528.235388164315,0.0307514651739752,"IV","IVE"
"36G1B07",7.1,"date",2,0.0237995674164331,0.0118997837082165,20.8627863064844,0.152987537431648,"IV","IVE"
"36G1B07",8.9,"date",2,0.0088373764743681,0.00441868823718405,21.7129501349407,0.150031303090684,"IV","IVE"
"36G1B07",4.1,"date",2,0,0,NA,NA,"IV","IVE"
"36G1B07",5.3,"date",2,0.00596009287847262,0.00298004643923631,48.6578281380656,0.100852962226621,"IV","IVE"
"36G1B07",5,"date",2,0.00694739938026068,0.00347369969013034,110.348239059998,0.06716153337571,"IV","IVE"
"36G1B07",4.7,"date",2,0.00986688742467232,0.00493344371233616,162.016999241695,0.0554671184708461,"IV","IVE"
"36G1B07",4.4,"date",2,0.00429833390021215,0.00214916695010608,650291930718171654785303603838976,0.0000000000000000277287836766193,"IV","IVE"
"36G1B07",8.6,"date",2,0.00526034303609287,0.00263017151804644,283.060391366107,0.0419915802570045,"IV","IVE"
"36G1B07",7.7,"date",2,0.00498855219212314,0.00249427609606157,1094.34256788119,0.0213702284513563,"IV","IVE"
"36G1B07",3.8,"date",2,0,0,NA,NA,"IV","IVE"
"36G1B07",10.1,"date",2,0,0,NA,NA,"IV","IVE"
"36G1B07",8,"date",2,0.00219242854631663,0.00109621427315831,240.250672233098,0.0455723315104537,"IV","IVE"
"36G1B07",3.2,"date",2,0,0,NA,NA,"IV","IVE"
"36G1B07",8.3,"date",2,0.00764247998311217,0.00382123999155608,613.501321799664,0.0285364765605746,"IV","IVE"
"36G1B07",7.4,"date",2,0.00450852696518142,0.00225426348259071,52.6573771127921,0.096984700778678,"IV","IVE"
"36G1B07",5.6,"date",2,0.0364563834841266,0.0182281917420633,88144295862888654613489171512164352,0.00000000000000000238170460177954,"IV","IVE"
"36G1B08",7.4,"date",5,0.0130013794223784,0.00260027588447569,53.5631918472975,0.0000198639284217795,"II","IIG"
"36G1B08",6.5,"date",5,0.266729162383445,0.053345832476689,82.558408994258,0.00000455639759049646,"II","IIG"
"36G1B08",6.8,"date",5,0.0818660450737001,0.01637320901474,26.8401614705561,0.000198477788642551,"II","IIG"
"36G1B08",7.1,"date",5,0.0355594821613881,0.00711189643227762,11.0942818304443,0.00318811994086572,"II","IIG"
"36G1B08",7.7,"date",5,0.0199370883912659,0.00398741767825317,50.3971028928307,0.0000244029843062373,"II","IIG"
"36G1B08",5.9,"date",5,0.08779904834933,0.017559809669866,32.775129738179,0.000102867539338257,"II","IIG"
"36G1B08",6.2,"date",5,0.211344835770938,0.0422689671541877,168.49365281242,0.000000390427633683388,"II","IIG"
"36G1B08",5,"date",5,0.189416718721755,0.037883343744351,102.682257119691,0.00000215615633601249,"II","IIG"
"36G1B08",4.4,"date",5,0.26093340637478,0.052186681274956,201.975721809631,0.000000208355538508137,"II","IIG"
"36G1B08",4.7,"date",5,0.102501265433378,0.0205002530866755,40.6325152980183,0.0000503161561948083,"II","IIG"
"36G1B08",3.2,"date",5,0,0,NA,NA,"II","IIG"
"36G1B08",9.5,"date",5,0.160576394200969,0.0321152788401939,40.342168779521,0.000051537496503313,"II","IIG"
"36G1B08",9.8,"date",5,0.147916381490289,0.0295832762980578,17.5977813577651,0.000771736058479052,"II","IIG"
"36G1B08",10.1,"date",5,0.502746948970296,0.100549389794059,19.6053064529817,0.000547703960561525,"II","IIG"
"36G1B08",3.8,"date",5,0.0659920164745273,0.0131984032949055,2.29065256872435,0.154950935569244,"II","IIG"
"36G1B08",8,"date",5,0.0204524362687693,0.00409048725375385,66.531298350979,0.00000951874584031816,"II","IIG"
"36G1B08",8.3,"date",5,0.0260346758672207,0.00520693517344413,34.1997020113196,0.0000893425421363017,"II","IIG"
"36G1B08",3.5,"date",5,0,0,NA,NA,"II","IIG"
"36G1B08",8.6,"date",5,0.0969403405104589,0.0193880681020918,59.3813604125209,0.0000140080922082812,"II","IIG"
"36G1B08",4.1,"date",5,0.152056380641062,0.0304112761282125,24.9785553542363,0.000250913595579557,"II","IIG"
"36G1B08",5.3,"date",5,0.148289506538023,0.0296579013076046,54.0523244855354,0.00001926255417214,"II","IIG"
"36G1B08",5.6,"date",5,0.219254411842609,0.0438508823685218,59.0610548024014,0.0000142674875676945,"II","IIG"
"36G1B08",9.2,"date",5,0.191278228571687,0.0382556457143373,469.924697824573,0.0000000110464192448018,"II","IIG"
"36G1B08",8.9,"date",5,0.169630468732457,0.0339260937464914,456.393901245232,0.0000000122307367914623,"II","IIG"
"36G2A02",8.9,"date",2,0.0286912348997995,0.0143456174498998,0.201562085664258,0.844212827678085,"III","IIIA"
"36G2A02",9.2,"date",2,0.0776398145144101,0.038819907257205,0.25,0.816496580927726,"III","IIIA"
"36G2A02",3.5,"date",2,0,0,NA,NA,"III","IIIA"
"36G2A02",8.6,"date",2,0.00299976818338233,0.00149988409169116,282563970873387368626962764398592,0.000000000000000042065553681634,"III","IIIA"
"36G2A02",9.5,"date",2,0.0000886097125199931,0.0000443048562599966,28872211171082664513274794433576960,0.00000000000000000416145286016054,"III","IIIA"
"36G2A02",9.8,"date",2,0.0488129392086409,0.0244064696043204,0.247586716549642,0.817813384726041,"III","IIIA"
"36G2A02",4.7,"date",2,0.0110780016991242,0.00553900084956209,0.638278316718249,0.662766838944139,"III","IIIA"
"36G2A02",8.3,"date",2,0,0,NA,NA,"III","IIIA"
"36G2A02",4.1,"date",2,0.014272038780874,0.00713601939043701,9.11039932320558,0.228094222736034,"III","IIIA"
"36G2A02",4.4,"date",2,0.0154164396776326,0.00770821983881631,2.81180247430946,0.388555256873951,"III","IIIA"
"36G2A02",8,"date",2,0.00416453517997416,0.00208226758998708,0.25,0.816496580927726,"III","IIIA"
"36G2A02",10.1,"date",2,0.0121193699262962,0.00605968496314811,0.236535986227057,0.82392563765309,"III","IIIA"
"36G2A02",3.8,"date",2,0.0216351861545012,0.0108175930772506,17668297261720272978852066623488,0.000000000000000168223883056789,"III","IIIA"
"36G2A02",5.6,"date",2,0.0218241409653934,0.0109120704826967,12.1949449814748,0.198458447965365,"III","IIIA"
"36G2A02",7.1,"date",2,0,0,NA,NA,"III","IIIA"
"36G2A02",6.8,"date",2,0.0106043937782884,0.00530219688914422,0.173985913200166,0.861310204053291,"III","IIIA"
"36G2A02",5,"date",2,0.0281936518371508,0.0140968259185754,0.859314033546814,0.606492035261418,"III","IIIA"
"36G2A02",7.7,"date",2,0,0,NA,NA,"III","IIIA"
"36G2A02",7.4,"date",2,0.0115982014633799,0.00579910073168995,0.188904160535078,0.851933308373208,"III","IIIA"
"36G2A02",6.2,"date",2,0.0335790281174468,0.0167895140587234,35.176718055835,0.118383875714436,"III","IIIA"
"36G2A02",5.3,"date",2,0.0128317165618477,0.00641585828092384,5.09752300346518,0.298873258575327,"III","IIIA"
"36G2A02",6.5,"date",2,0.0180782353684184,0.00903911768420918,15.6707776928908,0.175840758651251,"III","IIIA"
"36G2A02",5.9,"date",2,0.0108926050185943,0.00544630250929713,3.04095739101315,0.375772203745784,"III","IIIA"
"36G2A02",3.2,"date",2,0,0,NA,NA,"III","IIIA"
"36G4B07",7.1,"date",2,0.0144210805456738,0.0072105402728369,163.744643499621,0.055174625588141,"IV","IVE"
"36G4B07",6.8,"date",2,0.0598146470273224,0.0299073235136612,1323.67300333077,0.0194317823518941,"IV","IVE"
"36G4B07",6.5,"date",2,0.0683753467739833,0.0341876733869917,37.2058612395341,0.115154408714796,"IV","IVE"
"36G4B07",7.4,"date",2,0.0052042778034014,0.0026021389017007,7.8162655429761,0.245200204523789,"IV","IVE"
"36G4B07",6.2,"date",2,0.076139778397315,0.0380698891986575,1041.78473944654,0.0219024053691272,"IV","IVE"
"36G4B07",5.9,"date",2,0.0919007419179442,0.0459503709589721,2072.5209363406,0.0155304184705044,"IV","IVE"
"36G4B07",8.9,"date",2,0.00233532932904139,0.00116766466452069,980020693077736544915999210602496,0.0000000000000000225874591024375,"IV","IVE"
"36G4B07",3.2,"date",2,0,0,NA,NA,"IV","IVE"
"36G4B07",3.5,"date",2,0,0,NA,NA,"IV","IVE"
"36G4B07",8.3,"date",2,0.0120175747971439,0.00600878739857195,74.9181856607878,0.0814229741716953,"IV","IVE"
"36G4B07",8.6,"date",2,0.00653138831549679,0.00326569415774839,1.16440509002904,0.548094551091393,"IV","IVE"
"36G4B07",5.6,"date",2,0.0385841771560038,0.0192920885780019,170458398220543206355168758071296,0.0000000000000000541596439520234,"IV","IVE"
"36G4B07",9.2,"date",2,0.00323707667951,0.001618538339755,82919931749692953886352025321472,0.0000000000000000776525164339929,"IV","IVE"
"36G4B07",5.3,"date",2,0.0129703700044529,0.00648518500222646,12.7745678452688,0.194077328938374,"IV","IVE"
"36G4B07",8,"date",2,0.00867187192936079,0.0043359359646804,68.2156427890008,0.0853016035708627,"IV","IVE"
"36G4B07",9.5,"date",2,0,0,NA,NA,"IV","IVE"
"36G4B07",5,"date",2,0.000176366571736566,0.0000881832858682828,0.300029201751566,0.79055498667981,"IV","IVE"
"36G4B07",4.1,"date",2,0,0,NA,NA,"IV","IVE"
"36G4B07",10.1,"date",2,0.00016176045535101,0.000080880227675505,18952490026118895731762563907584,0.000000000000000162424621645998,"IV","IVE"
"36G4B07",4.7,"date",2,0.00114459526164138,0.000572297630820691,3.08459030813776,0.373478184538892,"IV","IVE"
"36G4B07",3.8,"date",2,0,0,NA,NA,"IV","IVE"
"36G4B07",9.8,"date",2,0,0,NA,NA,"IV","IVE"
"36G4B07",7.7,"date",2,0.00202902040534253,0.00101451020267126,4.54462467379742,0.31482598607466,"IV","IVE"
"36G4B07",4.4,"date",2,0.00314162025761677,0.00157081012880839,138036798246967856754491834499072,0.0000000000000000601849028063001,"IV","IVE"
"37G1B08",7.4,"date",2,0.00680311963130955,0.00340155981565477,32.072808999749,0.0302363189049829,"II","IIE"
"37G1B08",9.5,"date",2,0.000671464817693966,0.000335732408846983,24.262986686781,0.0395836015906724,"II","IIE"
"37G1B08",8,"date",2,0.00439022336173362,0.00219511168086681,57.5103227241904,0.017091001270218,"II","IIE"
"37G1B08",9.2,"date",2,0.000177598538830917,0.0000887992694154583,10.1732898620263,0.0894991548906836,"II","IIE"
"37G1B08",7.7,"date",2,0.00450971968094594,0.00225485984047297,213.318399367814,0.00466595496676791,"II","IIE"
"37G1B08",8.6,"date",2,0.00558722577116051,0.00279361288558026,1126.54297564199,0.000886884155728635,"II","IIE"
"37G1B08",5.9,"date",2,0.0156115741304142,0.0078057870652071,268.352136018896,0.00371261210243325,"II","IIE"
"37G1B08",8.3,"date",2,0.00443006200066901,0.0022150310003345,716.919447425516,0.0013929139314808,"II","IIE"
"37G1B08",8.9,"date",2,0.000683418091245082,0.000341709045622541,30.0800967346094,0.0321749320325134,"II","IIE"
"37G1B08",3.8,"date",2,0.00679642846999724,0.00339821423499862,95.1603447625812,0.0103992971579812,"II","IIE"
"37G1B08",9.8,"date",2,0.000195288224957836,0.000097644112478918,12.2575292398469,0.0754288360906946,"II","IIE"
"37G1B08",10.1,"date",2,0,0,NA,NA,"II","IIE"
"37G1B08",7.1,"date",2,0.00140876108973221,0.000704380544866103,95.172880649809,0.0103979416363878,"II","IIE"
"37G1B08",4.1,"date",2,0.0110598499712289,0.00552992498561443,220.563346851987,0.00451338190277491,"II","IIE"
"37G1B08",3.2,"date",2,0,0,NA,NA,"II","IIE"
"37G1B08",4.7,"date",2,0.0185616503569534,0.00928082517847672,130.205508202472,0.00762163123865833,"II","IIE"
"37G1B08",4.4,"date",2,0.0155657392007024,0.00778286960035121,1028.26363825133,0.000971568374550715,"II","IIE"
"37G1B08",6.2,"date",2,0.00156157875770831,0.000780789378854154,1.92001022213805,0.342464554547961,"II","IIE"
"37G1B08",5.3,"date",2,0.0183851741919633,0.00919258709598163,81.0264963278244,0.0121911826637509,"II","IIE"
"37G1B08",6.8,"date",2,0.00354168788348331,0.00177084394174165,29.4273891709688,0.0328651266916491,"II","IIE"
"37G1B08",6.5,"date",2,0.0050079096583363,0.00250395482916815,82.7645371092386,0.0119382263008973,"II","IIE"
"37G1B08",5.6,"date",2,0.00328914655264903,0.00164457327632451,7.49181899795127,0.117760399773153,"II","IIE"
"37G1B08",5,"date",2,0.0264985011012699,0.0132492505506349,318.999262645514,0.00312500720074399,"II","IIE"
"37G1B08",3.5,"date",2,0.00984753684992375,0.00492376842496188,421.32856835345,0.00236782466291291,"II","IIE"
"37G2A11",3.8,"date",2,0.00568520570897133,0.00284260285448567,414121244576624917323412064436224,0.0000000000000000347473146435132,"II","IIE"
"37G2A11",5,"date",2,0.000825631435669543,0.000412815717834772,21.6019261443785,0.150407655088024,"II","IIE"
"37G2A11",5.3,"date",2,0.00718097664602576,0.00359048832301288,38.219976916457,0.11363639750944,"II","IIE"
"37G2A11",4.7,"date",2,0.0026828238643249,0.00134141193216245,141.879106233303,0.0592600305423345,"II","IIE"
"37G2A11",6.2,"date",2,0.00169875842883279,0.000849379214416395,28.2753713652855,0.131817944006283,"II","IIE"
"37G2A11",7.4,"date",2,0.000805443567627605,0.000402721783813803,2.29486034993841,0.422965501145527,"II","IIE"
"37G2A11",7.7,"date",2,0.000331676686945962,0.000165838343472981,25.025343239067,0.139958476632773,"II","IIE"
"37G2A11",4.1,"date",2,0.00110391586386823,0.000551957931934113,0.10119197150305,0.911965514543097,"II","IIE"
"37G2A11",4.4,"date",2,0.00161638054365283,0.000808190271826414,48.3524582700831,0.101167680042669,"II","IIE"
"37G2A11",5.6,"date",2,0.0410303698446242,0.0205151849223121,1100467629743703336980365485015040,0.0000000000000000213155413073915,"II","IIE"
"37G2A11",8.6,"date",2,0.00192153756915591,0.000960768784577957,24.9114933865996,0.140271650758026,"II","IIE"
"37G2A11",5.9,"date",2,0.0000381872225714714,0.0000190936112857357,1.24677349639326,0.535015920167824,"II","IIE"
"37G2A11",6.8,"date",2,0.0008238995430076,0.0004119497715038,1.45491892465908,0.505732224083404,"II","IIE"
"37G2A11",3.5,"date",2,0,0,NA,NA,"II","IIE"
"37G2A11",7.1,"date",2,0.0000155688849607975,0.00000778444248039876,0.164742342700935,0.867278001220907,"II","IIE"
"37G2A11",9.5,"date",2,0,0,NA,NA,"II","IIE"
"37G2A11",10.1,"date",2,0,0,NA,NA,"II","IIE"
"37G2A11",3.2,"date",2,0,0,NA,NA,"II","IIE"
"37G2A11",6.5,"date",2,0.000275427031423859,0.00013771351571193,10.184220048686,0.216328425889081,"II","IIE"
"37G2A11",9.2,"date",2,0,0,NA,NA,"II","IIE"
"37G2A11",9.8,"date",2,0,0,NA,NA,"II","IIE"
"37G2A11",8.9,"date",2,0.000295934404433966,0.000147967202216983,0.187244861915247,0.85296115129063,"II","IIE"
"37G2A11",8,"date",2,0.00418512074777713,0.00209256037388856,78.0593742956726,0.0797785234894393,"II","IIE"
"37G2A11",8.3,"date",2,0.00297382298582109,0.00148691149291054,56.3118056795805,0.0938135792259328,"II","IIE"
"37G2B01",7.4,"date",1,0.0000192746994136894,0.0000192746994136894,NA,NA,"II","IIE"
"37G2B01",5.9,"date",1,0.000141089693003494,0.000141089693003494,NA,NA,"II","IIE"
"37G2B01",6.2,"date",1,0.00347387448758806,0.00347387448758806,NA,NA,"II","IIE"
"37G2B01",6.8,"date",1,0.000260545961674523,0.000260545961674523,NA,NA,"II","IIE"
"37G2B01",7.7,"date",1,0.0000126738542811282,0.0000126738542811282,NA,NA,"II","IIE"
"37G2B01",8,"date",1,0.00397633515945881,0.00397633515945881,NA,NA,"II","IIE"
"37G2B01",4.4,"date",1,0.0167836539980543,0.0167836539980543,NA,NA,"II","IIE"
"37G2B01",7.1,"date",1,0.000010655862083825,0.000010655862083825,NA,NA,"II","IIE"
"37G2B01",6.5,"date",1,0.0000392439939244662,0.0000392439939244662,NA,NA,"II","IIE"
"37G2B01",3.2,"date",1,0,0,NA,NA,"II","IIE"
"37G2B01",9.8,"date",1,0.000293074119155677,0.000293074119155677,NA,NA,"II","IIE"
"37G2B01",3.8,"date",1,0,0,NA,NA,"II","IIE"
"37G2B01",4.1,"date",1,0,0,NA,NA,"II","IIE"
"37G2B01",4.7,"date",1,0.000199820027061151,0.000199820027061151,NA,NA,"II","IIE"
"37G2B01",5,"date",1,0.00600382159280659,0.00600382159280659,NA,NA,"II","IIE"
"37G2B01",8.3,"date",1,0.00195344813277597,0.00195344813277597,NA,NA,"II","IIE"
"37G2B01",9.5,"date",1,0,0,NA,NA,"II","IIE"
"37G2B01",10.1,"date",1,0,0,NA,NA,"II","IIE"
"37G2B01",5.3,"date",1,0.000511463390423054,0.000511463390423054,NA,NA,"II","IIE"
"37G2B01",5.6,"date",1,0.0057516559656549,0.0057516559656549,NA,NA,"II","IIE"
"37G2B01",3.5,"date",1,0,0,NA,NA,"II","IIE"
"37G2B01",8.9,"date",1,0,0,NA,NA,"II","IIE"
"37G2B01",9.2,"date",1,0,0,NA,NA,"II","IIE"
"37G2B01",8.6,"date",1,0.0122030556682255,0.0122030556682255,NA,NA,"II","IIE"
"40G3B03",7.1,"date",2,0.111407574122524,0.0557037870612621,24.6572251129316,0.14097874306966,"I","IC"
"40G3B03",8.6,"date",2,0.0408387261454127,0.0204193630727064,35930.8129985584,0.00373034035455547,"I","IC"
"40G3B03",3.5,"date",2,0,0,NA,NA,"I","IC"
"40G3B03",9.5,"date",2,0.0166219189667848,0.00831095948339242,59519.3767872132,0.0028983710984722,"I","IC"
"40G3B03",8,"date",2,0.00545202044267422,0.00272601022133711,1.95457217220544,0.451333010557181,"I","IC"
"40G3B03",6.2,"date",2,0.112870849961937,0.0564354249809685,0.848016767807044,0.609028133571006,"I","IC"
"40G3B03",9.2,"date",2,0.00602765102660102,0.00301382551330051,1191.50541680982,0.0204807514776532,"I","IC"
"40G3B03",6.8,"date",2,0.103196975550785,0.0515984877753923,375.177046288642,0.0364819187549091,"I","IC"
"40G3B03",5.6,"date",2,0.0519786071870057,0.0259893035935028,160.309765377404,0.0557607739441325,"I","IC"
"40G3B03",6.5,"date",2,0.037795794406115,0.0188978972030575,23303.6700638595,0.00463199606424922,"I","IC"
"40G3B03",7.7,"date",2,0.00475748454060775,0.00237874227030388,54.9939742454687,0.0949209526012509,"I","IC"
"40G3B03",7.4,"date",2,0.0310197423026192,0.0155098711513096,1753.78494285543,0.0168824290899793,"I","IC"
"40G3B03",4.4,"date",2,0.0321850597242408,0.0160925298621204,465.724454340985,0.0327482032762449,"I","IC"
"40G3B03",8.3,"date",2,0.0221199887668347,0.0110599943834173,7.14447114114393,0.255747430728338,"I","IC"
"40G3B03",8.9,"date",2,0.0169965284942425,0.00849826424712123,1720.76626968131,0.0170435858689233,"I","IC"
"40G3B03",5.9,"date",2,0.0612098398184647,0.0306049199092323,169.761721827746,0.0541909159518272,"I","IC"
"40G3B03",5,"date",2,0.0461273803304595,0.0230636901652297,424.844780556445,0.0342858126930992,"I","IC"
"40G3B03",5.3,"date",2,0.0439393981566189,0.0219696990783094,2392.77313210051,0.0144540272627515,"I","IC"
"40G3B03",3.8,"date",2,0.035040922421113,0.0175204612105565,245.663479281279,0.0450685090833361,"I","IC"
"40G3B03",3.2,"date",2,0,0,NA,NA,"I","IC"
"40G3B03",4.7,"date",2,0.0289537003715452,0.0144768501857726,15480.542860611,0.00568309473538592,"I","IC"
"40G3B03",9.8,"date",2,0.00783079823622378,0.00391539911811189,43.6078512243496,0.106469950376804,"I","IC"
"40G3B03",10.1,"date",2,0.000229583425721635,0.000114791712860818,0.922937536101696,0.592778009667662,"I","IC"
"40G3B03",4.1,"date",2,0.0367359132913279,0.0183679566456639,2116.03074346016,0.0153699590915293,"I","IC"
