sample	k	n0	r	t_mid	t_gen	auc_l	auc_e	sigma	note	StrainID	replicate	Temp	max.OD	date
A1	0	0.0206650790414062	0	12.1040410556557	14.8335759191978	1.70773446851434	1.721	0.00466035710906947		35G4A05	1	4	0.0499166666666667	2024-04-15
A10	0.0998506471038521	0.0201127384080498	0.0464251702167411	29.6690726747263	14.9304176446507	2.11131310901314	2.0945	0.00261603527522633		28G2A06	1	4	0.0699166666666667	2024-04-15
A11	0	0.0189608645560735	0	6.40952695757609	12.5753922748259	1.54800062804829	1.551	0.00217272099308849		35G1A07	1	4	0.0419166666666667	2024-04-15
A12	0.0389166666666667	0.027237467006262	0.00584809128933396	2454.04941029077	118.525369435347	1.50934288449209	1.504	0.00232087527412845		28G2A04	1	4	0.0389166666666667	2024-04-15
A13	0	0.00892324247256913	0	4.44614173963463	13.0133854341047	0.695788231742579	0.6995	0.00107841253081887		35D10	1	4	0.0189166666666667	2024-04-15
A14	0.0569166666666667	0.0271458330028763	0.0148784804330544	1067.858040807	46.5872293665174	1.90201640956261	1.902	0.00298747887591601		28G1B05	1	4	0.0569166666666667	2024-04-15
A15	0	0.00748256623203569	0	13.1441799594761	9.87701467529713	0.822533108438123	0.8275	0.00138515240890215		28G4B02	1	4	0.0239166666666667	2024-04-15
A16	0.0399166666666667	0.0155423606641459	0.0185632540368263	952.762527218073	37.3397454554499	1.20369737436235	1.2005	0.00207135792428021		28G1B03	1	4	0.0399166666666667	2024-04-15
A17	0	0.00738296140480839	0	-2.44054163418132	6.13434186320821	0.558832519095489	0.5595	0.000865165832446145	questionable fit	28G4A09	1	4	0.0129166666666667	2024-04-15
A18	0	0.0122286629532014	0	-4.49945638738442	3.96387411757503	0.816049719759437	0.8125	0.00166201684972823	questionable fit	28G1A07	1	4	0.0189166666666667	2024-04-15
A19	0.0469166666666667	0.0199511447598694	0.0180716383224863	820.611468575439	38.3555252817045	1.52441255193075	1.524	0.00150039050403816		CONT	1	4	0.0469166666666667	2024-04-15
A2	0	0.0152655688589974	0	20.0789549155134	18.3860038714512	1.22675222166341	1.238	0.00252664152253383		28G2B04	1	4	0.0359166666666667	2024-04-15
A20	0	0.018892559081598	0	-7.33853965604956	9.73274171842717	1.25594325785916	1.2505	0.00230017111348023	questionable fit	28G1A03	1	4	0.0309166666666667	2024-04-15
A21	0	0.0176764146327831	0	32.9479000592466	19.7712689910411	1.51023371677434	1.507	0.00167445272048182		28G4A04	1	4	0.0469166666666667	2024-04-15
A22	0	0.0134388521400883	0	45.6326437202106	27.0760311374444	1.00301310816744	1.008	0.00172371260586404		26G3A06	1	4	0.0299166666666667	2024-04-15
A23	0	0.0225100854177342	0	-10.4578139206132	25.9587265358142	1.34592613706124	1.3505	0.00131209346650599	questionable fit	28G3B02	1	4	0.0329166666666667	2024-04-15
A24	0	0.0174182427423407	0	30.3357247096717	26.0552822373029	1.24472710165025	1.2415	0.00135019564937807		26G3A01	1	4	0.0349166666666667	2024-04-15
A3	0.103624454835796	0.0296623817926738	0.0509925875868992	17.9177571081019	13.5930968276265	2.82885478321313	2.8345	0.00380202967507593		35G3A03	1	4	0.0859166666666667	2024-04-15
A4	0	0.018182965844974	0	6.43120569040378	13.283232019653	1.45270973772694	1.4655	0.00293285026682822		28G2A10	1	4	0.0399166666666667	2024-04-15
A5	0	0.0103353054256863	0	-0.530657008732023	1.25221053669305	0.847765192809084	0.86	0.00232615792826907	questionable fit	35G2B04	1	4	0.0209166666666667	2024-04-15
A6	0.134255004478664	0.02389616300563	0.0355466553737614	43.042568510249	19.4996455579781	2.22506648778607	2.2255	0.00286594740405828		28G2A09	1	4	0.0739166666666667	2024-04-15
A7	0	0.0156653218562233	0	23.7925709366732	20.0803694333714	1.2348721974384	1.234	0.00228699346775321		35G2A08	1	4	0.0369166666666667	2024-04-15
A8	0	0.011165676482536	0	0.0277867736403769	8.37296056165504	0.890676473501235	0.889	0.00157023667755841		28G2A08	1	4	0.0229166666666667	2024-04-15
A9	0	0.0159686438021682	0	34.2398477739263	32.1028370330749	1.05818019690112	1.054	0.00198790758036412		35G1A08	1	4	0.0289166666666667	2024-04-15
B1	0.0569166666666667	0.0125776497356349	0.030106540310106	627.002429634931	23.0231429257673	1.35455482326557	1.3385	0.00257854878020075		35G4A05	2	4	0.0569166666666667	2024-04-15
B10	0.0999166666666667	0.0210248891420491	0.0315739763470473	583.077005790243	21.9531164824213	2.36520382675857	2.346	0.00287917186825349		28G2A06	2	4	0.0999166666666667	2024-04-15
B11	0	0.0158875672148151	0	41.1975871567226	21.1858030891952	1.36498152571502	1.369	0.00185356395588062		35G1A07	2	4	0.0419166666666667	2024-04-15
B12	0.0419166666666667	0.026327441332705	0.00503633999620712	2587.56415120696	137.629147571839	1.42955500821722	1.4105	0.00452323598789282		28G2A04	2	4	0.0419166666666667	2024-04-15
B13	0	0.00591666665784049	0	-0.240856595050897	0.426457430524644	0.472849069858328	0.416999999999999	0.0021389441711497	questionable fit	35D10	2	4	0.0119166666666667	2024-04-15
B14	0.0579166666666667	0.026505817904972	0.0143741761895084	1188.06379681885	48.221697815689	1.83225476848803	1.827	0.0037017780619114		28G1B05	2	4	0.0579166666666667	2024-04-15
B15	0.0229166666666667	0.0142570502632203	0.00938644176293326	1209.2664835275	73.8455740808152	0.864514131669111	0.8765	0.00158331304286553		28G4B02	2	4	0.0229166666666667	2024-04-15
B16	0.0329166666666667	0.0165390438454726	0.0117836544946903	1371.2142236504	58.8227685114391	1.06744928550478	1.057	0.00244555794144958		28G1B03	2	4	0.0329166666666667	2024-04-15
B17	0	0.00892432728152415	0	-0.283500349326021	0.131051158225875	0.523584087997184	0.488	0.0010408353490114	questionable fit	28G4A09	2	4	0.0119166666666667	2024-04-15
B18	0	0	0	0	0	0	0	0	cannot fit data	28G1A07	2	4	0.0219166666666667	2024-04-15
B19	0.0924419714044813	0.0216342817185208	0.0197562540748295	60.0158526279711	35.0849497042586	1.47330293122869	1.483	0.00126689610123368		CONT	2	4	0.0409166666666667	2024-04-15
B2	0.0389166666666667	0.0163711144849611	0.0177703040126155	972.741913027353	39.0059269705159	1.24058743380135	1.236	0.00244160106614407		28G2B04	2	4	0.0389166666666667	2024-04-15
B20	0.0299166666666667	0.0195760751657941	0.00742548945084646	1506.84131024786	93.3470022613702	1.12890747639774	1.1325	0.00263582160726807		28G1A03	2	4	0.0299166666666667	2024-04-15
B21	0	0.0174259935936576	0	49.5471294412218	29.2303927114817	1.26386010893555	1.269	0.00127696200977053		28G4A04	2	4	0.0369166666666667	2024-04-15
B22	0.0259166666666667	0.013679285920175	0.0128884042087896	1240.9538439285	53.7806829558645	0.908960351508512	0.9115	0.00135169202832932		26G3A06	2	4	0.0259166666666667	2024-04-15
B23	0	0.0182039617630661	0	-7.04297442015621	3.40984083672228	1.05877754746622	1.0575	0.00228195163223384	questionable fit	28G3B02	2	4	0.0259166666666667	2024-04-15
B24	0	0.0186703436579768	0	-4.55721909670259	1.97949688057203	1.0660391179645	1.0825	0.0025805388728145	questionable fit	26G3A01	2	4	0.0249166666666667	2024-04-15
B3	0.162036135171741	0.0258454907548303	0.0417515923545344	39.8049382249439	16.6016944856635	2.73617186887754	2.72	0.00333045107901794		35G3A03	2	4	0.0969166666666667	2024-04-15
B4	0.0399166666666667	0.0160503893150473	0.019215227509936	831.022481326858	36.0728063303713	1.2655943687376	1.262	0.001885313936391		28G2A10	2	4	0.0399166666666667	2024-04-15
B5	0.0209166666666667	0.0125592940381539	0.00646091402076938	2100.51988108087	107.283145748688	0.70678592607904	0.7	0.00262189181902759		35G2B04	2	4	0.0209166666666667	2024-04-15
B6	0.0799166666666667	0.0227118008059146	0.0253485930577721	725.872291430735	27.3446016897344	2.12896917973645	2.122	0.00306692051500953		28G2A09	2	4	0.0799166666666667	2024-04-15
B7	0.0349166666666667	0.0138196443698032	0.0152401549297988	1031.92535380446	45.4816360957491	0.977750300294697	0.967	0.00418843798631801		35G2A08	2	4	0.0349166666666667	2024-04-15
B8	0.0269166666666667	0.0142205505829093	0.0110080309143486	1453.39217693537	62.967408608605	0.899364027825165	0.8925	0.00211046333556109		28G2A08	2	4	0.0269166666666667	2024-04-15
B9	0.0279166666666667	0.0119956987534243	0.0145296884425075	1127.67430491473	47.7055776730973	0.832677873457839	0.8225	0.00272165396868077		35G1A08	2	4	0.0279166666666667	2024-04-15
C1	0.0579166666666667	0.0124880844941625	0.0300631447607882	601.119808773425	23.0563763729743	1.34318347947048	1.3145	0.00431904905040214		35G4A05	3	4	0.0579166666666667	2024-04-15
C10	0.293865167840112	0.0243270387007907	0.0349599084030022	68.7965597096554	19.8269163800332	2.58798356977678	2.562	0.00296880224343255		28G2A06	3	4	0.0979166666666667	2024-04-15
C11	0.0449166666666667	0.0145602824917226	0.0237211061611947	715.817664901003	29.2206938348374	1.30277438511297	1.3125	0.0021200128964028		35G1A07	3	4	0.0449166666666667	2024-04-15
C12	0.0449166666666667	0.0242901353530978	0.00710778662215208	2020.53809691583	97.5194132023727	1.38950572896427	1.3585	0.0048861687898571		28G2A04	3	4	0.0449166666666667	2024-04-15
C13	0	0.00791666666666666	0	-0.274808638792514	0.138450094747829	0.475553838854856	0.461	0.00100000000000004	questionable fit	35D10	3	4	0.0109166666666667	2024-04-15
C14	0.0649166666666667	0.0284135488160589	0.0159242536320684	1030.30669772496	43.5277656695997	2.04770632122056	2.0315	0.00283514324374075		28G1B05	3	4	0.0649166666666667	2024-04-15
C15	0	0.00813618758551517	0	-1.22926389289308	2.31651203358625	0.63667691738577	0.632	0.000888684937657871	questionable fit	28G4B02	3	4	0.0159166666666667	2024-04-15
C16	0.0339166666666667	0.0160536727249323	0.0125959127769941	1317.70177473983	55.0295316291766	1.05851841693507	1.0365	0.00226708500898194		28G1B03	3	4	0.0339166666666667	2024-04-15
C17	0.0149166666666667	0.0109067506434727	0.00326878638753327	3645.33211236888	212.050314209432	0.566829631673326	0.575	0.00103398047357612		28G4A09	3	4	0.0149166666666667	2024-04-15
C18	0	0	0	0	0	0	0	0	cannot fit data	28G1A07	3	4	0.0209166666666667	2024-04-15
C19	0.113335114176561	0.0252499782549171	0.0196354794110453	63.6337152643765	35.3007515655584	1.72782031295297	1.7355	0.00237155988032875		CONT	3	4	0.0479166666666667	2024-04-15
C2	0.0429166666666667	0.0148872267112461	0.0221900183569155	734.34257964337	31.2368908132934	1.27550319288809	1.273	0.00310159275051774		28G2B04	3	4	0.0429166666666667	2024-04-15
C20	0.0419166666666667	0.0225694092036283	0.0100787246666637	1461.58092254457	68.7733025243354	1.39328352697817	1.3705	0.00262823383233816		28G1A03	3	4	0.0419166666666667	2024-04-15
C21	0	0.0209891822678206	0	12.3510169375627	20.6179845740456	1.49963450629913	1.4915	0.00172457263684048		28G4A04	3	4	0.0419166666666667	2024-04-15
C22	0.0299166666666667	0.0137949804405351	0.0149248368293607	1092.06533428306	46.4425298906022	0.96777071598006	0.9645	0.00138325936644234		26G3A06	3	4	0.0299166666666667	2024-04-15
C23	0.0369166666666667	0.0249087241922536	0.00584432058590483	2414.63878621884	118.601840944807	1.38016665061577	1.379	0.00243390485161091		28G3B02	3	4	0.0369166666666667	2024-04-15
C24	0	0.0151928661295768	0	-1.45763825264414	2.57384112913792	1.17297928895143	1.1775	0.00250212563383392	questionable fit	26G3A01	3	4	0.0279166666666667	2024-04-15
C3	0.171794514344233	0.0237145492521695	0.0492260017345627	37.2092718421894	14.0809156977149	2.94917046630012	2.95	0.00241431128030112		35G3A03	3	4	0.107916666666667	2024-04-15
C4	0.0399166666666667	0.0168208804507862	0.0181038413290298	903.796703089715	38.2872986987835	1.28637363445502	1.294	0.00212820512288489		28G2A10	3	4	0.0399166666666667	2024-04-15
C5	0.0169166666666667	0.0129996505756724	0.00132260862941692	8406.75179504492	524.075803789005	0.644215654224424	0.64	0.00179632795806837		35G2B04	3	4	0.0169166666666667	2024-04-15
C6	0.0809166666666667	0.0229200668788855	0.0262385035502425	686.405097344277	26.4171765448696	2.20432735611485	2.21	0.00236703100681818		28G2A09	3	4	0.0809166666666667	2024-04-15
C7	0.0349166666666667	0.0178312739882403	0.0107046386779479	1508.47068702295	64.7520389443747	1.11883434398556	1.096	0.00210152300682418		35G2A08	3	4	0.0349166666666667	2024-04-15
C8	0	0.0126106161998155	0	-9.92052446004493	6.64724039545974	0.770986786923397	0.764	0.000672171748229454	questionable fit	28G2A08	3	4	0.0179166666666667	2024-04-15
C9	0.0229166666666667	0.0138749652825774	0.00853468892857744	1667.41520538255	81.2152834579618	0.823120421159125	0.8205	0.0013826018568798		35G1A08	3	4	0.0229166666666667	2024-04-15
D1	0.0369166666666667	0.0202008260849693	0.0104757748502052	1500.40388131085	66.1666741096837	1.2599863497716	1.2355	0.00283395544381156		26G2A07	1	4	0.0369166666666667	2024-04-15
D10	0	0	0	0	0	0	0	0	cannot fit data	18G1A02	1	4	0.00591666666666665	2024-04-15
D11	0.16841607367993	0.0249777986894671	0.0304542114717676	57.3949329454664	22.7603062782473	2.21070044596309	2.221	0.00311244275913591		23G1B05	1	4	0.0729166666666667	2024-04-15
D12	0	0	0	0	0	0	0	0	cannot fit data	04D05	1	4	0.0159166666666667	2024-04-15
D13	0	0	0	0	0	0	0	0	cannot fit data	23G1A10	1	4	0.00591666666666665	2024-04-15
D14	0.0409166666666667	0.0155103569621368	0.016033132015639	992.727081619663	43.2321757148784	1.12109517359432	1.098	0.00390285932380291		37G1B08	1	4	0.0409166666666667	2024-04-15
D15	0.0249166666666667	0.0182307347090469	0.00387062742335021	3377.97643534349	179.078765467949	0.961642327120958	0.9525	0.00157649351791839		23G1A09	1	4	0.0249166666666667	2024-04-15
D16	0.114044015193675	0.0181975162772801	0.0416967979172449	39.8462929680927	16.6235110411985	1.92462530538118	1.937	0.00196471871276305		36G2A02	1	4	0.0649166666666667	2024-04-15
D17	0.0299166666666667	0.023285045475829	0.000232900401077836	33778.4074317279	2976.15279901684	1.12395051562846	1.1085	0.00260845880396589		23G1A04	1	4	0.0299166666666667	2024-04-15
D18	0.0439166666666667	0.014914068267242	0.0191526894792627	887.829852228023	36.1905925175908	1.1739635778412	1.1575	0.00412940651522031		35G4A09	1	4	0.0439166666666667	2024-04-15
D19	0.0469166666666667	0.0201631153761771	0.0138774692051235	1132.10856345485	49.9476648309937	1.37544880263439	1.3535	0.00460996871720759		23G1A03	1	4	0.0469166666666667	2024-04-15
D2	0.128916666666667	0.0269062608472075	0.0325586477443127	518.66988801055	21.2891882366651	3.117352258238	3.119	0.00276428776579883		23D03	1	4	0.128916666666667	2024-04-15
D20	0.0269166666666667	0.0128250064086448	0.0139250849080187	1176.74748753557	49.7768728261614	0.875982621794342	0.8685	0.00109260299249206		35G4A08	1	4	0.0269166666666667	2024-04-15
D21	0	0.00591711478599107	0	-0.782636190845064	0.305057036804391	0.331524868758876	0.317999999999999	0.000763762871715156	questionable fit	23G1A02	1	4	0.00791666666666666	2024-04-15
D22	0.0499166666666667	0.0201027848618732	0.0173722233587313	900.026895044833	39.89973915524	1.50688338080855	1.478	0.00702147453104445		35G4A06	1	4	0.0499166666666667	2024-04-15
D23	0	0.0128874977000078	0	-1.85315561620002	1.7713151217418	0.898847819417859	0.8985	0.00109492379064764	questionable fit	23G1A01	1	4	0.0209166666666667	2024-04-15
D24	0	0.00208444082461335	0	2.25008282669044	2.06210641804436	0.291058206394453	0.289999999999999	0.00145659331440449		35G3B03	1	4	0.00891666666666666	2024-04-15
D3	0.0949166666666666	0.0214340146434558	0.0300379288864943	619.78017327347	23.0757314586892	2.3036639003436	2.3	0.00602521358054449		23G4A10	1	4	0.0949166666666666	2024-04-15
D4	0.123916666666667	0.0267748969705316	0.0328942653649487	139.429334773423	21.0719763116688	3.07425780872049	3.083	0.00317892779561847		23D01	1	4	0.123916666666667	2024-04-15
D5	0.0769166666666667	0.0219361755430325	0.0235569384591838	748.408930060359	29.4243321032966	1.95358513959171	1.9215	0.00709608033924807		23G4A09	1	4	0.0769166666666667	2024-04-15
D6	0.0199166666666667	0.0112090195688102	0.0107373559780405	1414.42007646843	64.5547360055429	0.703916515233228	0.698	0.00137760732122455		18G4A01	1	4	0.0199166666666667	2024-04-15
D7	0	0.00850221741056856	0	-16.7851697369846	11.9376417140988	0.502165996835872	0.4995	0.000432398480108517	questionable fit	23G3B11	1	4	0.0119166666666667	2024-04-15
D8	0	0	0	0	0	0	0	0	cannot fit data	18G3A05	1	4	0.0209166666666667	2024-04-15
D9	0.0419166666666667	0.0221206886199638	0.00908600733204137	1695.63940183189	76.2873234886786	1.33100722268449	1.3075	0.00348731823833959		23G3A05	1	4	0.0419166666666667	2024-04-15
E1	0.0399166666666667	0.0185021136720847	0.013753543973188	1212.56125116447	50.3977143572021	1.2579829388273	1.2355	0.00301358103039404		26G2A07	2	4	0.0399166666666667	2024-04-15
E10	0	0	0	0	0	0	0	0	cannot fit data	18G1A02	2	4	0.00491666666666665	2024-04-15
E11	0.175589298604505	0.0214458069846885	0.0346677941688627	56.8929991638023	19.9939799222214	2.13013677170969	2.145	0.00262241784720318		23G1B05	2	4	0.0759166666666667	2024-04-15
E12	0	0.0134653441386375	0	-202.742261034626	43.9107040377524	0.638260428659845	0.605	0.00123380842891335	questionable fit (k < n0)	04D05	2	4	0.0159166666666667	2024-04-15
E13	0	0.00291614008651333	0	-1.11365156833113	0.780075022289849	0.190586439321804	0.188	0.000493080216200988	questionable fit	23G1A10	2	4	0.00491666666666665	2024-04-15
E14	0.0349166666666667	0.0156790812060329	0.0133479206500693	1181.75488551625	51.9292254375474	1.05460794339888	1.0395	0.00326022997800589		37G1B08	2	4	0.0349166666666667	2024-04-15
E15	0.0249166666666667	0.0189126901590042	0.00369882838745496	3662.46974851078	187.39641528405	0.993385654586289	0.9885	0.00129880456413155		23G1A09	2	4	0.0249166666666667	2024-04-15
E16	0.139155779271417	0.0214220945469282	0.0364125716858541	46.7970879540802	19.0359304072232	2.09471287228772	2.1345	0.00376447567021628		36G2A02	2	4	0.0719166666666667	2024-04-15
E17	0.0609166666666666	0.0215643442510299	0.0116813782616145	1126.05440331547	59.3377908870273	1.38805681576373	1.454	0.00904036472352779		23G1A04	2	4	0.0609166666666666	2024-04-15
E18	0.0639166666666666	0.0152890865655413	0.0250138127931245	629.427608806472	27.7105768038078	1.41946090191621	1.4735	0.00793690189550883		35G4A09	2	4	0.0639166666666666	2024-04-15
E19	0.0499166666666667	0.0207976972502612	0.0153865134414874	1077.39762631242	45.0490088736399	1.47726051534598	1.4795	0.0055814882990626		23G1A03	2	4	0.0499166666666667	2024-04-15
E2	0.120916666666667	0.0259961239099215	0.0316900996843054	580.966322499105	21.8726727736748	2.93460024882968	2.9395	0.00318181719480803		23D03	2	4	0.120916666666667	2024-04-15
E20	0.0259166666666667	0.0112685146165177	0.0153040596399395	1069.56047490772	45.2917197702899	0.798627982191995	0.7925	0.00168875894531777		35G4A08	2	4	0.0259166666666667	2024-04-15
E21	0	0.00489819247497407	0	-1.1002259188765	1.2232447285938	0.355457237728191	0.356499999999999	0.000953724304129319	questionable fit	23G1A02	2	4	0.00991666666666666	2024-04-15
E22	0.0479166666666667	0.0155118441587313	0.0206696440394531	824.312043941375	33.5345485019918	1.27354484934436	1.262	0.00373963037382003		35G4A06	2	4	0.0479166666666667	2024-04-15
E23	0.0259166666666667	0.0199702619747966	0.00353648168095433	3667.4179023431	195.999086971913	1.04473754190128	1.039	0.00129461550512597		23G1A01	2	4	0.0259166666666667	2024-04-15
E24	0	0	0	0	0	0	0	0	cannot fit data	35G3B03	2	4	0.00891666666666666	2024-04-15
E3	0.0809166666666667	0.017287235717159	0.0298262889875095	617.721314547036	23.2394710870741	1.84639368618807	1.8165	0.00704574401028499		23G4A10	2	4	0.0809166666666667	2024-04-15
E4	0.337440169310157	0.0253504180073547	0.0382044863995744	65.7120623288573	18.1430833360887	2.94021488066022	2.929	0.00402534402518743		23D01	2	4	0.113916666666667	2024-04-15
E5	0.0719166666666667	0.020946483858699	0.023166237993438	743.199098592352	29.9205758291996	1.84486531196367	1.815	0.0051490137355307		23G4A09	2	4	0.0719166666666667	2024-04-15
E6	0.0179166666666667	0.0091156365793066	0.0134219654139399	1266.25156643708	51.6427482252377	0.614343548971357	0.6075	0.000839740261491892		18G4A01	2	4	0.0179166666666667	2024-04-15
E7	0	0.0050971312370156	0	-1.00081593180696	2.5619255254523	0.412460820843601	0.414499999999999	0.000595080231695561	questionable fit	23G3B11	2	4	0.00991666666666666	2024-04-15
E8	0	0	0	0	0	0	0	0	cannot fit data	18G3A05	2	4	0.0199166666666667	2024-04-15
E9	0	0.0259166666666667	0	-4.81266520012715	1.7836075537	1.06176763569871	1.062	0.00131729335626206	questionable fit (k < n0)	23G3A05	2	4	0.0259166666666667	2024-04-15
F1	0.0389166666666667	0.0203872672756624	0.0104364511643181	1540.86587670366	66.4159846720499	1.2703158523253	1.2425	0.00248454172048149		26G2A07	3	4	0.0389166666666667	2024-04-15
F10	0	0.00491666666666665	0	-17.7580269349148	7.728675313642	0.197810314553588	0.1785	0.00069414122200158	questionable fit (k < n0)	18G1A02	3	4	0.00491666666666665	2024-04-15
F11	0.0829166666666667	0.0279632195528972	0.0218986266038956	761.787229249948	31.6525411888908	2.37624846344745	2.369	0.00253174766998445		23G1B05	3	4	0.0829166666666667	2024-04-15
F12	0	0	0	0	0	0	0	0	cannot fit data	04D05	3	4	0.0129166666666667	2024-04-15
F13	0	0.00191666668185127	0	-0.0343497608598886	0.0971328297296826	0.163723223424524	0.1575	0.000540061724971236	questionable fit	23G1A10	3	4	0.00391666666666667	2024-04-15
F14	0.0449166666666667	0.0192495080592665	0.0156891798490109	1011.57813901379	44.1799499547227	1.37849349375935	1.3835	0.00471934127206414		37G1B08	3	4	0.0449166666666667	2024-04-15
F15	0.0619166666666666	0.0170923572920673	0.0128732207901036	1046.87732421267	53.8441149935695	1.13529512522049	1.227	0.0111475849762264		23G1A09	3	4	0.0619166666666666	2024-04-15
F16	0.12066818481798	0.0208232703648876	0.0507780650527599	30.8705539719411	13.6505237023062	2.44850974521676	2.5965	0.0158346251081313		36G2A02	3	4	0.120916666666667	2024-04-15
F17	0.100916666666667	0.019989666393527	0.0186128573612863	666.941392334613	37.2402349142615	1.55023490283649	1.7205	0.0195574797353149		23G1A04	3	4	0.100916666666667	2024-04-15
F18	0.12626745933051	0.0126634722574696	0.0471596680017691	46.5227396004904	14.697880836098	1.6677905614064	1.852	0.0209249870919395		35G4A09	3	4	0.115916666666667	2024-04-15
F19	0.110916666666667	0.0191089617028467	0.0256966504638819	563.29054033745	26.9742230231214	1.80927796284825	1.9635	0.0194244762304066		23G1A03	3	4	0.110916666666667	2024-04-15
F2	0.118916666666667	0.0267435344924	0.0306347844892374	517.696205476892	22.6261484164663	2.92559611119233	2.922	0.00339727088445707		23D03	3	4	0.118916666666667	2024-04-15
F20	0	0.00913669167280504	0	51.96894931265	18.672274962565	0.944123215344835	1.0255	0.00893457715839426		35G4A08	3	4	0.0549166666666667	2024-04-15
F21	0.00991666666666666	0.00603058712017153	0.00418384174125224	2920.40694487007	165.672418659049	0.320581619419888	0.313499999999999	0.00176409550960094		23G1A02	3	4	0.00991666666666666	2024-04-15
F22	0.0529166666666667	0.0161221776450596	0.0228495051206804	782.469046843321	30.335325728022	1.40727919550608	1.4	0.00344782932935969		35G4A06	3	4	0.0529166666666667	2024-04-15
F23	0.0259166666666667	0.0223139129523201	0.00209007954176592	5928.98528721488	331.636747171019	1.12663705660249	1.121	0.00114251180927157		23G1A01	3	4	0.0259166666666667	2024-04-15
F24	0	0	0	0	0	0	0	0	cannot fit data	35G3B03	3	4	0.00791666666666666	2024-04-15
F3	0.0759166666666667	0.0190953450991712	0.0258378834755003	691.000329532953	26.8267786414159	1.81536537094302	1.783	0.00650887033427425		23G4A10	3	4	0.0759166666666667	2024-04-15
F4	0.115916666666667	0.0286397861540625	0.0291453865298229	611.700752098865	23.7823979397455	2.99813148505025	3.0085	0.00236556756549335		23D01	3	4	0.115916666666667	2024-04-15
F5	0.0699166666666667	0.0215921826161998	0.0219588451086068	761.770172992459	31.5657393242537	1.83796405270777	1.8125	0.00553066834998543		23G4A09	3	4	0.0699166666666667	2024-04-15
F6	0.0209166666666667	0.0118018665674156	0.0109941486098173	1364.38877336679	63.0469175158314	0.746126389338815	0.742	0.00113193434241307		18G4A01	3	4	0.0209166666666667	2024-04-15
F7	0.0119166666666667	0.0087826790105829	0.00577809580355999	2189.69121868299	119.961178236762	0.485830271767421	0.485	0.000529392991473515		23G3B11	3	4	0.0119166666666667	2024-04-15
F8	0	0	0	0	0	0	0	0	cannot fit data	18G3A05	3	4	0.0209166666666667	2024-04-15
F9	0.0299166666666667	0.0233300496911183	0.00090472164137954	12801.6010478099	766.144136336806	1.14451347833033	1.127	0.00256678015696157		23G3A05	3	4	0.0299166666666667	2024-04-15
G1	0.0509166666666667	0.0225419831822284	0.0150302012840019	1071.28358777985	46.1169592783649	1.58588683764127	1.564	0.0026842067786461		35G3A04	1	4	0.0509166666666667	2024-04-15
G10	0	0	0	0	0	0	0	0	cannot fit data	23G3B12	1	4	0.0199166666666667	2024-04-15
G11	0.0971422513381233	0.0257941314250407	0.0305063499215297	33.351220125735	22.7214066036383	2.01485219851237	2.021	0.0013230923279612		32G2B05	1	4	0.0589166666666667	2024-04-15
G12	0.0249166666666667	0.0123023056341385	0.00347761126183039	2621.89065226272	199.317039304478	0.642650575261779	0.6765	0.00362668815732253		23G3B04	1	4	0.0249166666666667	2024-04-15
G13	0.725501369013274	0.0171604879909292	0.0368270682683689	101.021234971199	18.821676911906	2.14255709855375	2.2195	0.0101745972967007		30G4B06	1	4	0.0979166666666667	2024-04-15
G14	0.0779166666666667	0.0169787607307711	0.0214207377813494	668.045879072068	32.3586978018776	1.42357855340325	1.5295	0.0130102297133016		23D08	1	4	0.0779166666666667	2024-04-15
G15	0	0.0000000000465167258615422	0	34.5043060697372	1.16604097422635	0.507688720007081	0.767	0.0156470035355293		28G4B03	1	4	0.0729166666666667	2024-04-15
G16	0.0919166666666666	0.0139679731124786	0.0197023679269908	530.469212566913	35.1809073472018	1.11632117072928	1.3015	0.0203460211431969		19G3B04	1	4	0.0919166666666666	2024-04-15
G17	0	0.00000000231283137391533	0	34.4771811593195	1.42772415801007	0.581676739236647	0.785	0.0182893639413673		28G4B01	1	4	0.0869166666666667	2024-04-15
G18	0.227640448777201	0.0167218603993542	0.0580182381193382	43.6889404908421	11.9470567019668	2.94157015378946	3.1425	0.021253874558653		12G1A05	1	4	0.163916666666667	2024-04-15
G19	0	0.00000000162607802627513	0	34.4290472662572	1.41349124566137	0.474416541557703	0.6575	0.0146788260303847		28G3A07	1	4	0.0699166666666667	2024-04-15
G2	0	0.00792418678486242	0	-1.2366211367078	0.415607512954141	0.33256395980616	0.281	0.00254931672793492	questionable fit (k < n0)	26G3A08	1	4	0.00891666666666666	2024-04-15
G20	0.505614088022213	0.0417195961019467	0.0327624881302385	73.5196356200842	21.1567319858163	4.22755914687733	4.2535	0.00441324247246635		09D09	1	4	0.151916666666667	2024-04-15
G21	0.101744220079778	0.0242203562321525	0.0372461628891137	31.2352272861345	18.6098950010912	2.13466059596513	2.134	0.00396615580784624		28D04	1	4	0.0659166666666667	2024-04-15
G22	0.137324727629911	0.0242837938837784	0.0498601902153223	30.8450646201334	13.9018158086958	2.79555431887977	2.77	0.0027410681869641		08G1A03	1	4	0.0999166666666667	2024-04-15
G23	0.0109166666666667	0.00730751508550724	0.00387267909567263	3047.24601335827	178.983892916528	0.38547918056362	0.378	0.00200250361358143		28D03	1	4	0.0109166666666667	2024-04-15
G24	0.0399166666666667	0.0216659231042239	0.0110150491702322	1370.6652250888	62.9272888252874	1.37048990230803	1.367	0.00220650408350407		02G3A08	1	4	0.0399166666666667	2024-04-15
G3	0.31928266683083	0.0330274647274144	0.0426872220136428	50.5899458040773	16.237814218466	3.96569339750599	3.995	0.00360312380025168		33G4B03	1	4	0.148916666666667	2024-04-15
G4	0.203421109352386	0.0228587287099834	0.053292195025027	38.781350090573	13.0065421443878	3.24245554406089	3.264	0.00361351833518833		25G3B04	1	4	0.126916666666667	2024-04-15
G5	0.0969166666666667	0.0300130602807192	0.0222195360322485	754.017518946275	31.1953939791515	2.57358994650597	2.5935	0.00971414489895464		33D06	1	4	0.0969166666666667	2024-04-15
G6	0	0.0146831542410136	0	-7.40615768587293	4.27580050408944	0.885947802013506	0.889	0.00369389149851895	questionable fit	24G4A05	1	4	0.0309166666666667	2024-04-15
G7	0.120837905400366	0.0244986527449946	0.0226245790221977	60.5208042290747	30.6369095256922	1.78886944301124	1.787	0.00166760623881069		32G4A01	1	4	0.0529166666666667	2024-04-15
G8	0	0.00987279490460757	0	-13.8532404737674	6.67772866251662	0.561521649887345	0.563	0.00157291683439422	questionable fit	24G2B09	1	4	0.0169166666666667	2024-04-15
G9	0	0.00590572425695539	0	-1.36065047523207	0.875442995575721	0.377069891165388	0.359999999999999	0.00125209130630517	questionable fit	32G2B08	1	4	0.0109166666666667	2024-04-15
H1	0.0739166666666667	0.0176307255525471	0.0262921197255757	663.695342540656	26.3633053475595	1.69825797251987	1.641	0.00571402169155498		35G3A04	2	4	0.0739166666666667	2024-04-15
H10	0	0	0	0	0	0	0	0	cannot fit data	23G3B12	2	4	0.0239166666666667	2024-04-15
H11	0.117937967517908	0.0260716580712211	0.0299567099001795	42.0435201174982	23.138294654841	2.11223369159795	2.165	0.00529456726820561		32G2B05	2	4	0.0699166666666667	2024-04-15
H12	0.0862588882510495	0.0141578869048512	0.0135219626914784	120.381642989652	51.2608410757388	0.891414120511905	0.9805	0.00916317969796257		23G3B04	2	4	0.0489166666666667	2024-04-15
H13	0.2211758708843	0.0226091890099496	0.0394045524821138	55.1400388708362	17.5905355320194	2.55109364011998	2.672	0.0135953014285101		30G4B06	2	4	0.117916666666667	2024-04-15
H14	0.220901873462979	0.0192870930709364	0.0177371809931435	132.316557544234	39.0787679749047	1.38078136956077	1.5495	0.0167749744596724		23D08	2	4	0.0839166666666667	2024-04-15
H15	0	0.00254423225256476	0	32.3084654612119	8.46226031334282	0.685373022180834	0.901999999999999	0.0206103471509478		28G4B03	2	4	0.0819166666666667	2024-04-15
H16	0.101916666666667	0.0151386932684495	0.0195630158279345	463.68178521827	35.4315094695258	1.20514104067568	1.4255	0.0234438438097444		19G3B04	2	4	0.101916666666667	2024-04-15
H17	0	0	0	0	0	0	0	0	cannot fit data	28G4B01	2	4	0.0939166666666666	2024-04-15
H18	0.199877765721212	0.0146368216490985	0.0647646732969591	39.1898370574744	10.7025504070981	2.90890689560963	3.132	0.0229637749359865		12G1A05	2	4	0.169916666666667	2024-04-15
H19	0	0.0000000000267990596275068	0	34.6283413338664	1.13207718179336	0.578524855540685	0.7695	0.017721381996312		28G3A07	2	4	0.0859166666666667	2024-04-15
H2	0	0.00691799517846771	0	-2.57333452120254	0.208429152181598	0.332000399444925	0.267	0.00254950978556555	questionable fit (k < n0)	26G3A08	2	4	0.00891666666666666	2024-04-15
H20	0.358962590520917	0.040000986101944	0.0375467109463677	55.2955658306453	18.4609294153634	4.27721684844071	4.328	0.005872498834281		09D09	2	4	0.150916666666667	2024-04-15
H21	0	0.0258649720526962	0	17.7534745108098	15.5949111110106	2.23844813445586	2.226	0.0017905370629143		28D04	2	4	0.0669166666666667	2024-04-15
H22	0.10628854154123	0.0216133408148758	0.0531681936185122	25.6828739508395	13.0368766246481	2.45016878415022	2.44	0.00236014206595323		08G1A03	2	4	0.0809166666666667	2024-04-15
H23	0	0.00595034999195036	0	-0.432149868799633	0.430298764500715	0.425761094374645	0.3515	0.00314911356168918	questionable fit	28D03	2	4	0.0119166666666667	2024-04-15
H24	0	0.0206303639153742	0	-7.58585883556445	8.28094842228644	1.35827585226377	1.352	0.00114343721733544	questionable fit	02G3A08	2	4	0.0339166666666667	2024-04-15
H3	0.992691475724916	0.0350012929378262	0.0315285424595211	104.956939510065	21.9847517990996	3.70531402600208	3.7295	0.00345082796658748		33G4B03	2	4	0.139916666666667	2024-04-15
H4	0.275057089207992	0.023278959883656	0.0465796693929387	51.1166856315427	14.8808952402102	3.15781601964028	3.1875	0.00326139516970464		25G3B04	2	4	0.127916666666667	2024-04-15
H5	0.0939166666666666	0.0298501989454917	0.0222658864747807	729.944702866015	31.1304551626559	2.56297149613042	2.5935	0.0103635078203147		33D06	2	4	0.0939166666666666	2024-04-15
H6	0	0.0132599710332422	0	-4.62694459099128	3.27489133036818	0.848041521383139	0.85	0.00559776575827853	questionable fit	24G4A05	2	4	0.0359166666666667	2024-04-15
H7	0	0.0238107072716045	0	2.19513642813479	14.1147127984921	1.75153435659909	1.751	0.00324098154510127		32G4A01	2	4	0.0489166666666667	2024-04-15
H8	0	0.00866562897870274	0	-8.05479221347777	5.48746666628039	0.53757808506551	0.537	0.00210967942717121	questionable fit	24G2B09	2	4	0.0179166666666667	2024-04-15
H9	0	0.0047279876005369	0	-0.823872500272562	1.43718701698816	0.371045239977549	0.367999999999999	0.00195947619490594	questionable fit	32G2B08	2	4	0.0139166666666667	2024-04-15
I1	0.0369166666666667	0.0191516466789049	0.0130934746307144	1180.31837207139	52.9383681650077	1.27951621954363	1.275	0.00189381889785714		35G3A04	3	4	0.0369166666666667	2024-04-15
I10	0	0	0	0	0	0	0	0	cannot fit data	23G3B12	3	4	0.0199166666666667	2024-04-15
I11	0.127683281992697	0.0263202360047804	0.0269098975784078	50.106861598108	25.7580757615414	2.06095625771304	2.1055	0.00441700625405514		32G2B05	3	4	0.0659166666666667	2024-04-15
I12	0.0489166666666667	0.0121830457850629	0.0132492426014817	891.249405172444	52.3159852535592	0.817311633231564	0.8995	0.00931632804184514		23G3B04	3	4	0.0489166666666667	2024-04-15
I13	0.314715195314899	0.019260636172268	0.0377854286656042	72.2620255665951	18.3442984515063	2.27538298536677	2.3675	0.0125360933757349		30G4B06	3	4	0.107916666666667	2024-04-15
I14	0.0899166666666667	0.0180598409347384	0.0225409266504228	615.577763430859	30.7506071648986	1.5627194978569	1.695	0.0153333998918358		23D08	3	4	0.0899166666666667	2024-04-15
I15	0	0.00000000016280687456008	0	34.1833310082568	1.22886905378457	0.531889234316375	0.763	0.0159223188885229		28G4B03	3	4	0.0759166666666667	2024-04-15
I16	0.0859166666666667	0.0148124274733702	0.0172027499472788	675.828218082977	40.2928126424106	1.10519583664516	1.267	0.0186860230064356		19G3B04	3	4	0.0859166666666667	2024-04-15
I17	0	0.0000000000737254619277356	0	34.4492657659134	1.19233527215841	0.497782258910711	0.6915	0.0155715224113017		28G4B01	3	4	0.0739166666666667	2024-04-15
I18	0.236155571202899	0.018138787527153	0.0503431849726271	49.3913813319658	13.7684411690843	2.71518732142576	2.854	0.0150944189877981		12G1A05	3	4	0.134916666666667	2024-04-15
I19	0	0.00231745887153864	0	58.814454834705	27.3944901176761	0.180036294151443	0.1985	0.00202742960788375		28G3A07	3	4	0.0109166666666667	2024-04-15
I2	0	0	0	0	0	0	0	0	cannot fit data	26G3A08	3	4	0.00791666666666666	2024-04-15
I20	0.578048871332657	0.0434733811725863	0.0295847071479442	84.8182853160746	23.429239204354	4.1391591097823	4.148	0.00372547256103659		09D09	3	4	0.143916666666667	2024-04-15
I21	0.0880030121289379	0.0280869613872282	0.0347532038634745	21.8005502479804	19.9448425901371	2.18838657219761	2.183	0.00293860357940411		28D04	3	4	0.0649166666666667	2024-04-15
I22	0.167548617395746	0.0249466364006302	0.038587183134959	45.17869040221	17.9631453826432	2.55246959543365	2.546	0.00258283406389434		08G1A03	3	4	0.0909166666666666	2024-04-15
I23	0	0	0	0	0	0	0	0	cannot fit data	28D03	3	4	0.00891666666666666	2024-04-15
I24	0	0.0172476682344317	0	-4.91702287421504	7.4323028496771	1.2055461163015	1.1895	0.00158779429769479	questionable fit	02G3A08	3	4	0.0299166666666667	2024-04-15
I3	0.708258817048524	0.0344590595839425	0.0322215489344936	92.2724427809133	21.5119137186457	3.63451897091867	3.658	0.00346922038066939		33G4B03	3	4	0.135916666666667	2024-04-15
I4	0.376949613387029	0.0291196256135918	0.0369708509455778	67.0880271757854	18.7484778638252	3.27185559690456	3.3035	0.00486654706548196		25G3B04	3	4	0.124916666666667	2024-04-15
I5	0.0869166666666667	0.0279020563913641	0.0215125077517178	725.247068236577	32.2206591885875	2.34546949451293	2.375	0.0116246146093176		33D06	3	4	0.0869166666666667	2024-04-15
I6	0	0.012619686079899	0	-5.64837544521421	3.98949747789093	0.801001049422555	0.802	0.00618707040493716	questionable fit	24G4A05	3	4	0.0369166666666667	2024-04-15
I7	0.0449166666666667	0.0186434925094759	0.0167185821182214	908.53638004023	41.4596869314946	1.37283673944128	1.3785	0.00515712313588192		32G4A01	3	4	0.0449166666666667	2024-04-15
I8	0	0.00893326747967965	0	-25.1422355085979	11.2315017838769	0.487855515904732	0.49	0.00218470276238262	questionable fit	24G2B09	3	4	0.0169166666666667	2024-04-15
I9	0	0	0	0	0	0	0	0	cannot fit data	32G2B08	3	4	0.00791666666666666	2024-04-15
J1	0.0199166666666667	0.010114708830184	0.0127676793875665	1160.80194862948	54.2892063247569	0.669958965282468	0.666	0.00272687790711143		35G4A07	1	4	0.0199166666666667	2024-04-15
J10	0.110698282195717	0.0213872874567824	0.0306523477324161	46.6302911842078	22.6131840409377	1.80453697227052	1.8055	0.000794446333533677		30G1B03	1	4	0.0569166666666667	2024-04-15
J11	0.102916666666667	0.0234890538595374	0.0292521415607213	610.183716542929	23.695604614832	2.46666932046576	2.4715	0.0133991980278904		36G4B04	1	4	0.102916666666667	2024-04-15
J12	0.0949166666666666	0.0279360091414828	0.0252200585085595	700.168480770874	27.483964017161	2.60902279400234	2.6095	0.00249472920578249		33G2A09	1	4	0.0949166666666666	2024-04-15
J13	0.103916666666667	0.022238671929802	0.0282484453018872	624.433282983043	24.5375337705271	2.26756402379603	2.2075	0.0102495134183958		37G4A03	1	4	0.103916666666667	2024-04-15
J14	0	0.020522731779073	0	63.0050899977084	44.0303627768545	1.28434610914257	1.296	0.00168304835272306		33G1B11	1	4	0.0349166666666667	2024-04-15
J15	0.0729166666666667	0.0430940319325186	0.00450254177053121	2867.57380717928	153.945752396244	2.30905048253121	2.355	0.00778043611468105		39G1A08	1	4	0.0729166666666667	2024-04-15
J16	0.147282003280662	0.0291918666455287	0.0391852728375674	35.6653908602323	17.6889716560916	2.79202583196065	2.8945	0.00978783076354246		32G3B09	1	4	0.108916666666667	2024-04-15
J17	0.326972531866006	0.0400850769796585	0.0371909285466415	52.9184387861235	18.6375336042138	4.17674837502079	4.2555	0.00864566684101686		39G1A09	1	4	0.149916666666667	2024-04-15
J18	0.237403761097202	0.0287095153595596	0.026538485472467	74.7458490192511	26.1185658570859	2.42475811224602	2.4425	0.00256658983652323		30G3A10	1	4	0.0759166666666667	2024-04-15
J19	0.221685411844967	0.0394408094982334	0.0292013989155365	52.4135403169265	23.7367799592354	3.30137319491221	3.323	0.00393719950550251		39G3A10	1	4	0.104916666666667	2024-04-15
J2	0.186125933822552	0.0231452282411099	0.0418559183368187	46.6324301293791	16.5603147201818	2.62089381405571	2.612	0.00235720256370239		35D01	1	4	0.0949166666666666	2024-04-15
J20	0.0119166666666667	0.00809413630848597	0.00745285111700273	1969.87829352276	93.0042972384915	0.467096501685393	0.467	0.000588685202739108		33G3A09	1	4	0.0119166666666667	2024-04-15
J21	0	0.0187224199045796	0	-1.54651313873995	1.67234686361559	1.34288803533638	1.3385	0.00189878436973888	questionable fit	39G3B09	1	4	0.0339166666666667	2024-04-15
J22	0	0.00797196434993007	0	0.00582285677890193	0.927638418809969	0.752108091745021	0.751	0.00151975495929524		33G4B08	1	4	0.0179166666666667	2024-04-15
J23	0	0.0195520488401555	0	5.86591714916073	9.00354099480328	1.82120635382551	1.82	0.00362901503406671		54.4B	1	4	0.0519166666666667	2024-04-15
J24	0.0949166666666666	0.0109454946358596	0.0396836798584516	471.904766295762	17.4668070862466	1.5771788183234	1.4795	0.0112903490399087		35D06	1	4	0.0949166666666666	2024-04-15
J3	0.0229166666666667	0.0188720383682099	0.00220679226812983	5524.74529811576	314.097158382452	0.955574363059156	0.952	0.00119834453418168		35G4B10	1	4	0.0229166666666667	2024-04-15
J4	0	0.00948013793074841	0	-9.7051333747136	8.71446537409949	0.60088998591215	0.603	0.000961576131413608	questionable fit	28G4B05	1	4	0.0149166666666667	2024-04-15
J5	0.113916666666667	0.0297966663719573	0.0262162124002829	659.612503732327	26.4396385708435	2.8638352374594	2.8745	0.00957569932643584		36G2A07	1	4	0.113916666666667	2024-04-15
J6	0	0.00946546277739152	0	2.73209521422491	7.55761874741845	0.846914024023076	0.8435	0.00595267146463561		28G4B10	1	4	0.0369166666666667	2024-04-15
J7	0.112916666666667	0.0300754172382035	0.0264009850025338	690.767577616019	26.2545954438223	2.90611556209105	2.9065	0.00716088999189938		36G3B02	1	4	0.112916666666667	2024-04-15
J8	0.0659166666666667	0.0239330199085114	0.020961335229704	861.208331317892	33.0678925251717	1.98101012824476	1.964	0.00291394648131819		30D10	1	4	0.0659166666666667	2024-04-15
J9	0.107916666666667	0.0174327484301821	0.0341727448903563	518.496558019894	20.2836261115084	2.12046897169288	2.0485	0.0116154066248868		36G3B05	1	4	0.107916666666667	2024-04-15
K1	0.0209166666666667	0.0112796967662712	0.0108840852599416	1337.56355758131	63.6844681023444	0.711069361553851	0.718	0.00250973956967656		35G4A07	2	4	0.0209166666666667	2024-04-15
K10	0	0.0209168685949969	0	25.5513922469131	17.0078472745481	1.86779560755254	1.867	0.00133312456565665		30G1B03	2	4	0.0579166666666667	2024-04-15
K11	0.103916666666667	0.0317196025859348	0.025060480343721	669.087979278652	27.6589742516095	2.94884034200639	2.992	0.00558933189063362		36G4B04	2	4	0.103916666666667	2024-04-15
K12	0.0879166666666667	0.0278552066890332	0.023634447885346	768.829569832915	29.3278346895387	2.48619416457101	2.4785	0.00292952494479749		33G2A09	2	4	0.0879166666666667	2024-04-15
K13	0.105916666666667	0.0258166094651235	0.0296822497267996	591.152869456345	23.352245430848	2.74568579570298	2.7905	0.00719780638798396		37G4A03	2	4	0.105916666666667	2024-04-15
K14	0.172162174691861	0.020288834033949	0.0110094765101218	182.840319369216	62.959140693264	1.23326032696157	1.2335	0.00106948831352646		33G1B11	2	4	0.0319166666666667	2024-04-15
K15	0.0559166666666667	0.0435619077988564	0.00278739677297674	4528.85888396466	248.671874517424	2.23730469773843	2.2255	0.00365878981116631		39G1A08	2	4	0.0559166666666667	2024-04-15
K16	0.157101299151366	0.0288786850439726	0.0344882669032295	43.2223558503826	20.0980577685983	2.62289242323224	2.636	0.00208501123854003		32G3B09	2	4	0.0829166666666667	2024-04-15
K17	0.301358030714483	0.038073585304087	0.037784443466569	51.1775235843843	18.3447767643642	3.9866893669354	3.995	0.00220682882135356		39G1A09	2	4	0.139916666666667	2024-04-15
K18	0.165255558747212	0.0265969441395027	0.0316203658386145	52.2200971167516	21.9209095839581	2.3683879973354	2.363	0.00176900583917251		30G3A10	2	4	0.0759166666666667	2024-04-15
K19	0.16948903333356	0.0327851975067155	0.04658757805741	30.6485064271808	14.8783690730988	3.4994909455243	3.5115	0.00319259449917474		39G3A10	2	4	0.118916666666667	2024-04-15
K2	0.169866359697942	0.02334889779393	0.0418808197728222	43.8528864975863	16.5504683126988	2.5791280530023	2.575	0.00289088404139426		35D01	2	4	0.0909166666666666	2024-04-15
K20	0.0109166666666667	0.00717751525425614	0.00859552394635081	1731.69346299791	80.6404804275158	0.426464655711765	0.427499999999999	0.000452708323549341		33G3A09	2	4	0.0109166666666667	2024-04-15
K21	0.0369166666666667	0.0277693856145004	0.00414416318644488	3189.33726605185	167.258659800646	1.47474898316716	1.4675	0.00179204711354316		39G3B09	2	4	0.0369166666666667	2024-04-15
K22	0	0.0136030402480142	0	17.4838716872587	42.4953435729118	0.800563411660669	0.7995	0.00144389998651778		33G4B08	2	4	0.0199166666666667	2024-04-15
K23	0	0.0227639616011016	0	34.4555684449658	25.5885479377846	1.67239444702467	1.6725	0.0020462863633538		54.4B	2	4	0.0459166666666667	2024-04-15
K24	0.0889166666666667	0.0120249213136515	0.0370391688393856	497.174921480264	18.7138967282356	1.59642169675849	1.5275	0.00957874773305009		35D06	2	4	0.0889166666666667	2024-04-15
K3	0	0	0	0	0	0	0	0	cannot fit data	35G4B10	2	4	0.0199166666666667	2024-04-15
K4	0	0.00868601308743714	0	-4.14692661479415	3.65390069108716	0.581777260724332	0.5795	0.000820809628467141	questionable fit	28G4B05	2	4	0.0139166666666667	2024-04-15
K5	0.112916666666667	0.0266246579680272	0.0276978236914407	636.380834837825	25.025330086643	2.67145738900766	2.6445	0.0104728166950236		36G2A07	2	4	0.112916666666667	2024-04-15
K6	0.0329166666666667	0.0127611693419335	0.017298714665179	1036.82150475164	40.0692880353243	0.954646740415331	0.9395	0.00166735020607042		28G4B10	2	4	0.0329166666666667	2024-04-15
K7	0.114916666666667	0.0286646382980599	0.0290079578968596	592.281981640866	23.8950698640867	2.98862943148036	3.024	0.0067290554588065		36G3B02	2	4	0.114916666666667	2024-04-15
K8	0.0669166666666667	0.0244149082635686	0.0211124774377889	829.470662863766	32.8311626431529	2.02945945683354	2.019	0.00370921893204607		30D10	2	4	0.0669166666666667	2024-04-15
K9	0.0999166666666667	0.0258123677967406	0.0271619494834876	644.722528058936	25.5190512367798	2.54985187263025	2.5475	0.00458464507120442		36G3B05	2	4	0.0999166666666667	2024-04-15
L1	0.0169166666666667	0.0112428098918071	0.00574509716331658	2320.35627678749	120.650210232441	0.621402159768954	0.6265	0.00171155936743508		35G4A07	3	4	0.0169166666666667	2024-04-15
L10	0	0.0214884775598133	0	27.4413163758698	18.059175133639	1.8713065519386	1.871	0.00138064006050272		30G1B03	3	4	0.0569166666666667	2024-04-15
L11	0.0989166666666667	0.028861657772275	0.0261467957745092	632.140140863317	26.5098326593311	2.76840973994499	2.8055	0.00549905083689144		36G4B04	3	4	0.0989166666666667	2024-04-15
L12	0.0829166666666667	0.0274282316801767	0.0219596456145777	828.957748349638	31.5645886425328	2.33479136139048	2.313	0.00439861004114364		33G2A09	3	4	0.0829166666666667	2024-04-15
L13	0.112916666666667	0.0242836135428528	0.0329043860547686	500.479850344375	21.0654950196068	2.8428662600063	2.9	0.00852574366298646		37G4A03	3	4	0.112916666666667	2024-04-15
L14	0	0.0211740411721824	0	-3.44624523317898	25.3814678917902	1.3078882966466	1.3065	0.00109269857281093	questionable fit	33G1B11	3	4	0.0329166666666667	2024-04-15
L15	0.0499166666666667	0.0405953341612598	0.00209793996374634	6070.52889713085	330.394192654672	2.05006554754172	2.0385	0.0034983056634864		39G1A08	3	4	0.0499166666666667	2024-04-15
L16	0.16907482651401	0.0320492614294054	0.023609405039199	61.5387543094453	29.358943158843	2.40527512357533	2.419	0.00281881706552484		32G3B09	3	4	0.0689166666666667	2024-04-15
L17	0.434826678919601	0.0371408624893849	0.0312856064372323	75.7838756948089	22.1554657075481	3.62557726256385	3.6325	0.00296862763064548		39G1A09	3	4	0.126916666666667	2024-04-15
L18	0.24502500357989	0.0239279322185033	0.0309033758753654	71.9518593173144	22.4294971318162	2.27768495703952	2.257	0.00256924221949729		30G3A10	3	4	0.0799166666666667	2024-04-15
L19	0.127603886630979	0.032599135894652	0.0448494350393028	23.8496006792796	15.4549813158744	3.07192817828196	3.075	0.00193773471923882		39G3A10	3	4	0.0959166666666667	2024-04-15
L2	0.0879166666666667	0.0241745102772696	0.0273821305420589	563.165000812658	25.3138512905441	2.40340309006268	2.378	0.00513339835673574		35D01	3	4	0.0879166666666667	2024-04-15
L20	0	0.00809871847573438	0	-15.5699526961022	8.18672141853447	0.464569286509356	0.4615	0.000476142610361468	questionable fit	33G3A09	3	4	0.0109166666666667	2024-04-15
L21	0	0.015895620211153	0	-0.648713807530861	1.13681050457126	1.25426562325669	1.2555	0.00201887557071639	questionable fit	39G3B09	3	4	0.0309166666666667	2024-04-15
L22	0	0.00987429841813007	0	-1.3570968353765	1.1678709425166	0.676882042007312	0.6695	0.00201940260484098	questionable fit	33G4B08	3	4	0.0189166666666667	2024-04-15
L23	0	0.0203841772849062	0	18.7409891641541	17.0435318183011	1.68964207368841	1.6875	0.00347289401543703		54.4B	3	4	0.0489166666666667	2024-04-15
L24	0	0.022841885396663	0	17.1723860374835	15.3100224990169	1.98501662925737	1.971	0.00516061855431205		35D06	3	4	0.0569166666666667	2024-04-15
L3	0	0	0	0	0	0	0	0	cannot fit data	35G4B10	3	4	0.0189166666666667	2024-04-15
L4	0.0159166666666667	0.0112133373808013	0.00696841898501342	1993.15602903606	99.4697910746551	0.639191503388659	0.64	0.000567360113109114		28G4B05	3	4	0.0159166666666667	2024-04-15
L5	0.104916666666667	0.029633710413297	0.0243182426734176	727.517669088314	28.503177218378	2.69699253253307	2.712	0.00864491824935147		36G2A07	3	4	0.104916666666667	2024-04-15
L6	0.0289166666666667	0.0127371526702083	0.014026598833498	1185.5060502299	49.4166254262999	0.872339960225575	0.856	0.00213012959448378		28G4B10	3	4	0.0289166666666667	2024-04-15
L7	0.103916666666667	0.0290950102881974	0.0265480261692231	661.929363877345	26.109179497627	2.82337481814128	2.8485	0.0071009267249541		36G3B02	3	4	0.103916666666667	2024-04-15
L8	0.0659166666666667	0.0250568661310962	0.0202661376697834	869.256699482877	34.2022338865989	2.03420145461117	2.0335	0.00369242650984492		30D10	3	4	0.0659166666666667	2024-04-15
L9	0.102916666666667	0.0241736948651448	0.0301305242031474	565.861761619113	23.0048165072263	2.60524351660309	2.6315	0.00813412036948065		36G3B05	3	4	0.102916666666667	2024-04-15
A1	0	0.0169291755092097	0	16.0603787855726	7.93157271729755	2.58385115752917	2.61919565217391	0.0105916372880781		35G4A05	1	9	0.102347826086957	2024-04-15
A10	0.29528844441399	0.020659144733126	0.0945805349453635	27.355143667036	7.32864516954103	6.28403380335753	6.22019565217391	0.0087007366501965		28G2A06	1	9	0.264347826086957	2024-04-15
A11	0.124079949274609	0.0165893225612213	0.0918930366218392	20.3349943574884	7.54297829347401	3.34115988411039	3.33919565217391	0.00406978396319343		35G1A07	1	9	0.113347826086957	2024-04-15
A12	0.116544123867865	0.0209855781758975	0.0771455705623202	19.649911773624	8.98492519411731	3.1648223964764	3.15219565217391	0.00401727813067083		28G2A04	1	9	0.101347826086957	2024-04-15
A13	0.641329379778782	0.00941929580592522	0.040976114012042	102.644842798172	16.9158837354915	1.35308186680652	1.35619565217391	0.00162883356941543		35D10	1	9	0.0603478260869565	2024-04-15
A14	0.23147060724356	0.0319206408715558	0.0501004403089386	36.5827486118687	13.8351514734348	4.02467585194147	4.02769565217391	0.00311342217940764		28G1B05	1	9	0.149347826086957	2024-04-15
A15	0	0.0080132327072677	0	32.133545368961	10.6764786498862	1.3615183632787	1.35119565217391	0.00222579323965497		28G4B02	1	9	0.0543478260869565	2024-04-15
A16	0.128162084529806	0.0113755800360469	0.100859193630478	23.0903944445176	6.87242437312612	3.17341790206196	3.16069565217391	0.00397345396935502		28G1B03	1	9	0.116347826086957	2024-04-15
A17	0.0443478260869565	0.00539002934189572	0.0419575155685357	445.462799191726	16.5202150596291	0.834108400312694	0.813695652173913	0.00218346098471428		28G4A09	1	9	0.0443478260869565	2024-04-15
A18	0.0653478260869565	0.0132981402205931	0.0315457696976238	589.279755273956	21.9727458611402	1.49472132803736	1.45469565217391	0.00411654191047592		28G1A07	1	9	0.0653478260869565	2024-04-15
A19	0.166937412987793	0.0171609182411951	0.0695052254332796	31.1704556193377	9.9725909273587	3.19831626452212	3.22219565217391	0.00476149999681133		CONT	1	9	0.122347826086957	2024-04-15
A2	0	0.0155518953410391	0	14.4635277254285	7.96425624377185	2.19857688793275	2.20119565217391	0.00403188233600516		28G2B04	1	9	0.0673478260869565	2024-04-15
A20	0.146070982402659	0.0116439475211449	0.0908247292592367	26.9335792275402	7.63170103795771	3.16498597969593	3.18619565217391	0.00997166064668296		28G1A03	1	9	0.136347826086957	2024-04-15
A21	0.186311602640619	0.0132998207471634	0.0770499333456462	33.2980059388228	8.99607761437619	3.2353053576333	3.27719565217391	0.00747377268269904		28G4A04	1	9	0.138347826086957	2024-04-15
A22	0.340457149411397	0.00551496074536326	0.101671874602991	40.3896694826983	6.81749189012742	3.80645957560827	3.84919565217391	0.00620428749425102		26G3A06	1	9	0.225347826086957	2024-04-15
A23	0.25060494672226	0.0182312927111787	0.0542913569075097	46.8805220814501	12.7671736357738	2.99327509301059	3.00369565217391	0.0214844121945299		28G3B02	1	9	0.188347826086957	2024-04-15
A24	0.377516560521237	0.00693936248941667	0.109542699600439	36.3132540033778	6.32764376894331	5.19331842539822	5.31569565217391	0.0202717968828567		26G3A01	1	9	0.313347826086957	2024-04-15
A3	0.321181669567328	0.0273263377837696	0.0769357069278968	30.8730065819325	9.0094340877319	6.12010380568526	6.10069565217391	0.00510543429260439		35G3A03	1	9	0.258347826086957	2024-04-15
A4	0.14371031564217	0.0182006555947936	0.0376582896426936	51.2749020545961	18.4062310619152	1.90032409080718	1.90169565217391	0.00249929373566683		28G2A10	1	9	0.0653478260869565	2024-04-15
A5	0	0.0132286608796413	0	12.2310964411108	9.60306772032893	1.44604582601429	1.45769565217391	0.00284332989332622		35G2B04	1	9	0.0443478260869565	2024-04-15
A6	0	0.0231632939392927	0	3.21397826782608	8.10355071096507	2.06200501384244	2.06969565217391	0.00290096464036643		28G2A09	1	9	0.0573478260869565	2024-04-15
A7	0.0383478260869565	0.0175361725826117	0.0149724467608127	1033.36531831335	46.2948502427885	1.2318029998226	1.21569565217391	0.00315176425765818		35G2A08	1	9	0.0383478260869565	2024-04-15
A8	0.0373478260869565	0.0159725154410226	0.0175824494999412	744.162918070141	39.4226743300052	1.20417670168505	1.20669565217391	0.0017807423412703		28G2A08	1	9	0.0373478260869565	2024-04-15
A9	0	0.012407301458488	0	15.6695956359956	6.21660055228072	2.60258852062487	2.56819565217391	0.00434706278664807		35G1A08	1	9	0.0903478260869565	2024-04-15
B1	0	0	0	0	0	0	0	0	cannot fit data	35G4A05	2	9	0.0203478260869565	2024-04-15
B10	0.217680710865385	0.0222092927996924	0.0913863160208201	23.7990048008568	7.58480274445059	5.25930774688758	5.25669565217391	0.00428382676821939		28G2A06	2	9	0.197347826086957	2024-04-15
B11	0.108736115320101	0.0123610644468926	0.114571330865378	17.925040894773	6.04991820662706	3.18548922521949	3.17369565217391	0.00153127120266389		35G1A07	2	9	0.108347826086957	2024-04-15
B12	0.123940373665892	0.0206744397823348	0.065291393485967	24.6343248815087	10.6162105532167	2.9231009440863	2.90019565217391	0.00394537904477307		28G2A04	2	9	0.102347826086957	2024-04-15
B13	0.0513478260869565	0.00915502169923037	0.0346978208612963	521.100862252588	19.9766775939845	1.13146612885734	1.10769565217391	0.00358907625939054		35D10	2	9	0.0513478260869565	2024-04-15
B14	0.244909188102228	0.0355652433179921	0.0446972392206536	39.6581477828129	15.5076061216698	4.05437560265648	4.06369565217391	0.00394720760555429		28G1B05	2	9	0.146347826086957	2024-04-15
B15	0.0513478260869565	0.00972127285872148	0.03293436298039	520.854287576432	21.0463211622664	1.13908932904286	1.13569565217391	0.00252262006204022		28G4B02	2	9	0.0513478260869565	2024-04-15
B16	0.130584173171307	0.0130608015530554	0.0831937653751901	26.40849004323	8.33172026093502	2.89504909780001	2.86819565217391	0.00472269371080641		28G1B03	2	9	0.112347826086957	2024-04-15
B17	0.0433478260869565	0.00862503916402198	0.0322610016479176	594.985424422562	21.4856063095824	0.990415792824028	0.972195652173913	0.001901320000472		28G4A09	2	9	0.0433478260869565	2024-04-15
B18	0.0633478260869565	0.0160190577352649	0.0260839637489819	704.487201189214	26.5736905337863	1.53376145954568	1.50069565217391	0.00354706100234593		28G1A07	2	9	0.0633478260869565	2024-04-15
B19	0.21790318002949	0.0187632814830762	0.0585185870935104	40.3650507539532	11.8449062936588	3.16974339911724	3.18669565217391	0.00294863231877681		CONT	2	9	0.127347826086956	2024-04-15
B2	0	0	0	0	0	0	0	0	cannot fit data	28G2B04	2	9	0.0193478260869565	2024-04-15
B20	0.11505291175063	0.0130035910040627	0.0880272204829797	23.4044727465745	7.87423681853009	2.81499998180553	2.78719565217391	0.00482950176590824		28G1A03	2	9	0.103347826086957	2024-04-15
B21	0.150144014299769	0.0147095380667176	0.0768034250154473	28.9048544544708	9.02495143179532	3.07128721542885	3.08169565217391	0.00378088621921594		28G4A04	2	9	0.119347826086957	2024-04-15
B22	0.269268512107396	0.00691422085414199	0.10172288564757	35.745304901701	6.8140731178373	3.89983768541377	3.91869565217391	0.00542892003817852		26G3A06	2	9	0.204347826086957	2024-04-15
B23	0.278449560382324	0.0184877009581514	0.047866370248765	55.2251865781581	14.4808803541528	2.71315769359888	2.72219565217391	0.00396989303712925		28G3B02	2	9	0.111347826086957	2024-04-15
B24	0.320542780597365	0.0108655804933412	0.094622659243464	35.4030467083522	7.32538258913733	4.81925971414824	4.84819565217391	0.00721758572062438		26G3A01	2	9	0.237347826086957	2024-04-15
B3	0	0.0264580771467139	0	-1.69982240312626	0.550352749316279	1.12301396619876	0.827195652173913	0.0091599633016297	questionable fit (k < n0)	35G3A03	2	9	0.0293478260869565	2024-04-15
B4	0	0.0189877855619059	0	-9.7214276497281	5.86668714639657	1.14234289878951	1.14819565217391	0.0013840085687384	questionable fit	28G2A10	2	9	0.0283478260869565	2024-04-15
B5	0	0	0	0	0	0	0	0	cannot fit data	35G2B04	2	9	0.0163478260869565	2024-04-15
B6	0	0.0235732219680881	0	10.4619733769693	11.3429712470799	2.1960045936456	2.20369565217391	0.00295396310977992		28G2A09	2	9	0.0633478260869565	2024-04-15
B7	0	0.0158535809928833	0	44.5274163084142	21.8011882474373	1.35942568329122	1.36869565217391	0.00257025768705441		35G2A08	2	9	0.0433478260869565	2024-04-15
B8	0	0	0	0	0	0	0	0	cannot fit data	28G2A08	2	9	0.0163478260869565	2024-04-15
B9	0	0.00928169354201638	0	14.2438272997293	5.46483897214911	2.14964945169322	2.13969565217391	0.00287970969941252		35G1A08	2	9	0.0673478260869565	2024-04-15
C1	0	0	0	0	0	0	0	0	cannot fit data	35G4A05	3	9	0.0203478260869565	2024-04-15
C10	0.234786382299922	0.0221121316000497	0.098263398100668	23.0364031806696	7.05397120349773	5.82197127941018	5.80919565217391	0.00379387197567876		28G2A06	3	9	0.215347826086957	2024-04-15
C11	0.112771398045043	0.0112668286836517	0.116472172794985	18.8735289222559	5.95118270679148	3.21474159066813	3.19419565217391	0.00315041205838556		35G1A07	3	9	0.111347826086957	2024-04-15
C12	0.115952489253714	0.0216328048838101	0.0716393140369357	20.5540634002239	9.67551392525302	3.06026542782645	3.03769565217391	0.00481042800560838		28G2A04	3	9	0.102347826086957	2024-04-15
C13	0.278328460500492	0.00784316499147054	0.0438058880922438	80.8241868799294	15.8231509677502	1.17193885167069	1.17369565217391	0.00186865769084207		35D10	3	9	0.0513478260869565	2024-04-15
C14	0.271781834328641	0.0350504386527572	0.0432616105582154	44.153187866135	16.0222232047326	4.0316023738017	4.03819565217391	0.00608359522137183		28G1B05	3	9	0.145347826086957	2024-04-15
C15	0	0.0106423813271482	0	39.637435222901	15.0454081720104	1.2572632938257	1.25369565217391	0.000916139422629021		28G4B02	3	9	0.0463478260869565	2024-04-15
C16	0.122876904271164	0.0126218389474215	0.0914386848286133	23.7029644280722	7.58045877255491	2.9782263723528	2.95669565217391	0.00410818983166461		28G1B03	3	9	0.111347826086957	2024-04-15
C17	0.0453478260869565	0.00912871521856808	0.0321516813152325	586.794996828903	21.5586604558547	1.04482647814496	1.02969565217391	0.00189529017308502		28G4A09	3	9	0.0453478260869565	2024-04-15
C18	0.0603478260869565	0.0186139742395848	0.021477469113248	850.030279068259	32.2732244150867	1.56316859628593	1.51119565217391	0.00444212022030065		28G1A07	3	9	0.0603478260869565	2024-04-15
C19	0.188257271610056	0.021322770603914	0.0564453758459484	36.456945338108	12.2799639504872	3.17134383285319	3.18169565217391	0.00219272591517145		CONT	3	9	0.120347826086957	2024-04-15
C2	0.0293478260869565	0.0174587739159818	0.00992131365282782	1234.35132281278	69.8644559394996	1.07339856333956	1.07619565217391	0.00221662373460598		28G2B04	3	9	0.0293478260869565	2024-04-15
C20	0.111683462773457	0.0179711136722851	0.107803722450284	15.3191769654363	6.42971471490332	3.4982819669623	3.47119565217391	0.00518248889787281		28G1A03	3	9	0.108347826086957	2024-04-15
C21	0.161669049668073	0.0163278977907356	0.07058144795412	30.974266584078	9.82052934094681	3.11082235811044	3.11569565217391	0.00309517186382886		28G4A04	3	9	0.120347826086957	2024-04-15
C22	0.228087598166382	0.00790275879841078	0.111399501187063	29.867776997111	6.22217490360218	4.31859871269349	4.35819565217391	0.00815926039449045		26G3A06	3	9	0.191347826086957	2024-04-15
C23	0.101347826086957	0.0181515519005336	0.0366099094653297	441.545659652044	18.9333213515966	2.37821257200158	2.39319565217391	0.0033810830103257		28G3B02	3	9	0.101347826086957	2024-04-15
C24	0.321698514074798	0.00859102783141395	0.103332415458623	34.7986460870645	6.70793552520313	4.87121003236815	4.90819565217391	0.00767001589337655		26G3A01	3	9	0.249347826086957	2024-04-15
C3	0	0.0323478231610387	0	-0.0766716761633844	0.0347206792023468	1.21700527507813	1.00269565217391	0.0109892996091783	questionable fit (k < n0)	35G3A03	3	9	0.0373478260869565	2024-04-15
C4	0	0.0187526914085526	0	-3.98184566876201	7.79892013358803	1.34453256077705	1.34119565217391	0.00170396863884532	questionable fit	28G2A10	3	9	0.0323478260869565	2024-04-15
C5	0	0	0	0	0	0	0	0	cannot fit data	35G2B04	3	9	0.0183478260869565	2024-04-15
C6	0	0.0258896611780386	0	5.9564628848958	15.8975209820945	1.92246303940954	1.91819565217391	0.00351797953494186		28G2A09	3	9	0.0523478260869565	2024-04-15
C7	0	0	0	0	0	0	0	0	cannot fit data	35G2A08	3	9	0.0243478260869565	2024-04-15
C8	0	0.0166996580755946	0	-30.1256098484875	14.2356974999471	0.67993900915584	0.509195652173913	0.00426621364737269	questionable fit (k < n0)	28G2A08	3	9	0.0193478260869565	2024-04-15
C9	0	0.00944952900933516	0	13.8536172372153	5.42892771829926	2.14115623931674	2.13419565217391	0.00379129957143071		35G1A08	3	9	0.0643478260869565	2024-04-15
D1	0	0	0	0	0	0	0	0	cannot fit data	26G2A07	1	9	0.0193478260869565	2024-04-15
D10	0.0103478260869565	0.00421621468211035	0.0172014559759559	839.945842092024	40.2958436500273	0.314573937219378	0.308695652173913	0.00156548289875811		18G1A02	1	9	0.0103478260869565	2024-04-15
D11	0.24457341241763	0.0203523192978984	0.079008081212244	30.3695226526423	8.77311750804204	4.72963774703947	4.73819565217391	0.00399207023472018		23G1B05	1	9	0.193347826086957	2024-04-15
D12	0.0733478260869565	0.0140142661105663	0.0360916788483283	474.510287183615	19.2051797721249	1.80721287062076	1.80569565217391	0.00557103038984678		04D05	1	9	0.0733478260869565	2024-04-15
D13	0.0323478260869565	0.00300777157752861	0.0479510115472744	400.867031340205	14.4553192559156	0.563946140459486	0.555695652173913	0.00178418593892144		23G1A10	1	9	0.0323478260869565	2024-04-15
D14	0.137347826086957	0.0180652347436315	0.0421398691200639	451.441438439957	16.4487264681589	2.81174183617715	2.79919565217391	0.00489069668977241		37G1B08	1	9	0.137347826086957	2024-04-15
D15	0.0633478260869565	0.0172604622998445	0.0278685371134662	580.211794801163	24.8720332085538	1.74052470733923	1.74069565217391	0.00249994000191932		23G1A09	1	9	0.0633478260869565	2024-04-15
D16	0.123409947637294	0.0314951150643275	0.0816026548141755	13.1249401302836	8.49417438854619	3.94370594189804	3.92919565217391	0.00596758797971722		36G2A02	1	9	0.126347826086956	2024-04-15
D17	0.151599784230237	0.0194530941590407	0.0584357305440245	32.786557744804	11.8617012931453	2.84340546879399	2.82669565217391	0.00601936787057296		23G1A04	1	9	0.103347826086957	2024-04-15
D18	0.11013227042715	0.0158513988709661	0.135069222052788	13.2007909869663	5.13179220273473	3.71318363980372	3.69319565217391	0.00594906472401475		35G4A09	1	9	0.109347826086957	2024-04-15
D19	0.137096921062951	0.0219458168080144	0.0720630490508258	23.0030326863331	9.6186213279856	3.38580424121415	3.35969565217391	0.00539432803947958		23G1A03	1	9	0.119347826086957	2024-04-15
D2	0	0	0	0	0	0	0	0	cannot fit data	23D03	1	9	0.0343478260869565	2024-04-15
D20	0.124643957499077	0.0122180029727691	0.07465383714545	29.7290051025375	9.28481652201573	2.48519722508545	2.47519565217391	0.00293223838653266		35G4A08	1	9	0.0973478260869565	2024-04-15
D21	0.0483478260869565	0.00515189303772041	0.0486288607039056	117.226469879794	14.2538231520665	0.972472656788074	0.981195652173913	0.00261039890925212		23G1A02	1	9	0.0483478260869565	2024-04-15
D22	0.10694418456877	0.0136493015162172	0.119184504161033	16.1269027924946	5.8157491650376	3.30599954600662	3.27869565217391	0.00512962352971346		35G4A06	1	9	0.106347826086957	2024-04-15
D23	0.330907917843026	0.0137350758945216	0.0419038991292723	74.9212862788612	16.5413528326232	1.87941610096127	1.88619565217391	0.00619056982527954		23G1A01	1	9	0.0733478260869565	2024-04-15
D24	0.169545474922228	0.00296966092490422	0.063943027366998	62.9779810454907	10.8400745022856	0.814368192799448	0.819195652173913	0.00224505929725883		35G3B03	1	9	0.0463478260869565	2024-04-15
D3	0	0	0	0	0	0	0	0	cannot fit data	23G4A10	1	9	0.0273478260869565	2024-04-15
D4	0	0	0	0	0	0	0	0	cannot fit data	23D01	1	9	0.0383478260869565	2024-04-15
D5	0	0	0	0	0	0	0	0	cannot fit data	23G4A09	1	9	0.0293478260869565	2024-04-15
D6	0	0.0133473197868091	0	-0.19275695334499	0.0703789604261878	0.544882642986548	0.477695652173913	0.00241320994472089	questionable fit (k < n0)	18G4A01	1	9	0.0133478260869565	2024-04-15
D7	0	0.00665032302034533	0	-2.81818405795992	0.969886168715348	0.360491981841688	0.348195652173913	0.000937491279657395	questionable fit	23G3B11	1	9	0.00834782608695651	2024-04-15
D8	0	0	0	0	0	0	0	0	cannot fit data	18G3A05	1	9	0.0233478260869565	2024-04-15
D9	0.120493060560248	0.0176118962974972	0.0842366723994944	20.9528691857378	8.2285679243439	3.17247925545662	3.14919565217391	0.00564080331643778		23G3A05	1	9	0.108347826086957	2024-04-15
E1	0	0	0	0	0	0	0	0	cannot fit data	26G2A07	2	9	0.0233478260869565	2024-04-15
E10	0.0123478260869565	0.00459125980104482	0.0180628699715639	897.996338996362	38.3741443995974	0.350721351675128	0.344695652173913	0.00130532480677579		18G1A02	2	9	0.0123478260869565	2024-04-15
E11	0.242252020247214	0.0199939041031853	0.0800625418418565	30.081632485688	8.65757150115323	4.72663910011857	4.73519565217391	0.00416031796032018		23G1B05	2	9	0.191347826086957	2024-04-15
E12	0.0703478260869565	0.00865146502327009	0.0453216371647673	343.366511009426	15.293957233716	1.4900982449851	1.49919565217391	0.0068306573104603		04D05	2	9	0.0703478260869565	2024-04-15
E13	0	0	0	0	0	0	0	0	cannot fit data	23G1A10	2	9	0.0303478260869565	2024-04-15
E14	0.166132297344636	0.0130431816300036	0.0768648882922978	32.0400477438828	9.01773483263361	3.03053784360063	3.02319565217391	0.00527772287494804		37G1B08	2	9	0.126347826086956	2024-04-15
E15	0.187380523164793	0.0169460918798211	0.0362105535422808	63.7469795412072	19.1421315819047	1.82852868003723	1.82819565217391	0.00245297015550936		23G1A09	2	9	0.0653478260869565	2024-04-15
E16	0.0935330995972475	0.0214972250610762	0.0945680020998116	12.786993122901	7.32961641537446	3.07007020667698	3.05869565217391	0.00354661373127149		36G2A02	2	9	0.0973478260869565	2024-04-15
E17	0.129127835784361	0.0198319956014219	0.0676560789176396	25.2270274912697	10.2451574440745	2.9928459699133	2.97769565217391	0.00360426428229259		23G1A04	2	9	0.105347826086957	2024-04-15
E18	0.102100093169165	0.0140300707669193	0.130763404819511	14.0477320214195	5.3007734198775	3.36026969587271	3.34969565217391	0.00339896592614043		35G4A09	2	9	0.102347826086957	2024-04-15
E19	0.133401646728404	0.0238527780024455	0.0684975726793181	22.2558258805676	10.1192955231424	3.35885960466462	3.34719565217391	0.00420870795154676		23G1A03	2	9	0.115347826086957	2024-04-15
E2	0	0	0	0	0	0	0	0	cannot fit data	23D03	2	9	0.0343478260869565	2024-04-15
E20	0.112313256461418	0.00960249758189488	0.0839730179253081	28.2220849131084	8.25440358921579	2.33442775206992	2.33019565217391	0.00275275086736271		35G4A08	2	9	0.0923478260869565	2024-04-15
E21	0.0483478260869565	0.00554716488460244	0.0473297210229377	116.394366858497	14.6450721783046	1.00184797738887	1.01819565217391	0.00306912113054703		23G1A02	2	9	0.0483478260869565	2024-04-15
E22	0.115044092604149	0.0160330619951108	0.0966876462673135	18.8294820443681	7.16893219888292	3.24617795435168	3.25219565217391	0.00379513730403896		35G4A06	2	9	0.105347826086957	2024-04-15
E23	0.0753478260869565	0.0147475591404864	0.0359947655433526	434.558056293463	19.2568883307521	1.89614322014884	1.90269565217391	0.00586685335784594		23G1A01	2	9	0.0753478260869565	2024-04-15
E24	0.123843422685192	0.0036796044917501	0.0570003852127895	61.1583707561071	12.1603946705332	0.77499080460749	0.772695652173913	0.0015633644000513		35G3B03	2	9	0.0403478260869565	2024-04-15
E3	0	0	0	0	0	0	0	0	cannot fit data	23G4A10	2	9	0.0273478260869565	2024-04-15
E4	0.131670886692181	0.025878296673557	0.0722478591016582	19.4895163082336	9.59401689100067	3.57386064520062	3.56469565217391	0.00568234105415278		23D01	2	9	0.122347826086957	2024-04-15
E5	0	0	0	0	0	0	0	0	cannot fit data	23G4A09	2	9	0.0303478260869565	2024-04-15
E6	0	0.0103476305687281	0	-0.208365313600552	0.0618017664243267	0.448780343427373	0.416195652173913	0.00208637204996569	questionable fit (k < n0)	18G4A01	2	9	0.0123478260869565	2024-04-15
E7	0	0.00422524784482218	0	0.115631386757893	0.96995269160655	0.414024764744803	0.415695652173913	0.00104414029279655		23G3B11	2	9	0.00934782608695651	2024-04-15
E8	0	0	0	0	0	0	0	0	cannot fit data	18G3A05	2	9	0.0213478260869565	2024-04-15
E9	0.120884150060859	0.0164532178597555	0.0831296862390565	22.2303839695171	8.33814262893592	3.06379509783192	3.04369565217391	0.00499722969607754		23G3A05	2	9	0.108347826086957	2024-04-15
F1	0	0	0	0	0	0	0	0	cannot fit data	26G2A07	3	9	0.0193478260869565	2024-04-15
F10	0.0273478260869565	0.0224699064941776	0.00367432690268105	3473.12141180442	188.64602930517	1.17951336987253	1.17569565217391	0.00119452350130306		18G1A02	3	9	0.0273478260869565	2024-04-15
F11	0.239076662543617	0.0212323192667042	0.0794100733781875	29.3194071295072	8.72870595722608	4.80164273542824	4.81519565217391	0.00474331306903484		23G1B05	3	9	0.189347826086957	2024-04-15
F12	0.0783478260869565	0.0135495763559535	0.037001860498562	486.150542359034	18.7327656290927	1.79677084588878	1.78269565217391	0.00737841432371216		04D05	3	9	0.0783478260869565	2024-04-15
F13	0	0	0	0	0	0	0	0	cannot fit data	23G1A10	3	9	0.0303478260869565	2024-04-15
F14	0.242505480812046	0.0130148683968264	0.0668204925444828	42.9474490255077	10.37327254208	2.97948088905724	2.99119565217391	0.00560512861034758		37G1B08	3	9	0.136347826086957	2024-04-15
F15	0.142533308112842	0.0169282154000324	0.0417869459419478	47.9614141458402	16.5876487246255	1.93578671651406	1.93819565217391	0.0032125920786742		23G1A09	3	9	0.0683478260869565	2024-04-15
F16	0.101314258497021	0.0204824879944819	0.0985987808218915	13.9230911294417	7.02997719426211	3.2554874383144	3.24319565217391	0.00328642619805889		36G2A02	3	9	0.104347826086957	2024-04-15
F17	0.130422372113797	0.0204194340822822	0.06792993151815	24.790544296439	10.203855135269	3.06081575142085	3.04769565217391	0.00275700169690168		23G1A04	3	9	0.107347826086957	2024-04-15
F18	0.100961036942081	0.0152390943486006	0.1266811584204	13.63458253317	5.47158858667592	3.34934889467089	3.33969565217391	0.0041421846768365		35G4A09	3	9	0.100347826086957	2024-04-15
F19	0.14390363296061	0.0205550539947627	0.0737873379761972	24.2847556847178	9.39384994189038	3.42462910073358	3.41269565217391	0.00353605263367387		23G1A03	3	9	0.123347826086957	2024-04-15
F2	0	0	0	0	0	0	0	0	cannot fit data	23D03	3	9	0.0323478260869565	2024-04-15
F20	0.11235116719012	0.0095697518197792	0.0847355632316147	28.0165398071668	8.18012123983066	2.35096889246871	2.35269565217391	0.00234761360198798		35G4A08	3	9	0.0913478260869565	2024-04-15
F21	0.0463478260869565	0.00573058191009221	0.0436057473238937	435.998572477646	15.8957757428488	0.934358812751833	0.932695652173913	0.00103028921853344		23G1A02	3	9	0.0463478260869565	2024-04-15
F22	0.123591940969402	0.0140890292647526	0.0977380160936428	20.9801139164172	7.09188919791293	3.27348003657689	3.26019565217391	0.0037906563243809		35G4A06	3	9	0.118347826086957	2024-04-15
F23	0.0753478260869565	0.0162561590863901	0.033292756979755	536.520581176087	20.8197591140151	1.92547747609142	1.91919565217391	0.00381876856393269		23G1A01	3	9	0.0753478260869565	2024-04-15
F24	0	0.0032282723601706	0	22.5385281426541	7.55971403495997	0.722956826109228	0.710695652173913	0.00190881818290438		35G3B03	3	9	0.0303478260869565	2024-04-15
F3	0	0.0225673790996343	0	-30.0209369230642	14.2128389007136	0.918254658996166	0.696695652173913	0.00529620328369554	questionable fit (k < n0)	23G4A10	3	9	0.0253478260869565	2024-04-15
F4	0	0	0	0	0	0	0	0	cannot fit data	23D01	3	9	0.0373478260869565	2024-04-15
F5	0	0	0	0	0	0	0	0	cannot fit data	23G4A09	3	9	0.0283478260869565	2024-04-15
F6	0	0.0128592737791814	0	8.64515629858263	13.2008670649407	1.06803915900115	1.06769565217391	0.00226425902778481		18G4A01	3	9	0.0293478260869565	2024-04-15
F7	0	0.00867663281421646	0	14.686747866093	11.2165881905002	0.898522389097578	0.899195652173913	0.00258394018731728		23G3B11	3	9	0.0283478260869565	2024-04-15
F8	0.0333478260869565	0.0194154023336992	0.00934241036406339	1644.85801236709	74.1936131628527	1.17597213025364	1.15869565217391	0.00302354724895858		18G3A05	3	9	0.0333478260869565	2024-04-15
F9	0.136971679911355	0.0188001949398987	0.0737924671777165	24.9113447937559	9.39319698974991	3.19881248071101	3.18219565217391	0.00382056733523957		23G3A05	3	9	0.117347826086957	2024-04-15
G1	0	0	0	0	0	0	0	0	cannot fit data	35G3A04	1	9	0.0203478260869565	2024-04-15
G10	0.215931745084962	0.0616856102846824	0.0177182865290202	51.7261598579547	39.1204408747236	3.951842753286	3.94969565217391	0.00301206075005233		23G3B12	1	9	0.102347826086957	2024-04-15
G11	0.175206305620931	0.0504075837166826	0.0579814582590563	15.6353532254007	11.9546351777325	5.07582879486256	5.06369565217391	0.00375048241516111		32G2B05	1	9	0.150347826086957	2024-04-15
G12	0.0893478260869565	0.0786644824190079	0.00213364473418304	5453.02626676277	324.865320573318	3.97602061785973	3.96469565217391	0.00216831943010371		23G3B04	1	9	0.0893478260869565	2024-04-15
G13	0.206009924287021	0.0184659416197641	0.0771324577346901	30.0533059409873	8.98645266748974	4.04343997547643	4.04519565217391	0.00391337997884092		30G4B06	1	9	0.164347826086957	2024-04-15
G14	0	0.0157146066360669	0	10.7034145875565	5.83441106024971	2.5343187933655	2.51919565217391	0.00393244242607487		23D08	1	9	0.0723478260869565	2024-04-15
G15	0	0.00340785642430715	0	-0.555925054121681	1.2104595937447	0.276936899167908	0.275195652173913	0.000802205831819865	questionable fit	28G4B03	1	9	0.00634782608695651	2024-04-15
G16	0.0363478260869565	0.0153925680003072	0.0161277919683512	1001.36995470841	42.9784301484146	1.11543458824133	1.07869565217391	0.0044478972387322		19G3B04	1	9	0.0363478260869565	2024-04-15
G17	0.0113478260869565	0.00271727834785108	0.0275761644933372	620.774446657852	25.1357356360207	0.271680082983442	0.264695652173913	0.00118056063195592		28G4B01	1	9	0.0113478260869565	2024-04-15
G18	0.277525737262876	0.016894472806359	0.0998957918270022	27.3897434811784	6.93870250070519	5.87901429622672	5.86519565217391	0.003117151301791		12G1A05	1	9	0.244347826086957	2024-04-15
G19	0	0.000712028937272194	0	1.2977077842567	0.67306656291089	0.159021015839353	0.160695652173913	0.000483496147825914		28G3A07	1	9	0.00434782608695652	2024-04-15
G2	0	0	0	0	0	0	0	0	cannot fit data	26G3A08	1	9	0.00834782608695651	2024-04-15
G20	0.337490262088948	0.0395392273874564	0.0762115000825237	26.5004084712632	9.09504707044722	7.49027712120343	7.48019565217391	0.00608210687979428		09D09	1	9	0.278347826086957	2024-04-15
G21	0.976840495451353	0.0245801210766038	0.046877119681422	78.0103490743373	14.7864712096347	4.0341176764609	4.06019565217391	0.0050050855804108		28D04	1	9	0.187347826086957	2024-04-15
G22	0.302839279705719	0.0243573121420154	0.0921581712690527	26.4384717875617	7.52127750599917	6.67633241916432	6.67169565217391	0.00356986949125824		08G1A03	1	9	0.264347826086957	2024-04-15
G23	0	0.00701509943014313	0	-9.35043255596856	7.84548224348286	0.443394107280624	0.446195652173913	0.00113917736006613	questionable fit	28D03	1	9	0.0113478260869565	2024-04-15
G24	0.248101985666509	0.0139897049654243	0.0638392140659727	44.1339883966333	10.8577022869303	2.97735537691007	2.99369565217391	0.00532192186356766		02G3A08	1	9	0.131347826086956	2024-04-15
G3	0	0.0214112142542134	0	-12.4265334677022	4.13694897131909	1.13898808897294	1.13319565217391	0.00145447824008833	questionable fit	33G4B03	1	9	0.0273478260869565	2024-04-15
G4	0	0.0163736211087358	0	2.31985434972078	2.52073170608984	2.09039506161799	2.06369565217391	0.00847173475080857		25G3B04	1	9	0.0633478260869565	2024-04-15
G5	0.240160775605461	0.0200529681872763	0.106735018858996	22.4456818726711	6.49409339099513	6.08345897165974	6.06369565217391	0.00479506086308861		33D06	1	9	0.229347826086957	2024-04-15
G6	0.0553478260869565	0.0147347724631468	0.0264298522791221	651.710590598701	26.2259195866746	1.42497573746707	1.39969565217391	0.0031761178763113		24G4A05	1	9	0.0553478260869565	2024-04-15
G7	0.102402161494501	0.0149698533579639	0.0969661455398909	18.2004395470692	7.14834210126246	2.94178047072665	2.92419565217391	0.00393419917201075		32G4A01	1	9	0.0973478260869565	2024-04-15
G8	0.0373478260869565	0.00908933592610393	0.0290018940020382	638.137978002848	23.9000659926291	0.947502483008936	0.938695652173913	0.00214972310089758		24G2B09	1	9	0.0373478260869565	2024-04-15
G9	0.0223478260869565	0.00431406327733611	0.0339492351331923	512.768693406224	20.4171663320406	0.521212348300583	0.517195652173913	0.00149420961386477		32G2B08	1	9	0.0223478260869565	2024-04-15
H1	0	0.0198926578306137	0	-13.5695365552752	27.6750236732522	1.16724210413515	1.16569565217391	0.00186902916455378	questionable fit	35G3A04	2	9	0.0303478260869565	2024-04-15
H10	0.150196205063918	0.0135469567337226	0.036356842944435	63.5714021812712	19.0651091905669	1.46696615988321	1.46769565217391	0.00240496284946999		23G3B12	2	9	0.0523478260869565	2024-04-15
H11	0.121082426529812	0.0214185024001378	0.0894974313935919	17.1798072491394	7.74488350969116	3.55157729780869	3.54569565217391	0.00346959744370102		32G2B05	2	9	0.113347826086957	2024-04-15
H12	0.0223478260869565	0.0133681769204936	0.00996806637192015	1506.9343705955	69.5367742045265	0.822897946591448	0.819195652173913	0.00175737615324339		23G3B04	2	9	0.0223478260869565	2024-04-15
H13	0.177458076854027	0.0188759169018824	0.0913974665548682	23.2871438019449	7.58387739493667	4.36009856025273	4.36169565217391	0.00378882498618833		30G4B06	2	9	0.159347826086957	2024-04-15
H14	0	0.0209664433607091	0	14.91212539263	9.13714169595193	2.61566608333654	2.60669565217391	0.00320250661872406		23D08	2	9	0.0793478260869565	2024-04-15
H15	0	0.00321898599326225	0	-1.65627179124241	2.97468911150684	0.247514047522154	0.247195652173913	0.000819627912991298	questionable fit	28G4B03	2	9	0.00534782608695651	2024-04-15
H16	0.0303478260869565	0.0180603077102007	0.00480336742324858	2736.13870165968	144.304426349954	0.974975288133165	0.950195652173913	0.00357744167541419		19G3B04	2	9	0.0303478260869565	2024-04-15
H17	0.0103478260869565	0.00330578719400271	0.0207823212808583	783.783795451408	33.3527314486459	0.272264941875163	0.270195652173913	0.000912866792284293		28G4B01	2	9	0.0103478260869565	2024-04-15
H18	0.29127292272647	0.0178626205783288	0.0943548546255164	28.9149225273975	7.34617400780243	5.83550347005109	5.82669565217391	0.00338574438428734		12G1A05	2	9	0.247347826086957	2024-04-15
H19	0	0.000794588082132708	0	1.3503538358199	0.782382988966778	0.158664392265465	0.156195652173913	0.00060536646582203		28G3A07	2	9	0.00434782608695652	2024-04-15
H2	0	0	0	0	0	0	0	0	cannot fit data	26G3A08	2	9	0.00634782608695651	2024-04-15
H20	0.342504417407117	0.0381326487299493	0.0763838921483642	27.1939407887162	9.07452030872702	7.42964497075555	7.42169565217391	0.00635653264397936		09D09	2	9	0.280347826086957	2024-04-15
H21	0.39218868810294	0.015716510149153	0.067933963746636	46.7532322735166	10.2032494842356	4.01514535832777	4.02269565217391	0.00515245020689489		28D04	2	9	0.198347826086957	2024-04-15
H22	0.30150286490293	0.021602652780473	0.0956828367513305	26.7719595309393	7.2442164560961	6.55445868650494	6.54869565217391	0.00350005930916014		08G1A03	2	9	0.267347826086957	2024-04-15
H23	0	0.00663746893646194	0	-4.12753095888773	3.1550520675496	0.432868133958623	0.426195652173913	0.00157309876770533	questionable fit	28D03	2	9	0.0113478260869565	2024-04-15
H24	0.128347826086956	0.0169984436369964	0.0437881983124712	140.252598608298	15.8295432850118	2.76642821454311	2.78919565217391	0.00576027988868455		02G3A08	2	9	0.128347826086956	2024-04-15
H3	0	0.0293434495765345	0	-0.323137009513892	0.112335077190058	1.21729696658531	1.20169565217391	0.00237689053065308	questionable fit (k < n0)	33G4B03	2	9	0.0293478260869565	2024-04-15
H4	0	0.0153028383779373	0	3.99384336001541	2.71311642466369	2.47200339739598	2.43369565217391	0.0107178560690346		25G3B04	2	9	0.0723478260869565	2024-04-15
H5	0.249956688011765	0.0199054005705688	0.113241286442853	21.6114746612922	6.12097585901007	6.52129662161693	6.50619565217391	0.00455140673917497		33D06	2	9	0.237347826086957	2024-04-15
H6	0.0643478260869565	0.0133568203613169	0.031918677304863	598.248859475808	21.7160371007711	1.51813291292587	1.49169565217391	0.0037764403471713		24G4A05	2	9	0.0643478260869565	2024-04-15
H7	0.109800819424307	0.0165943436454898	0.0868495737103543	19.8706249795783	7.98100843731957	2.98682563975283	2.98419565217391	0.00262946610961431		32G4A01	2	9	0.100347826086957	2024-04-15
H8	0.0233478260869565	0.00961648335449064	0.0176960553168349	948.405582339683	39.1695871282979	0.727248819810203	0.718695652173913	0.00178297694095459		24G2B09	2	9	0.0233478260869565	2024-04-15
H9	0.0233478260869565	0.00460110752476589	0.0336279842179581	521.240676698561	20.6122132110966	0.550521636671629	0.539195652173913	0.00262960328224397		32G2B08	2	9	0.0233478260869565	2024-04-15
I1	0	0	0	0	0	0	0	0	cannot fit data	35G3A04	3	9	0.0183478260869565	2024-04-15
I10	0.0493478260869565	0.012820217035805	0.0267161660265511	669.656189503874	25.94485974788	1.25014830201458	1.21819565217391	0.00374514126527907		23G3B12	3	9	0.0493478260869565	2024-04-15
I11	0.122064230921797	0.0221950397052476	0.0867119190149151	17.3447022247219	7.99367824440282	3.55475228869435	3.54369565217391	0.00306559152858626		32G2B05	3	9	0.116347826086957	2024-04-15
I12	0.0233478260869565	0.0136606792156455	0.00900317887496778	1675.37097862982	76.9891601828722	0.820216412597623	0.804695652173913	0.00259633962135242		23G3B04	3	9	0.0233478260869565	2024-04-15
I13	0.18198893956994	0.0230363289321914	0.0815455931794329	23.686548194575	8.50011819810722	4.41065608386621	4.41569565217391	0.00367957348053209		30G4B06	3	9	0.156347826086957	2024-04-15
I14	0	0.0197227488000007	0	10.2983435066219	6.99097582252436	2.59446171647342	2.59319565217391	0.00286311125956949		23D08	3	9	0.0723478260869565	2024-04-15
I15	0	0.00233582899248553	0	0.415777390041046	1.13357027390932	0.249451290375888	0.239695652173913	0.000709700213847599		28G4B03	3	9	0.00534782608695651	2024-04-15
I16	0.0393478260869565	0.0168738520904054	0.00957678095111256	1474.17265631656	72.3778881545182	1.02823385978081	0.964195652173913	0.00593883632146839		19G3B04	3	9	0.0393478260869565	2024-04-15
I17	0.00934782608695651	0.00326584004598663	0.0199554522486638	722.426135248574	34.7347267264444	0.262851559732739	0.260695652173913	0.00103463527687729		28G4B01	3	9	0.00934782608695651	2024-04-15
I18	0.280137140629531	0.0189721029879734	0.0955907446820468	27.4313471238029	7.25119553012675	5.94049933032713	5.92019565217391	0.00457743775066525		12G1A05	3	9	0.244347826086957	2024-04-15
I19	0	0.00000298952059979919	0	1.43250245901124	0.14040659937187	0.164179392001117	0.168695652173913	0.000501753027214281		28G3A07	3	9	0.00434782608695652	2024-04-15
I2	0	0.00729163605744875	0	-21.434489351416	9.17430272370538	0.297365753419614	0.182195652173913	0.00313117094879678	questionable fit (k < n0)	26G3A08	3	9	0.00934782608695651	2024-04-15
I20	0.333893995804786	0.0397778678778501	0.0773169078156842	25.8761513448018	8.96501425292821	7.5568032278728	7.53619565217391	0.00594633318859247		09D09	3	9	0.280347826086957	2024-04-15
I21	0.98685001099156	0.0224267738112589	0.0497232518953367	75.6441824110073	13.9401015448258	4.01926367894533	4.04119565217391	0.00530351001062068		28D04	3	9	0.192347826086957	2024-04-15
I22	0.288288358986253	0.0262959552911368	0.0875355855944481	26.2624663792891	7.91846168450043	6.40953233757084	6.39469565217391	0.00377220468788022		08G1A03	3	9	0.252347826086957	2024-04-15
I23	0	0.00727124780496797	0	-5.76645071295873	2.83014953150565	0.425987109530842	0.419695652173913	0.00172264602199565	questionable fit	28D03	3	9	0.0123478260869565	2024-04-15
I24	0.23639262378915	0.0141782483496825	0.0631112467456989	43.604487775637	10.9829422852779	2.92006128943356	2.93119565217391	0.0054165932539416		02G3A08	3	9	0.126347826086956	2024-04-15
I3	0	0.0330504716626263	0	-0.438018399103822	0.227524897523025	1.17113799963008	1.12869565217391	0.00363425496412966	questionable fit (k < n0)	33G4B03	3	9	0.0333478260869565	2024-04-15
I4	0	0.0195257272037084	0	2.29791582362496	2.41200709650759	2.53645782390455	2.48519565217391	0.00937370502494827		25G3B04	3	9	0.0723478260869565	2024-04-15
I5	0.213935568201635	0.0168624368138443	0.11813183000552	20.8113800545404	5.86757337567322	5.73945052320277	5.71969565217391	0.00404184849401519		33D06	3	9	0.204347826086957	2024-04-15
I6	0.0663478260869565	0.0111161102496641	0.0375278195848723	529.223703504359	18.4702225769428	1.49814984952353	1.49169565217391	0.00265997515581338		24G4A05	3	9	0.0663478260869565	2024-04-15
I7	0.0919618204183558	0.0182626257698433	0.0885743662630993	15.7510041192789	7.82559570904562	2.79384776784351	2.79869565217391	0.00328859953354043		32G4A01	3	9	0.0853478260869565	2024-04-15
I8	0.0213478260869565	0.00788083073423319	0.0209233390744	727.35496356993	33.1279428247674	0.651628109033004	0.651195652173913	0.00166477547264244		24G2B09	3	9	0.0213478260869565	2024-04-15
I9	0.0163478260869565	0.00348842823284865	0.028291848617062	612.610425256732	24.4998900546191	0.356149385521316	0.333195652173913	0.00228978147303781		32G2B08	3	9	0.0163478260869565	2024-04-15
J1	0	0	0	0	0	0	0	0	cannot fit data	35G4A07	1	9	0.0123478260869565	2024-04-15
J10	0.0938205741537373	0.0192733101986311	0.0917605270108242	14.7417646370172	7.55387096325396	2.9324211124458	2.93169565217391	0.00228042901751999		30G1B03	1	9	0.0913478260869565	2024-04-15
J11	0.330878401640082	0.0244361818141957	0.0888102505826111	28.4760408822762	7.80481054847584	6.78008558089924	6.77369565217391	0.00783178178195077		36G4B04	1	9	0.268347826086957	2024-04-15
J12	0.318811231767276	0.022823933207491	0.0767480304988943	33.3885682666211	9.03146538164171	5.52128741893326	5.52219565217391	0.0046528536957958		33G2A09	1	9	0.235347826086957	2024-04-15
J13	0.289381009615644	0.0213570097851476	0.0870182819852803	29.0708625524846	7.96553511223303	5.80849399384121	5.80469565217391	0.00582367297447778		37G4A03	1	9	0.234347826086957	2024-04-15
J14	0	0.0174909166974734	0	17.8934966333566	9.89173270598547	2.21810873705763	2.20869565217391	0.00279427414326169		33G1B11	1	9	0.0683478260869565	2024-04-15
J15	0.190110135668584	0.0341134629996453	0.0417700704203781	36.3931050853258	16.5943502987676	3.49036877978644	3.48719565217391	0.00542565611016541		39G1A08	1	9	0.112347826086957	2024-04-15
J16	0.348794554858178	0.0284903473028539	0.0630241959953973	38.393283973393	10.9981122267798	5.2896904958818	5.31869565217391	0.00470361845046431		32G3B09	1	9	0.218347826086957	2024-04-15
J17	0.269662557012371	0.0326024280551072	0.0989259599959905	20.0546656499489	7.00672685499376	7.3511128051514	7.32519565217391	0.00526020228256592		39G1A09	1	9	0.258347826086957	2024-04-15
J18	0.282443411924971	0.0278434873243758	0.0651398534178609	33.9745053626156	10.6409078957167	4.97364390473046	4.97469565217391	0.0029860850893973		30G3A10	1	9	0.200347826086957	2024-04-15
J19	0.270338934751594	0.0308506565054794	0.100673886670727	20.3562861247178	6.88507420824048	7.30894811103729	7.29819565217391	0.00562668734255522		39G3A10	1	9	0.256347826086957	2024-04-15
J2	0	0	0	0	0	0	0	0	cannot fit data	35D01	1	9	0.0333478260869565	2024-04-15
J20	0.0663478260869565	0.0115835935063381	0.0359092764695856	524.883008946638	19.3027331293357	1.48545327215713	1.47569565217391	0.00228972905853469		33G3A09	1	9	0.0663478260869565	2024-04-15
J21	0.0593478260869565	0.0231208827197158	0.0185087947402776	857.615578150563	37.4496119432111	1.78794432842988	1.77669565217391	0.00281529858924487		39G3B09	1	9	0.0593478260869565	2024-04-15
J22	0	0.0138535661078176	0	9.79796824083184	19.097535229207	0.999183946827173	0.998195652173913	0.00164282924706903		33G4B08	1	9	0.0263478260869565	2024-04-15
J23	0.192203580105653	0.0195843272984529	0.0648304250645206	33.5700205164639	10.6916957565851	3.43626749490269	3.41019565217391	0.00394815739932642		54.4B	1	9	0.140347826086957	2024-04-15
J24	0.22758137184186	0.010384354560556	0.0811018344232243	37.4899602792901	8.54662765015652	3.25743366610657	3.25319565217391	0.0053192891767708		35D06	1	9	0.153347826086957	2024-04-15
J3	0	0.0148781004278526	0	-2.8214626710823	1.34520038997969	0.873546658808174	0.865195652173913	0.00196287753237803	questionable fit	35G4B10	1	9	0.0203478260869565	2024-04-15
J4	0	0.0115846047187854	0	28.15700169106	23.341068885209	0.865172101446526	0.865695652173913	0.00116804897578823		28G4B05	1	9	0.0243478260869565	2024-04-15
J5	0.326063248846124	0.032117976181253	0.0555533891315341	39.8531531232563	12.4771358038801	4.93690355017616	4.97519565217391	0.00927641263537722		36G2A07	1	9	0.192347826086957	2024-04-15
J6	0	0.00831058564241956	0	22.1531567654668	7.06426320539646	2.07686797758223	2.07319565217391	0.00295751072255514		28G4B10	1	9	0.0733478260869565	2024-04-15
J7	0.233521713250524	0.0179570360415753	0.108368784062628	22.9335319585762	6.39618859393462	5.81909341961538	5.77819565217391	0.00728007724869954		36G3B02	1	9	0.218347826086957	2024-04-15
J8	0.272771468631721	0.0240848054273809	0.0673813763508611	34.6477422738906	10.2869252321393	4.64930795239672	4.65819565217391	0.00488813131414664		30D10	1	9	0.192347826086957	2024-04-15
J9	0.255351971521376	0.0148520281730739	0.112677197541998	24.7129275620797	6.15161892273358	5.96925707368765	5.93469565217391	0.00692953918326096		36G3B05	1	9	0.237347826086957	2024-04-15
K1	0	0.0111152664642698	0	-31.8684884660493	15.8872307896378	0.449519226840951	0.340695652173913	0.0029402661557132	questionable fit (k < n0)	35G4A07	2	9	0.0123478260869565	2024-04-15
K10	0.0902226218023369	0.0213821773393498	0.0894844561979767	13.0663328252359	7.74600651342638	2.92239750207958	2.92769565217391	0.00228603997597622		30G1B03	2	9	0.0873478260869565	2024-04-15
K11	0.313574045542354	0.0225925495421569	0.093226025963845	27.4133694475245	7.43512526028689	6.66442070779103	6.66619565217391	0.0081650186513962		36G4B04	2	9	0.268347826086957	2024-04-15
K12	0.324069221579881	0.0244408562833764	0.0719089683389421	34.8536046677573	9.63923133054564	5.38629910082322	5.38219565217391	0.00506288969865312		33G2A09	2	9	0.229347826086957	2024-04-15
K13	0.277166865692999	0.0238211583255696	0.0903095134253605	26.1786461646975	7.67523989743142	6.17277390272627	6.13819565217391	0.00663539752588471		37G4A03	2	9	0.243347826086957	2024-04-15
K14	0.111737172247816	0.0184085707572861	0.0571636473766953	28.3975976202792	12.1256639904775	2.39012740815885	2.39369565217391	0.00470151187057769		33G1B11	2	9	0.0783478260869565	2024-04-15
K15	0.144719269500879	0.0369536907692963	0.0452323471192019	23.6621099939837	15.3241479760773	3.49747188858573	3.49169565217391	0.0047854680850737		39G1A08	2	9	0.105347826086957	2024-04-15
K16	0.320876948313361	0.0281205352703987	0.0650884473676546	35.9947256574193	10.6493119530825	5.25814272476063	5.27769565217391	0.00409427733552927		32G3B09	2	9	0.214347826086957	2024-04-15
K17	0.255285691873964	0.0324485435451267	0.102315785754196	18.8317536226427	6.77458688755186	7.23014242318065	7.20069565217391	0.00526854949397851		39G1A09	2	9	0.247347826086957	2024-04-15
K18	0.259321960396517	0.0245911280904991	0.0718053767064734	31.4190083744911	9.65313758318402	4.89871844900409	4.87969565217391	0.00423758839871939		30G3A10	2	9	0.199347826086957	2024-04-15
K19	0.249658691327166	0.0323436145111144	0.097094506713507	19.6193555945261	7.13889182840372	6.88718965093045	6.87819565217391	0.00401972575189265		39G3A10	2	9	0.237347826086957	2024-04-15
K2	0	0	0	0	0	0	0	0	cannot fit data	35D01	2	9	0.0323478260869565	2024-04-15
K20	0.0573478260869565	0.00619473512659029	0.0467727323920919	410.552813554521	14.8194716261037	1.11799046374061	1.11669565217391	0.0023715892713266		33G3A09	2	9	0.0573478260869565	2024-04-15
K21	0.0593478260869565	0.0245266890359233	0.0175710258213494	875.887865825959	39.4483047038579	1.84850551099314	1.83719565217391	0.00331871429010505		39G3B09	2	9	0.0593478260869565	2024-04-15
K22	0	0.0144071066897677	0	12.3413589085235	22.0711409694805	1.00334915155256	1.00119565217391	0.00196965686033926		33G4B08	2	9	0.0283478260869565	2024-04-15
K23	0.182138753520346	0.0184789209626903	0.0669996995775688	32.5547639869413	10.3455266953467	3.34881692327573	3.33169565217391	0.00295680708959231		54.4B	2	9	0.136347826086957	2024-04-15
K24	0.223143286611113	0.0131256592419729	0.0771785484058853	35.9247807731532	8.98108599963107	3.47919532749604	3.45969565217391	0.00578311003271739		35D06	2	9	0.157347826086957	2024-04-15
K3	0	0.017179446428453	0	-1.06166355453434	0.186420053689125	0.808783974158895	0.599695652173913	0.00584562235454408	questionable fit (k < n0)	35G4B10	2	9	0.0183478260869565	2024-04-15
K4	0	0.00994104825663109	0	-0.717120347477152	3.40095166147787	0.832841666627421	0.831695652173913	0.0015609373433085	questionable fit	28G4B05	2	9	0.0193478260869565	2024-04-15
K5	0.271600417563441	0.0259473789496741	0.0699152339669304	32.1510692311273	9.91410800238186	5.02290304320311	5.03519565217391	0.0109995032347848		36G2A07	2	9	0.198347826086957	2024-04-15
K6	0	0.0120062260408357	0	13.6333732862844	7.25193148414528	1.81160634449402	1.82119565217391	0.00490779960083489		28G4B10	2	9	0.0563478260869565	2024-04-15
K7	0.224195999059808	0.0283809769966607	0.0897670701225529	21.5162570117257	7.7216197388824	5.82113420333652	5.81069565217391	0.00414729632009252		36G3B02	2	9	0.202347826086957	2024-04-15
K8	0.240170691478812	0.025693536986451	0.0680052712748402	31.2029303891518	10.1925507768158	4.61262556849034	4.62819565217391	0.00470047697660633		30D10	2	9	0.176347826086957	2024-04-15
K9	0.226055967611771	0.021851556583388	0.0991143588192209	22.5481895369488	6.99340830952866	5.69772132562106	5.67319565217391	0.00535209753908323		36G3B05	2	9	0.209347826086957	2024-04-15
L1	0	0	0	0	0	0	0	0	cannot fit data	35G4A07	3	9	0.0113478260869565	2024-04-15
L10	0.099910039799511	0.0233239635067203	0.0893917508208966	13.3002650573036	7.75403965348794	3.21887390838116	3.21669565217391	0.00293161296994		30G1B03	3	9	0.0973478260869565	2024-04-15
L11	0.314426704099836	0.0208118996122678	0.0975157466244454	27.1417067625019	7.10805387389801	6.73397645190927	6.71969565217391	0.00782353018773267		36G4B04	3	9	0.270347826086957	2024-04-15
L12	0.417663344186903	0.0253723816136428	0.0645522471076852	42.4205615484519	10.7377699711003	5.34878987298212	5.34619565217391	0.00661183782413002		33G2A09	3	9	0.240347826086957	2024-04-15
L13	0.278477825364769	0.021708697926553	0.100043190770148	24.6939778606525	6.92847934201207	6.52234703696311	6.49569565217391	0.00689796110426391		37G4A03	3	9	0.251347826086957	2024-04-15
L14	0.134193573308553	0.0186020781296655	0.0564745806109983	32.3471030819776	12.2736135985569	2.56764307964119	2.57419565217391	0.00547979269713902		33G1B11	3	9	0.0883478260869565	2024-04-15
L15	0.236597809963401	0.0335701893405529	0.0355431635440068	50.6343105501013	19.5015612412143	3.29108691684802	3.29269565217391	0.00562662595492924		39G1A08	3	9	0.108347826086957	2024-04-15
L16	0.407161189322	0.0294363659346141	0.0587615881571167	43.4286271622331	11.7959231923175	5.2758184242468	5.30819565217391	0.00582655937445514		32G3B09	3	9	0.221347826086957	2024-04-15
L17	0.276690960713755	0.0336658717107078	0.0930189091765626	21.250303697326	7.45168038085952	7.2528228587083	7.23019565217391	0.0054172205037968		39G1A09	3	9	0.258347826086957	2024-04-15
L18	0.257538850271896	0.0214725620179514	0.0763291218507671	31.4078906580421	9.08103177074583	4.81710744141269	4.77719565217391	0.00599997227563293		30G3A10	3	9	0.203347826086957	2024-04-15
L19	0.269009228026136	0.0289941897767766	0.0999150140276321	21.1540391995391	6.93736759490672	7.09290660267837	7.08519565217391	0.00397858129281171		39G3A10	3	9	0.255347826086957	2024-04-15
L2	0	0	0	0	0	0	0	0	cannot fit data	35D01	3	9	0.0323478260869565	2024-04-15
L20	0.0583478260869565	0.00698275326883592	0.0440536340458508	460.418504246706	15.7341657634537	1.15488202925441	1.14519565217391	0.00222882078945275		33G3A09	3	9	0.0583478260869565	2024-04-15
L21	0.302559379181171	0.0240210586784744	0.0210177066791901	116.5981042943	32.9792013534112	1.86520522796617	1.86069565217391	0.00353021755763138		39G3B09	3	9	0.0603478260869565	2024-04-15
L22	0.197550677390498	0.0132712998486245	0.0185067230951097	142.15640182663	37.4538040580024	0.979836267676021	0.984195652173913	0.00158492614935317		33G4B08	3	9	0.0293478260869565	2024-04-15
L23	0.174338346694617	0.0182551746949545	0.0684265153510391	31.3612409347786	10.1298038779848	3.32687489917595	3.31719565217391	0.00301401645457112		54.4B	3	9	0.133347826086957	2024-04-15
L24	0.273600366245411	0.0136718752469523	0.0685993760580633	42.9313779036675	10.1042782076218	3.31344279829421	3.31069565217391	0.00528547111435353		35D06	3	9	0.155347826086957	2024-04-15
L3	0	0.0161142017156223	0	-1.58893128456298	0.493998558642144	0.855395917898543	0.732195652173913	0.0043971391324105	questionable fit	35G4B10	3	9	0.0193478260869565	2024-04-15
L4	0	0.0109658074263241	0	-2.66979982191921	4.77727373467229	0.818015283650064	0.816195652173913	0.00158169724407066	questionable fit	28G4B05	3	9	0.0193478260869565	2024-04-15
L5	0.106318663239036	0.0201942742457098	0.113138311225658	12.8196497555515	6.12654699412509	3.5597699198504	3.52969565217391	0.00756702886388216		36G2A07	3	9	0.109347826086957	2024-04-15
L6	0	0.0102940958503482	0	8.85488886214053	4.47576343023115	1.91736816667159	1.91569565217391	0.00318396355600619		28G4B10	3	9	0.0503478260869565	2024-04-15
L7	0.223663295755817	0.0295709541908195	0.0839002175473855	22.4259422209242	8.26156595086857	5.63688320173608	5.63669565217391	0.00571328148150155		36G3B02	3	9	0.201347826086957	2024-04-15
L8	0.270405623758155	0.0295169370564145	0.0638884011047907	32.859966339497	10.849343050909	4.96829810518968	4.97769565217391	0.00539844836381138		30D10	3	9	0.193347826086957	2024-04-15
L9	0.239091992182693	0.0237571344688097	0.0917438783092417	24.0267955837802	7.55524175927629	5.7330771980374	5.72569565217391	0.0062075430273433		36G3B05	3	9	0.212347826086957	2024-04-15
A1	0.120601607744568	0.0164972126517164	0.108583839388599	16.9657176295981	6.38352064600809	3.61696575989098	3.6085	0.00652470448067887		35G4A05	1	16	0.121541666666667	2024-04-15
A10	0.299012901459081	0.0203390218466554	0.121049471045392	21.6233981522118	5.72614795070045	7.81231762473123	7.772	0.00672152734449107		28G2A06	1	16	0.286541666666667	2024-04-15
A11	0.131390816156736	0.0107692470572908	0.137810921569588	17.5310019803218	5.02969701287384	3.93601789560878	3.901	0.00637128362979238		35G1A07	1	16	0.132541666666667	2024-04-15
A12	0.142110539686439	0.0248222258843232	0.0889343519223641	17.4611455946688	7.79391951003402	4.13548048235196	4.1265	0.00391156291083579		28G2A04	1	16	0.129541666666667	2024-04-15
A13	0	0.00803974653844363	0	32.3358442339474	10.3662610554957	1.44377902675313	1.4425	0.00340382349337573		35D10	1	16	0.0545416666666667	2024-04-15
A14	0.225899782237656	0.0292990316748971	0.0852975177104014	22.3174203620467	8.12622921704814	5.71456411747516	5.695	0.00564236732233068		28G1B05	1	16	0.203541666666667	2024-04-15
A15	0.117564069037183	0.00901188439989549	0.0622142409536747	40.0018836277608	11.1412945000176	1.68714821173704	1.69	0.00208109537303057		28G4B02	1	16	0.0725416666666667	2024-04-15
A16	0.120235711289708	0.0119582530278946	0.112305978526418	19.6185042833282	6.17195263916335	3.34362093857604	3.3315	0.00393527004808936		28G1B03	1	16	0.114541666666667	2024-04-15
A17	0	0.00462336440955142	0	35.3391991356236	9.7290755287687	1.01312803063715	1.0095	0.00157642265664676		28G4A09	1	16	0.0435416666666667	2024-04-15
A18	0	0.0146319318141483	0	28.2111352089003	14.6061391436423	1.53826359234047	1.545	0.00282007898480255		28G1A07	1	16	0.0485416666666667	2024-04-15
A19	0.135869880197423	0.0131597913857343	0.117799648801015	18.9530148930118	5.88411924496311	3.86617367301278	3.855	0.00407382645255882		CONT	1	16	0.130541666666667	2024-04-15
A2	0.149162465499388	0.015347616968667	0.102827085024948	21.0595963207262	6.74090080830139	3.94913755079637	3.926	0.00382353537911502		28G2B04	1	16	0.140541666666667	2024-04-15
A20	0.166649878292749	0.0167876703814694	0.0951292544385959	23.0115494944467	7.28637246923194	4.1338042712739	4.107	0.0043668920052098		28G1A03	1	16	0.153541666666667	2024-04-15
A21	0.155989432817687	0.0126273520518192	0.106477892615366	22.8170199914137	6.50977553682269	3.90162813496694	3.89	0.00349348504269735		28G4A04	1	16	0.146541666666667	2024-04-15
A22	0.261083384439489	0.00706080440561552	0.147371289259912	24.3118194550939	4.70340718358969	6.18919644153619	6.1505	0.00513035783632966		26G3A06	1	16	0.257541666666667	2024-04-15
A23	0	0.0152428315765565	0	9.82817251957941	6.34079365385577	2.13303513425188	2.1245	0.00277154768873237		28G3B02	1	16	0.0585416666666667	2024-04-15
A24	0.300626942722342	0.0102370890281635	0.144715079925433	23.1158151616959	4.78973705378254	7.46482252324504	7.4155	0.0053033380127289		26G3A01	1	16	0.297541666666667	2024-04-15
A3	0.342209175377973	0.0186923948035325	0.119811126871032	23.7969069556534	5.78533228642502	8.2751000790414	8.2265	0.0070585286409071		35G3A03	1	16	0.324541666666667	2024-04-15
A4	0.176372765237276	0.0155526617379401	0.0641926947900526	36.3912837979129	10.7979137318809	2.86101638668791	2.855	0.00173836134075637		28G2A10	1	16	0.120541666666667	2024-04-15
A5	0.509079275832073	0.00748857853868056	0.0921470628979335	45.6271237797029	7.52218419948673	4.384458439886	4.446	0.00691410361693375		35G2B04	1	16	0.273541666666667	2024-04-15
A6	0.154819533525765	0.0226863075782038	0.122359671575939	14.4005710891339	5.66483361415174	5.02193182063469	5.0225	0.00340430450519441		28G2A09	1	16	0.155541666666667	2024-04-15
A7	0	0.016836086872487	0	14.8233106867295	10.233373778989	1.88681517581034	1.8855	0.00201038915304157		35G2A08	1	16	0.0565416666666667	2024-04-15
A8	0.103742114115497	0.0134622454935603	0.0699771986395051	27.1949348681638	9.90532907912999	2.26304870171535	2.266	0.00342219340983683		28G2A08	1	16	0.0815416666666667	2024-04-15
A9	0.0960485560443957	0.0113044642947241	0.133032044489786	15.1425043466787	5.21037756894104	3.0745752176474	3.066	0.00304353526938063		35G1A08	1	16	0.0935416666666666	2024-04-15
B1	0.144942013721841	0.0113570639165759	0.139416844840947	17.6800564133533	4.97176063158451	4.32486705247929	4.2975	0.00431548182780514		35G4A05	2	16	0.145541666666667	2024-04-15
B10	0.249640219559864	0.0271511041468297	0.122405672839385	17.1843380962682	5.662704713608	7.50438857021525	7.4765	0.00611107038181089		28G2A06	2	16	0.249541666666667	2024-04-15
B11	0.133370454510304	0.0124179484150542	0.147553743992012	15.4266168818444	4.69759127628419	4.26335030576289	4.251	0.00492821834917761		35G1A07	2	16	0.140541666666667	2024-04-15
B12	0.130238460018129	0.0267162378789368	0.0940573395796336	14.4009469283342	7.36941086849573	4.11551540529775	4.108	0.00251054720601949		28G2A04	2	16	0.122541666666667	2024-04-15
B13	0	0.00668071416296305	0	26.2585328599562	8.39872298122376	1.44946410980588	1.449	0.0015281581005954		35D10	2	16	0.0545416666666667	2024-04-15
B14	0.223247881226081	0.0339063574093532	0.0828602634200906	20.757233765835	8.36525436862034	5.90616529524588	5.8855	0.00487876911640414		28G1B05	2	16	0.204541666666667	2024-04-15
B15	0	0.0106616760992213	0	30.3316406070436	10.8936154345794	1.67887768211897	1.6715	0.00170533441094463		28G4B02	2	16	0.0655416666666667	2024-04-15
B16	0.108438783233	0.0136103855784347	0.119108788654305	16.298006157798	5.819446141558	3.33624954287035	3.33	0.00347823071934812		28G1B03	2	16	0.103541666666667	2024-04-15
B17	0	0.00811205814506252	0	41.1275091494767	13.0794844469514	1.18206840060646	1.1785	0.00224455824057323		28G4A09	2	16	0.0455416666666667	2024-04-15
B18	0.14005580210879	0.0190227051566631	0.0282695014275182	65.4567880339589	24.5192573465488	1.63770124740601	1.6375	0.00202464899521051		28G1A07	2	16	0.0515416666666667	2024-04-15
B19	0.136267932496034	0.0154923420079036	0.117934068964994	17.4130205103628	5.87741258012299	4.05949937713273	4.041	0.00393060584934537		CONT	2	16	0.133541666666667	2024-04-15
B2	0.148938668150985	0.0163293605476247	0.104225186447422	20.095358825319	6.65047676273154	4.06605375254467	4.07	0.0041859749607406		28G2B04	2	16	0.141541666666667	2024-04-15
B20	0.185069760040731	0.0213342407999841	0.0754137618291895	27.0234378682395	9.19125586295388	4.04036533003933	4.027	0.00187497174308084		28G1A03	2	16	0.153541666666667	2024-04-15
B21	0.149263262555011	0.0122389008141802	0.124141198225975	19.4579986110626	5.58353866778543	4.19168487887248	4.1775	0.00308767996525897		28G4A04	2	16	0.146541666666667	2024-04-15
B22	0.225536646310085	0.00882319815710308	0.141336744358686	22.6493936368257	4.90422489710723	5.69755526781111	5.6645	0.00433556046593041		26G3A06	2	16	0.222541666666667	2024-04-15
B23	0	0.0190322909760692	0	9.14120470655618	7.23523971702247	2.29590493742302	2.296	0.00205395879789468		28G3B02	2	16	0.0635416666666666	2024-04-15
B24	0.267156591828477	0.0111571149316982	0.139576166477223	22.4472277417819	4.96608552917275	6.79826660025824	6.7425	0.00705088234862643		26G3A01	2	16	0.266541666666667	2024-04-15
B3	0.314357668935331	0.0226815263378442	0.108437031672887	23.5536999788994	6.39216298958558	7.66552077905028	7.6405	0.00344780432280669		35G3A03	2	16	0.295541666666667	2024-04-15
B4	0.213348944872784	0.0162285914533549	0.0558599873317748	44.701762413143	12.4086526630066	2.7132269854727	2.7225	0.00283122137689666		28G2A10	2	16	0.115541666666667	2024-04-15
B5	0.549772925012572	0.00932748423117139	0.0846072339340787	47.9796840715097	8.1925285620377	4.39842691801638	4.4285	0.00602696827079885		35G2B04	2	16	0.268541666666667	2024-04-15
B6	0.131745657296076	0.0235636853021216	0.14041100257365	10.8546192151665	4.93655887255964	4.71392751625158	4.7265	0.00470977549327351		28G2A09	2	16	0.133541666666667	2024-04-15
B7	0	0.0162645844257076	0	16.9818139764392	10.4537349616739	1.89918579741789	1.899	0.00117458632436697		35G2A08	2	16	0.0585416666666667	2024-04-15
B8	0.0907769398910128	0.015312989323473	0.0673899541699294	23.6675279325106	10.2856158473133	2.19883285278794	2.1905	0.0026367110559273		28G2A08	2	16	0.0755416666666667	2024-04-15
B9	0.0869521154989742	0.00918946381099205	0.167270946968221	12.7673317415302	4.14385876999687	3.00692366888157	2.9885	0.00305255569025523		35G1A08	2	16	0.0895416666666667	2024-04-15
C1	0.144771311881665	0.0113891023367614	0.119322172739563	20.6211615455174	5.80903921413527	3.90965386481744	3.902	0.00403114123801163		35G4A05	3	16	0.138541666666667	2024-04-15
C10	0.247603334422276	0.022751533228476	0.133324655127774	17.1821857243963	5.19894223537014	7.48185092239814	7.4605	0.00526701248751575		28G2A06	3	16	0.245541666666667	2024-04-15
C11	0.124540032596428	0.00802763058034333	0.175207439412387	15.2682347160012	3.9561515360571	4.03134709492665	4.025	0.00440808465403838		35G1A07	3	16	0.123541666666667	2024-04-15
C12	0.118919233383422	0.0239741110372782	0.107013992745227	12.8611641199897	6.47716399303178	3.95405928169289	3.951	0.00309774946099056		28G2A04	3	16	0.113541666666667	2024-04-15
C13	0	0.00610923137527777	0	20.15052092893	7.35283606881019	1.27256902198249	1.262	0.00334660510303071		35D10	3	16	0.0435416666666667	2024-04-15
C14	0.206414771534253	0.0290448575157813	0.0905573411095692	19.9806663214015	7.65423511851212	5.61140665485277	5.5915	0.00296874141750661		28G1B05	3	16	0.193541666666667	2024-04-15
C15	0.169301372200575	0.0104822400806388	0.0493690845288263	55.0563909101661	14.040106013212	1.61226086153236	1.6195	0.00141882786754185		28G4B02	3	16	0.0695416666666667	2024-04-15
C16	0.107455238040787	0.0155908313960376	0.1124339318676	15.7748698204141	6.16492876346424	3.33812017950981	3.325	0.00247128263682218		28G1B03	3	16	0.104541666666667	2024-04-15
C17	0	0.00749039254698465	0	33.6262422375174	11.3479392097541	1.1921359050441	1.189	0.00178588456012956		28G4A09	3	16	0.0455416666666667	2024-04-15
C18	0.205457026975472	0.0199522100976266	0.0240087539764035	92.8719970999887	28.8706019996369	1.63357135090667	1.6365	0.00176070173295819		28G1A07	3	16	0.0495416666666667	2024-04-15
C19	0.12537673797898	0.0169731279663502	0.114050949536718	16.257909409127	6.07752222472109	3.84886180326802	3.826	0.00390702058321068		CONT	3	16	0.121541666666667	2024-04-15
C2	0.140630101422884	0.014511812577201	0.113915612656026	18.9812198541936	6.08474259496754	3.99092375196645	3.972	0.00334904719926097		28G2B04	3	16	0.140541666666667	2024-04-15
C20	0.168669679148392	0.0228591077331219	0.0727399067363019	25.4737568489481	9.52911835689803	3.87344783603997	3.841	0.00437386320454376		28G1A03	3	16	0.145541666666667	2024-04-15
C21	0.13896973114757	0.0117391894075331	0.123840437781857	19.243051834493	5.59709891999018	3.92873626935064	3.896	0.0045536291100892		28G4A04	3	16	0.137541666666667	2024-04-15
C22	0.22880238011842	0.00791263759799899	0.139678741799513	23.8347113829883	4.96243860468654	5.52651728878153	5.482	0.00569173830877671		26G3A06	3	16	0.224541666666667	2024-04-15
C23	0	0.0137565741951381	0	9.71047883535256	6.36659716623261	1.90422841182757	1.904	0.00194655047727743		28G3B02	3	16	0.0535416666666667	2024-04-15
C24	0.281866645398114	0.011620408422834	0.133701709131554	23.5342588629135	5.18428062784097	6.88587442801468	6.834	0.00646392438755025		26G3A01	3	16	0.277541666666667	2024-04-15
C3	0.323340097218233	0.0203042872432253	0.105061069930095	25.728073463022	6.5975644548561	7.28487265826593	7.2425	0.00594181542647348		35G3A03	3	16	0.297541666666667	2024-04-15
C4	0.22073724348656	0.0177448992013543	0.0496850443527907	49.0503770603501	13.9508214109305	2.5927275005863	2.59	0.00223465154570125		28G2A10	3	16	0.108541666666667	2024-04-15
C5	0.407487667728346	0.00647059781988729	0.0976672347805343	42.2530186406271	7.0970288256599	4.15827384296961	4.192	0.00915161743574735		35G2B04	3	16	0.245541666666667	2024-04-15
C6	0.12290358552469	0.0234468828430481	0.139521377628194	10.3567271685593	4.96803566839119	4.4446284902777	4.4445	0.00247896827424149		28G2A09	3	16	0.122541666666667	2024-04-15
C7	0	0.0149384409286038	0	9.22589109849051	9.05934579250529	1.54515613794513	1.544	0.00122005751507841		35G2A08	3	16	0.0425416666666667	2024-04-15
C8	0	0.0125882833755681	0	22.6014087213914	8.90492408551406	2.14462928680357	2.1465	0.00286694277333537		28G2A08	3	16	0.0725416666666667	2024-04-15
C9	0.0886667093596036	0.00990999561161513	0.158460967059637	13.080947699357	4.37424555347486	3.0320466237518	3.025	0.00355021091806563		35G1A08	3	16	0.0875416666666667	2024-04-15
D1	0.0922759347150888	0.0171419653126842	0.110837364524114	13.3325365157346	6.25373206531939	3.04553962439661	3.04	0.0025910194250718		26G2A07	1	16	0.0915416666666666	2024-04-15
D10	0	0.00430253610466923	0	35.7760523770422	14.7347142494916	0.496702974030466	0.498	0.00174918719530765		18G1A02	1	16	0.0175416666666667	2024-04-15
D11	0.217613409846182	0.023028988099537	0.10831492143709	19.702847133502	6.39936927769026	6.0247263978925	5.9845	0.00478385454120666		23G1B05	1	16	0.212541666666667	2024-04-15
D12	0.134574104193958	0.0168171967433056	0.0652103105729571	29.8452866967252	10.6294108166293	2.71875170122805	2.6905	0.00720307918747589		04D05	1	16	0.0985416666666667	2024-04-15
D13	0.0860357473937891	0.00147059534372907	0.147248353093797	27.5171495489202	4.70733401084908	1.78013113055853	1.7695	0.00192531132231322		23G1A10	1	16	0.0845416666666667	2024-04-15
D14	0.24860948186301	0.0161911205111712	0.0842760757163468	31.6112969354238	8.22472065373468	4.53701187341935	4.541	0.00567815906784626		37G1B08	1	16	0.188541666666667	2024-04-15
D15	0	0.0158426910052686	0	17.5583196870693	9.78646658069668	2.01113966708332	2.007	0.00277194567719561		23G1A09	1	16	0.0615416666666666	2024-04-15
D16	0.150218027732319	0.0253781603510435	0.089880651418248	17.7250927145408	7.71186200391978	4.34505773999163	4.3305	0.00413894479735613		36G2A02	1	16	0.147541666666667	2024-04-15
D17	0.111438136141218	0.0238240278140023	0.10152992070047	12.8262426143403	6.82702375593146	3.68613831279931	3.681	0.00115478292609081		23G1A04	1	16	0.107541666666667	2024-04-15
D18	0.120940918864981	0.0210466667064441	0.137736462509493	11.3068821670198	5.03241602064649	4.27541064446309	4.257	0.00281503068232989		35G4A09	1	16	0.122541666666667	2024-04-15
D19	0.125851512991208	0.0235922271647219	0.0987207460918179	14.8559888719838	7.02129195736897	3.95404201130512	3.94	0.00374698623779778		23G1A03	1	16	0.118541666666667	2024-04-15
D2	0.325528231035282	0.0230122940999185	0.129388729646823	19.9098126088283	5.35709085676894	9.02524318816394	8.9765	0.00625718991395		23D03	1	16	0.328541666666667	2024-04-15
D20	0.0908564214917055	0.0106876590952718	0.122406094373595	16.4619599436427	5.66268521275088	2.78801143092141	2.777	0.00256254896672481		35G4A08	1	16	0.0885416666666667	2024-04-15
D21	0.0870366163935253	0.00249243448817698	0.157670041759762	22.3505637611498	4.39618822208519	2.22599158585898	2.221	0.00248309295159108		23G1A02	1	16	0.0855416666666667	2024-04-15
D22	0.120027339828919	0.0101463622475597	0.140431022795153	16.9640758045263	4.93585510354816	3.66053996996106	3.6205	0.00533684245115455		35G4A06	1	16	0.123541666666667	2024-04-15
D23	0	0.0125070114423555	0	14.3521457857456	7.2554472513639	1.95802579055884	1.9495	0.00283298361367523		23G1A01	1	16	0.0575416666666667	2024-04-15
D24	0	0.00163016641716044	0	17.3583409860697	4.46389043919398	0.780356853740421	0.787	0.00153186225668673		35G3B03	1	16	0.0265416666666667	2024-04-15
D3	0.123534354946858	0.0197857083854163	0.127256241456032	13.0210606294331	5.44686195843235	4.16291445759904	4.161	0.00266519716142865		23G4A10	1	16	0.124541666666667	2024-04-15
D4	0.277120621892116	0.0305280916838625	0.122175295064169	17.0991197485169	5.67338249681237	8.34995661378213	8.3185	0.00457133800328113		23D01	1	16	0.274541666666667	2024-04-15
D5	0.111569965616597	0.0189809353740779	0.132162621078619	11.9908003014738	5.244653706948	3.86732700603203	3.852	0.00414592974685272		23G4A09	1	16	0.115541666666667	2024-04-15
D6	0	0.0107492628608382	0	15.7990285872401	7.78778811008441	1.65797247091523	1.655	0.00145564615243321		18G4A01	1	16	0.0515416666666667	2024-04-15
D7	0	0.00519885327085715	0	33.115529468369	10.3654669074395	0.952435006478776	0.9515	0.00100733701846157		23G3B11	1	16	0.0385416666666667	2024-04-15
D8	0.122196016820728	0.0207447100135144	0.0526893087191846	30.1254222346218	13.1553667605353	2.51631527144839	2.5075	0.00302815480633545		18G3A05	1	16	0.0855416666666667	2024-04-15
D9	0.128182396978698	0.0221062774188872	0.109666401264059	14.3005999383531	6.32050630430516	4.12707990791875	4.1105	0.0025652719297571		23G3A05	1	16	0.126541666666667	2024-04-15
E1	0	0.017687153484393	0	11.5647460941593	6.14295959567646	2.85635970553115	2.8535	0.00199346614275052		26G2A07	2	16	0.0805416666666667	2024-04-15
E10	0.0165416666666667	0.00389513612263379	0.0305199650977207	565.386884414017	22.7112704205455	0.424657454957606	0.4195	0.00149085792977348		18G1A02	2	16	0.0165416666666667	2024-04-15
E11	0.204250552435285	0.0207076028499824	0.113094872334925	19.2930743230751	6.12890015479413	5.73927744804314	5.7015	0.00451396111096895		23G1B05	2	16	0.200541666666667	2024-04-15
E12	0.109441005258958	0.0159288480619664	0.0661698113743574	26.7487484966967	10.475278169352	2.42813982795062	2.4255	0.00406628388107409		04D05	2	16	0.0835416666666667	2024-04-15
E13	0	0.00125938177103214	0	27.1961733478259	4.51545175337979	1.74335416741545	1.7335	0.00175722736308922		23G1A10	2	16	0.0825416666666667	2024-04-15
E14	0.299179084357493	0.0170976482734513	0.0726116795752281	38.6061154335677	9.54594611520895	4.25383328503892	4.272	0.00717733118113288		37G1B08	2	16	0.185541666666667	2024-04-15
E15	0	0.0162000124508683	0	19.3960382781112	10.8659989230173	1.94146337529818	1.9345	0.00241692616924309		23G1A09	2	16	0.0605416666666666	2024-04-15
E16	0.156524631377441	0.0272747757927838	0.0789729657384563	19.7002236153556	8.77701849080253	4.25160553002216	4.2455	0.00493722277356127		36G2A02	2	16	0.147541666666667	2024-04-15
E17	0.114333305591548	0.0225362691937374	0.0902910983625068	15.5547342292995	7.67680527904369	3.49748203274692	3.487	0.00349782957753891		23G1A04	2	16	0.105541666666667	2024-04-15
E18	0.124551503142083	0.0189226780340568	0.13012764787065	13.2144876853827	5.32667109490021	4.18515991730537	4.178	0.00382291823205823		35G4A09	2	16	0.125541666666667	2024-04-15
E19	0.12302543032389	0.0271342131957764	0.0945319307874361	13.3544186853453	7.3324132363122	3.98630719165196	3.98	0.00331815397300865		23G1A03	2	16	0.115541666666667	2024-04-15
E2	0.320968150409563	0.023810119932314	0.124728618608125	20.2371630269582	5.55724250212126	8.79205300512516	8.742	0.00614622872541566		23D03	2	16	0.316541666666667	2024-04-15
E20	0.0947859100317623	0.00847077586794725	0.129391267462281	17.940799938014	5.35698578547434	2.79544519704302	2.7805	0.00269594468105027		35G4A08	2	16	0.0925416666666666	2024-04-15
E21	0.0894775800669468	0.00314484339979733	0.146181783329908	22.6597643758053	4.74167960446637	2.26036865384602	2.246	0.00229980251101645		23G1A02	2	16	0.0905416666666666	2024-04-15
E22	0.122048237846488	0.0118484615151527	0.141410688814505	15.7703555264715	4.90166044993372	3.85443663463084	3.8225	0.00523790952281916		35G4A06	2	16	0.124541666666667	2024-04-15
E23	0	0.0165997320830159	0	16.1567984304695	10.0638243373748	1.96319562443872	1.9545	0.00371387756666636		23G1A01	2	16	0.0585416666666667	2024-04-15
E24	0	0.00209503522941908	0	14.7006080423022	4.07146193588788	0.909725002900186	0.9085	0.00230333874153526		35G3B03	2	16	0.0305416666666667	2024-04-15
E3	0.125800149752593	0.0186910383830205	0.126670552680474	13.7822392989747	5.4720467061386	4.15779344693308	4.1485	0.00309153326360051		23G4A10	2	16	0.126541666666667	2024-04-15
E4	0.283440127906026	0.0276205643935152	0.121301396012719	18.350256939352	5.71425559263362	8.22755661518076	8.185	0.0051666505070897		23D01	2	16	0.280541666666667	2024-04-15
E5	0.110525043775046	0.0193594875609848	0.127722304261736	12.1317458925292	5.42698618355261	3.80652202236004	3.7975	0.00366931487505964		23G4A09	2	16	0.111541666666667	2024-04-15
E6	0	0.0101756500813647	0	16.7488187539833	7.77716582421692	1.64401387454503	1.64	0.00127591904886147		18G4A01	2	16	0.0515416666666667	2024-04-15
E7	0	0.00515417807778075	0	32.4178591921008	9.69238904086329	1.04891782819049	1.0485	0.000811190574128186		23G3B11	2	16	0.0435416666666667	2024-04-15
E8	0.107565096093249	0.0155128959798391	0.0663096130020008	26.8540872334855	10.4531929712669	2.37878082108904	2.3685	0.00293417980482296		18G3A05	2	16	0.0845416666666667	2024-04-15
E9	0.123918327823966	0.024350848733094	0.102632409816208	13.7214832444565	6.75368708384827	4.01885912843289	4.0055	0.00218926384550005		23G3A05	2	16	0.122541666666667	2024-04-15
F1	0	0.0151083077446946	0	10.0525332137712	4.58383553581319	3.08661170777706	3.07	0.00538245018917505		26G2A07	3	16	0.0875416666666667	2024-04-15
F10	0.0135416666666667	0.00361690790381401	0.028051031741412	588.741600364376	24.7102205348349	0.366674418699206	0.362999999999999	0.000865838949314743		18G1A02	3	16	0.0135416666666667	2024-04-15
F11	0.200549615636681	0.0210609247209309	0.109583735226017	19.5530183713065	6.32527426748436	5.58126818232799	5.547	0.004234526263774		23G1B05	3	16	0.196541666666667	2024-04-15
F12	0.100710391196451	0.0130518457769353	0.0693733663298704	27.4531803711171	9.99154599567837	2.18054284096214	2.1755	0.00336389226952871		04D05	3	16	0.0785416666666667	2024-04-15
F13	0	0.0010159262353496	0	27.1630820102507	4.30401531550836	1.71305436735203	1.6995	0.00151361997342915		23G1A10	3	16	0.0825416666666667	2024-04-15
F14	0.349372547838625	0.016899734036576	0.0684820581708565	43.5042446007437	10.1215880344981	4.12881807388768	4.168	0.00730802821407423		37G1B08	3	16	0.189541666666667	2024-04-15
F15	0	0.0158892079815002	0	19.3573000384484	10.247322233922	2.02537651258224	2.0185	0.0023225538303364		23G1A09	3	16	0.0635416666666666	2024-04-15
F16	0.148932622550532	0.0277585595988066	0.081189101235051	18.1512515796576	8.5374412330691	4.22284024203982	4.218	0.00453775477203814		36G2A02	3	16	0.143541666666667	2024-04-15
F17	0.112435898692104	0.017183997962868	0.094635190835437	18.0962954063253	7.32441256197467	3.2333199695294	3.2195	0.00416943414227585		23G1A04	3	16	0.103541666666667	2024-04-15
F18	0.126291397010143	0.0134832437658772	0.150061303102296	14.1558207284866	4.6190934386824	4.18443462914993	4.1535	0.00479463373997699		35G4A09	3	16	0.127541666666667	2024-04-15
F19	0.118893356843745	0.0208163351740405	0.0999941605757064	15.5010559924204	6.93187658728489	3.6803010079115	3.6685	0.00473832426690928		23G1A03	3	16	0.110541666666667	2024-04-15
F2	0.332087871686379	0.0200432080036944	0.129421717497566	21.2117103685858	5.35572540654144	8.81518908623223	8.7645	0.00528732924059923		23D03	3	16	0.330541666666667	2024-04-15
F20	0.0933385040480826	0.00897592471139795	0.115397112911206	19.4162393927613	6.00662497590643	2.61552348253372	2.6005	0.00291267770706178		35G4A08	3	16	0.0895416666666667	2024-04-15
F21	0	0.00270309671230227	0	21.6223255646783	4.40895321001524	2.19720649319453	2.1825	0.00207772771226074		23G1A02	3	16	0.0855416666666667	2024-04-15
F22	0.103727961809948	0.0145477065335643	0.0960421435680781	18.8794860223071	7.21711484988481	2.92136227333252	2.882	0.00634432266247365		35G4A06	3	16	0.101541666666667	2024-04-15
F23	0	0.0161652634608307	0	23.4869765817309	11.7605892382638	1.96191540677294	1.959	0.00271223809635229		23G1A01	3	16	0.0635416666666666	2024-04-15
F24	0	0.0020585908010555	0	10.2393035211246	3.49493686099744	0.659067376705114	0.6495	0.00267741802099241		35G3B03	3	16	0.0245416666666667	2024-04-15
F3	0.123471278515042	0.0200542588717491	0.13259078361124	12.3713576474386	5.22771765639663	4.24229750395058	4.238	0.0029442851174327		23G4A10	3	16	0.126541666666667	2024-04-15
F4	0.307039159288102	0.0243175067384846	0.123260498532845	19.9031023731904	5.62343320699164	8.49815150014804	8.454	0.00459642494723813		23D01	3	16	0.302541666666667	2024-04-15
F5	0.113551016498592	0.0190003007886023	0.121812976833777	13.1733218940286	5.69025729915291	3.7972122744322	3.786	0.00420553885576271		23G4A09	3	16	0.112541666666667	2024-04-15
F6	0	0.00944884483591038	0	16.3912910052925	7.57265862400044	1.55419890967962	1.5515	0.00099223746652398		18G4A01	3	16	0.0485416666666667	2024-04-15
F7	0	0.00535368646808406	0	33.8811641424876	10.2766292617117	1.01565012816957	1.012	0.000789885568405711		23G3B11	3	16	0.0425416666666667	2024-04-15
F8	0.11693442334105	0.016948048913969	0.0597814194846967	29.6895125173302	11.5946925739591	2.39951927560647	2.3895	0.00388141589456821		18G3A05	3	16	0.0845416666666667	2024-04-15
F9	0.129053207850382	0.0183694827997468	0.114803071725681	15.6440593372622	6.03770587442297	4.03009278368712	4.013	0.00304195920881568		23G3A05	3	16	0.127541666666667	2024-04-15
G1	0.121269379497688	0.0128688698517293	0.138000726793062	15.4421040736778	5.0227792031802	3.85947127888428	3.8245	0.00776814236247821		35G3A04	1	16	0.124541666666667	2024-04-15
G10	0.0735416666666667	0.0143440108638764	0.0363212121513152	123.840779889451	19.0838118968132	1.81603375252302	1.8115	0.00358796773062229		23G3B12	1	16	0.0735416666666667	2024-04-15
G11	0.149065562220476	0.0193340907338506	0.110815272709376	17.178108817157	6.25497879139633	4.45110198251006	4.416	0.00497587587153105		32G2B05	1	16	0.154541666666667	2024-04-15
G12	0.0275416666666667	0.012042331485316	0.0161727538241558	1073.6553732349	42.8589458602067	0.873719871695729	0.858	0.00179683173526165		23G3B04	1	16	0.0275416666666667	2024-04-15
G13	0.203980084905926	0.0167859352675357	0.119385224976619	20.2001961530755	5.80597122211476	5.58462595396796	5.5725	0.00312404214437759		30G4B06	1	16	0.196541666666667	2024-04-15
G14	0	0.0163449125531064	0	9.53181431854654	4.64783562811078	3.11388666715677	3.1	0.00263411144599578		23D08	1	16	0.0835416666666667	2024-04-15
G15	0	0.00196279281655395	0	0.553765491138619	1.01011215368669	0.225635245003964	0.226999999999999	0.000742687407194339		28G4B03	1	16	0.00554166666666665	2024-04-15
G16	0.0585416666666667	0.0135707714422991	0.0263353861661803	637.882324879322	26.3199930384951	1.30882466391084	1.2365	0.00584572998366757		19G3B04	1	16	0.0585416666666667	2024-04-15
G17	0	0	0	0	0	0	0	0	cannot fit data	28G4B01	1	16	0.0225416666666667	2024-04-15
G18	0.298126410414804	0.0157650524270044	0.124129227419162	23.2450656739298	5.58407713454392	7.35829539648755	7.312	0.00397966638586351		12G1A05	1	16	0.292541666666667	2024-04-15
G19	0	0.00106214909903986	0	1.38438927293769	2.89536065293703	0.112736673845242	0.11	0.000788803673332978		28G3A07	1	16	0.00354166666666667	2024-04-15
G2	0.0305416666666667	0.00731144366567763	0.0285697921326793	650.367966275921	24.2615409079961	0.752561356892615	0.744	0.000859106233901708		26G3A08	1	16	0.0305416666666667	2024-04-15
G20	0.328279910011293	0.03115605240355	0.123011841521076	18.3327111271393	5.63480045489106	9.54157491304191	9.503	0.00530965968750074		09D09	1	16	0.325541666666667	2024-04-15
G21	0.328587272254721	0.0174743121742404	0.0855374454733252	33.6627323765059	8.10343559740866	5.48929277876615	5.4655	0.00507826578731356		28D04	1	16	0.252541666666667	2024-04-15
G22	0.278886094553338	0.0213176757183184	0.133559384030635	18.6564862708467	5.18980516113309	8.05851702718455	8.0145	0.0046380972210796		08G1A03	1	16	0.282541666666667	2024-04-15
G23	0.0185416666666667	0.00618780744314602	0.0222887515652303	740.811360465754	31.0985197412866	0.531634743441587	0.526	0.00134399968493558		28D03	1	16	0.0185416666666667	2024-04-15
G24	0.089607406278406	0.0125264411761478	0.132171538609315	13.7473973523919	5.24429985345647	2.97448804576036	2.959	0.00381714571510356		02G3A08	1	16	0.0875416666666667	2024-04-15
G3	0.328909336550277	0.0239096813668611	0.129990866382717	19.5862006453422	5.33227602714171	9.21679402992346	9.164	0.00654054407360123		33G4B03	1	16	0.330541666666667	2024-04-15
G4	0.32448045225977	0.0267200667743346	0.123935957037028	19.4525809736229	5.59278515397153	9.11311081657938	9.085	0.00566074032677779		25G3B04	1	16	0.320541666666667	2024-04-15
G5	0.236375529107463	0.0101285098103682	0.145954828302761	21.2824285662589	4.74905276255828	6.27692343891275	6.241	0.00800696344344913		33D06	1	16	0.235541666666667	2024-04-15
G6	0.0921561940204533	0.0133342315524528	0.0682185931456108	26.0465227734969	10.1606783224104	2.08468468761532	2.076	0.00314711650554941		24G4A05	1	16	0.0735416666666667	2024-04-15
G7	0.123383262634059	0.0156551228867094	0.120070488507559	16.0640024753385	5.77283551666658	3.82290966291882	3.7875	0.00418441220124653		32G4A01	1	16	0.128541666666667	2024-04-15
G8	0	0.00800312421831574	0	18.2173537110953	11.2318988883637	0.901293724956206	0.8995	0.00226546721310497		24G2B09	1	16	0.0275416666666667	2024-04-15
G9	0.263524381357022	0.00326665061716311	0.0707992633445103	61.8354912383792	9.79031628036976	1.14020639095701	1.1435	0.00194228367301231		32G2B08	1	16	0.0705416666666667	2024-04-15
H1	0.0958793517654345	0.0111952727550149	0.152587350231959	13.2608371400131	4.54262545031579	3.25587602693703	3.228	0.00942166233711545		35G3A04	2	16	0.106541666666667	2024-04-15
H10	0.0605416666666666	0.0157362251331112	0.029171293824343	516.441462569651	23.7612765732566	1.64858879843254	1.6455	0.00429576590863791		23G3B12	2	16	0.0605416666666666	2024-04-15
H11	0.140675681447282	0.0197702572969287	0.10678927402069	16.9570397998915	6.49079401387867	4.21449540653577	4.203	0.00377908596809601		32G2B05	2	16	0.142541666666667	2024-04-15
H12	0.0275416666666667	0.01320054412249	0.0146580813203515	1081.91916588029	47.2877155891862	0.919467792261671	0.9125	0.00190110983179728		23G3B04	2	16	0.0275416666666667	2024-04-15
H13	0.230453997749616	0.0158393962936201	0.102670142229386	25.3856042150101	6.75120502912437	5.26178766736712	5.2425	0.00316580616405477		30G4B06	2	16	0.210541666666667	2024-04-15
H14	0.0870082411820459	0.0166577062462513	0.130216467491701	11.0632508179564	5.32303781473814	3.07722809673006	3.07	0.00419975709548882		23D08	2	16	0.0845416666666667	2024-04-15
H15	0	0.00154770679270127	0	0.249153431500384	0.220620063832551	0.23498439691537	0.235999999999999	0.000500872583127163		28G4B03	2	16	0.00554166666666665	2024-04-15
H16	0.0495416666666667	0.0122951874123711	0.0245652644680537	682.571149981684	28.2165568158796	1.12692713554454	1.0625	0.00587073042684885		19G3B04	2	16	0.0495416666666667	2024-04-15
H17	0.0175416666666667	0.00142752617396168	0.0499732109406239	382.401004563669	13.8703750972399	0.285915686474185	0.2805	0.00102193895951077		28G4B01	2	16	0.0175416666666667	2024-04-15
H18	0.302405531465674	0.015116677159956	0.124882593537746	23.5796639479335	5.55039065833014	7.37275072374675	7.3275	0.00529915047030334		12G1A05	2	16	0.295541666666667	2024-04-15
H19	0	0.0000000000289452459931391	0	3.30581925370512	0.122922508484956	0.161281741978417	0.1635	0.0009040891859776		28G3A07	2	16	0.00554166666666665	2024-04-15
H2	0	0.00675141587563135	0	53.4813362631222	22.3729986581851	0.594915355536462	0.5955	0.000600745462984914		26G3A08	2	16	0.0195416666666667	2024-04-15
H20	0.343131017926432	0.032413259182773	0.119974766981816	18.839939894964	5.77744135702303	9.80714339773354	9.7695	0.00558159146821164		09D09	2	16	0.335541666666667	2024-04-15
H21	0.275841814142246	0.0158472810597293	0.0892314497850925	31.3528768981268	7.76796950211322	5.03995562518944	5.02	0.0054369754359629		28D04	2	16	0.224541666666667	2024-04-15
H22	0.288829137627959	0.0219341209067343	0.135139601548187	18.4905971308971	5.12911961126944	8.39363393895386	8.347	0.00574893260454257		08G1A03	2	16	0.296541666666667	2024-04-15
H23	0.0135416666666667	0.00599422875723075	0.0169129129719673	934.921926791175	40.9833114915697	0.443731295407256	0.435499999999999	0.00147885131058543		28D03	2	16	0.0135416666666667	2024-04-15
H24	0	0.0182450137869692	0	14.0293418052213	7.77590581778809	2.59628695479687	2.59	0.00216008447863553		02G3A08	2	16	0.0805416666666667	2024-04-15
H3	0.305547482113337	0.021968202963356	0.131778000277548	19.4106424056112	5.25996129171831	8.61537994564775	8.569	0.00564978742773143		33G4B03	2	16	0.308541666666667	2024-04-15
H4	0.323304892682402	0.022949846972796	0.126971178538526	20.2538404506905	5.45909070497939	8.85704286392747	8.822	0.00406538462444815		25G3B04	2	16	0.320541666666667	2024-04-15
H5	0.247556722302441	0.0058674732021	0.164704551810328	22.5751424836055	4.20842759317403	6.28069002254447	6.2415	0.00896822131506289		33D06	2	16	0.251541666666667	2024-04-15
H6	0.0869087133640943	0.0132359825794053	0.0563164265691409	30.4830004047267	12.3080817229934	1.75646526537947	1.754	0.00187769164772502		24G4A05	2	16	0.0615416666666666	2024-04-15
H7	0.11076983877093	0.0116435808354078	0.140833927838978	15.2068423868511	4.92173435191309	3.55286479578331	3.5885	0.00670491351890592		32G4A01	2	16	0.119541666666667	2024-04-15
H8	0	0.00881250303846177	0	5.01558484148983	8.16497032337029	0.833333872778744	0.8385	0.00146417424358952		24G2B09	2	16	0.0225416666666667	2024-04-15
H9	0.493153970463563	0.00233052327113384	0.0745084253299885	71.8038482113643	9.30293691606128	1.00625169954961	1.0105	0.00323126277820858		32G2B08	2	16	0.0685416666666667	2024-04-15
I1	0.100188731045059	0.0124686925571704	0.162001340540201	12.0426747622381	4.27865089417542	3.52214749618829	3.48	0.0105836586161912		35G3A04	3	16	0.109541666666667	2024-04-15
I10	0	0.0164684896047823	0	11.2999699936228	19.2449737306325	1.19905397282	1.201	0.0018721182459915		23G3B12	3	16	0.0315416666666667	2024-04-15
I11	0.146733328997817	0.0221831702644578	0.097862507501086	17.6305988374632	7.08286756858599	4.28530903552292	4.2665	0.00482390918147591		32G2B05	3	16	0.146541666666667	2024-04-15
I12	0.0235416666666667	0.0132308731493988	0.0104660878050458	1488.72438108337	66.2279156712	0.8250415522785	0.8165	0.00113119636003887		23G3B04	3	16	0.0235416666666667	2024-04-15
I13	0.235561425773058	0.0200408138371272	0.0944847718908252	25.1393491082544	7.33607296380902	5.435529497572	5.415	0.00339550871006714		30G4B06	3	16	0.211541666666667	2024-04-15
I14	0	0.013135104166643	0	10.6066888780036	4.29532676984055	3.12415331673825	3.1215	0.00557180782458488		23D08	3	16	0.0885416666666667	2024-04-15
I15	0	0.00220403461133291	0	0.10592522425501	2.99550921852117	0.200606683700644	0.200999999999999	0.000403643829157898		28G4B03	3	16	0.00454166666666665	2024-04-15
I16	0.0325416666666667	0.0147462683935256	0.0105286778613221	1446.86622531557	65.8342091656419	0.921035513644889	0.8735	0.00464557497757666		19G3B04	3	16	0.0325416666666667	2024-04-15
I17	0.0185416666666667	0.00166345276686586	0.0467482744720388	412.223483476571	14.8272249272972	0.29997336524596	0.2915	0.00119829128359846		28G4B01	3	16	0.0185416666666667	2024-04-15
I18	0.307176150454665	0.0165020487522038	0.116251635241853	24.6767984656598	5.9624725202179	7.18841171368097	7.1465	0.00541932986369896		12G1A05	3	16	0.290541666666667	2024-04-15
I19	0.00354166666666667	0.00235810248169104	0.00721752881627028	1777.1042746499	96.0366350041308	0.135270207802344	0.1345	0.000723320866872298		28G3A07	3	16	0.00354166666666667	2024-04-15
I2	0	0.00718657085111782	0	34.3532048825615	17.9742991015489	0.669699530650321	0.671	0.000636238919136909		26G3A08	3	16	0.0215416666666667	2024-04-15
I20	0.343415548955987	0.0327297085686464	0.11541903333748	19.49850897771	6.00548419542914	9.59871486419238	9.5635	0.00473336459324419		09D09	3	16	0.331541666666667	2024-04-15
I21	0.259521201124564	0.0106609894926587	0.107853789528899	29.2089885402447	6.42672996088113	5.07358590606504	5.0365	0.00837639824970374		28D04	3	16	0.231541666666667	2024-04-15
I22	0.281304058923116	0.0236309633226344	0.131818639273776	18.1244008135212	5.25833967319552	8.25805810470503	8.2135	0.00545723685707746		08G1A03	3	16	0.285541666666667	2024-04-15
I23	0.0175416666666667	0.00572988964416807	0.0225353841501431	734.676654510617	30.7581701710438	0.495730626560861	0.4875	0.00135162711384166		28D03	3	16	0.0175416666666667	2024-04-15
I24	0	0.0162913905898038	0	11.037452459051	5.86480570332364	2.67474201677416	2.66	0.00242350474091462		02G3A08	3	16	0.0765416666666667	2024-04-15
I3	0.303077891627726	0.0225274140696627	0.136658764063168	18.4548770878305	5.07210192710034	8.82196129277031	8.7795	0.00684276065331008		33G4B03	3	16	0.307541666666667	2024-04-15
I4	0.314983208649694	0.0266106089902317	0.125645001362674	18.9656842408685	5.51671115478105	8.98849706400441	8.9605	0.00412958756772771		25G3B04	3	16	0.311541666666667	2024-04-15
I5	0.225629468116756	0.00541046962164907	0.176879082415786	20.9537869204051	3.91876286948718	6.08208533617793	6.044	0.0081898100559277		33D06	3	16	0.230541666666667	2024-04-15
I6	0	0.0122674944706884	0	26.5560907433408	10.6880361611488	1.80765810008563	1.807	0.00189040549696377		24G4A05	3	16	0.0635416666666666	2024-04-15
I7	0.124513823182419	0.0135701860893675	0.130387632117161	16.1146197476968	5.31605006782476	3.87480121582222	3.859	0.00328823845934852		32G4A01	3	16	0.123541666666667	2024-04-15
I8	0	0.00731376670980514	0	10.7028366754156	9.05581723309851	0.795071090671237	0.7955	0.00129410546966127		24G2B09	3	16	0.0225416666666667	2024-04-15
I9	0.0645416666666666	0.00238119950356894	0.0697907301740071	112.754726778885	9.93179436340245	0.933428964744224	0.945	0.00351357295549596		32G2B08	3	16	0.0645416666666666	2024-04-15
J1	0	0.00824197262231272	0	15.2836695190697	6.70087298811437	1.50823504401671	1.4935	0.00176289008479124		35G4A07	1	16	0.0485416666666667	2024-04-15
J10	0.109905873774242	0.0211455343218846	0.107428276472648	13.3531992648283	6.4521856192715	3.61372210763958	3.608	0.00254395348432428		30G1B03	1	16	0.108541666666667	2024-04-15
J11	0.299512821035763	0.0155186487472507	0.15466246979136	18.7951949561585	4.48167665688387	8.66522015020811	8.5925	0.0127986404795248		36G4B04	1	16	0.312541666666667	2024-04-15
J12	0.308068364897213	0.0233855833437825	0.0981883813105073	25.4536814209045	7.05936049977199	7.02352521633816	6.9825	0.00603217132877849		33G2A09	1	16	0.280541666666667	2024-04-15
J13	0.28427155009212	0.015094732314773	0.148117295187394	19.4509536887382	4.67971805509272	8.03873201663531	7.978	0.00984838199582327		37G4A03	1	16	0.288541666666667	2024-04-15
J14	0	0.017411997767328	0	15.8428285351744	9.81678891821231	2.08895527422792	2.088	0.00317743567328467		33G1B11	1	16	0.0625416666666666	2024-04-15
J15	0.166505306664914	0.0292291776050626	0.0628227469113139	24.6220846836671	11.0333790647272	3.9301046257113	3.9105	0.00567180933576868		39G1A08	1	16	0.133541666666667	2024-04-15
J16	0.308270224840639	0.0264498437585876	0.0937018302854377	25.2505171247709	7.39737077118405	7.08670226946332	7.075	0.0034393942549901		32G3B09	1	16	0.275541666666667	2024-04-15
J17	0.314312159678676	0.0307621570032002	0.114669260883007	19.3696479856252	6.04475144622356	8.817493755442	8.807	0.00416958760031667		39G1A09	1	16	0.308541666666667	2024-04-15
J18	0.26948592669319	0.0207894172486747	0.104876549814292	23.6639100808537	6.60917222951483	6.54470515499469	6.4915	0.00718415009639929		30G3A10	1	16	0.253541666666667	2024-04-15
J19	0.285239109101675	0.0282367139720774	0.127469822091307	17.3253741403028	5.43773552977457	8.56073707265965	8.529	0.0045535051902693		39G3A10	1	16	0.288541666666667	2024-04-15
J2	0.282609952262628	0.0201723464936624	0.13297474512762	19.2946463479143	5.21262274197038	8.00126404858893	7.9655	0.0054239095935428		35D01	1	16	0.284541666666667	2024-04-15
J20	0.108139478782468	0.00628413872021678	0.0561117578294797	49.6424436590134	12.3529756930157	1.13370410730392	1.136	0.00192276853247779		33G3A09	1	16	0.0505416666666667	2024-04-15
J21	0	0.0201398876808314	0	7.35565038927114	9.45716420574159	1.91627455226925	1.916	0.00235134515338688		39G3B09	1	16	0.0505416666666667	2024-04-15
J22	0	0.0114561598364262	0	49.0182262730354	20.5773743312025	1.05792411397996	1.0565	0.00134931155563247		33G4B08	1	16	0.0335416666666667	2024-04-15
J23	0.255308411716232	0.0152897360901205	0.0936662833643326	29.3972908609378	7.40017811813691	5.02088424307325	4.999	0.00522073223976826		54.4B	1	16	0.215541666666667	2024-04-15
J24	0.280548397862244	0.00553556815138928	0.129341602653785	30.1961894858364	5.35904276998426	5.15830001650495	5.14	0.00619040749880494		35D06	1	16	0.255541666666667	2024-04-15
J3	0.101701147719084	0.0104227471520605	0.106030617561918	20.4650655557229	6.53723609744303	2.74703191126938	2.736	0.0033824160388566		35G4B10	1	16	0.0945416666666666	2024-04-15
J4	0.0885293016457288	0.0131499327578301	0.0594591201621292	29.3666802585915	11.6575418315965	1.8350580508195	1.8335	0.000882279349841427		28G4B05	1	16	0.0655416666666667	2024-04-15
J5	0.266729109208665	0.0156486142878314	0.15887323296301	17.4692184686899	4.36289466534195	8.05502799230905	7.9825	0.0127606793968513		36G2A07	1	16	0.274541666666667	2024-04-15
J6	0	0.0118632647137141	0	15.6035379033763	8.51698528158419	1.63411937186764	1.6205	0.00414468920035469		28G4B10	1	16	0.0535416666666667	2024-04-15
J7	0.255142540849323	0.0199128632172208	0.144815791985448	17.0506022781504	4.78640603387783	7.77315741018954	7.7335	0.00838434770631086		36G3B02	1	16	0.259541666666667	2024-04-15
J8	0.254664878280128	0.024723271886482	0.1083944318776	20.5737543074513	6.39467515584798	6.86178751153126	6.8295	0.00385155543253011		30D10	1	16	0.247541666666667	2024-04-15
J9	0.265996218538892	0.0124842512190159	0.159916020398371	18.8282767123244	4.33444490947953	7.69520288054413	7.623	0.0117622463142605		36G3B05	1	16	0.282541666666667	2024-04-15
K1	0	0.00771750192299554	0	13.228774861745	5.31070581606508	1.71693046609431	1.699	0.00407989783819714		35G4A07	2	16	0.0585416666666667	2024-04-15
K10	0.111336571658661	0.0178924428998584	0.111735222653801	14.7937707171526	6.20347965571772	3.54658789976865	3.5435	0.00258423349143127		30G1B03	2	16	0.110541666666667	2024-04-15
K11	0.312117024966071	0.0129263203578993	0.160675230175819	19.553826710979	4.31396413623599	8.81637693880498	8.753	0.011745622944812		36G4B04	2	16	0.319541666666667	2024-04-15
K12	0.296984491941358	0.0213408211864008	0.0969290777479243	26.3954565217326	7.151075783085	6.54365272386218	6.5075	0.00529989655936543		33G2A09	2	16	0.267541666666667	2024-04-15
K13	0.304664528116094	0.0134565199245581	0.147526507006574	20.8408247279704	4.69845856601931	8.21838168315194	8.1375	0.0112775279775757		37G4A03	2	16	0.313541666666667	2024-04-15
K14	0	0.0171797619254624	0	13.5743249528468	9.94914487983538	1.90153241965756	1.8995	0.00245216981262803		33G1B11	2	16	0.0555416666666667	2024-04-15
K15	0.222128357935458	0.0296976522863433	0.0472189452330366	39.5745418276546	14.6794295624161	3.61380196838526	3.613	0.00481470410345799		39G1A08	2	16	0.129541666666667	2024-04-15
K16	0.303418665076398	0.0255317308286827	0.095182266119571	25.0812718809708	7.28231433037318	7.01469456399101	6.994	0.00547648165387093		32G3B09	2	16	0.270541666666667	2024-04-15
K17	0.297974960945809	0.0285433935335777	0.119506103597148	18.784721924858	5.80009856983145	8.52915986284648	8.511	0.00464177124015944		39G1A09	2	16	0.296541666666667	2024-04-15
K18	0.255114231962458	0.0190280417717706	0.1075974031929	23.4046835931776	6.44204376677451	6.25325506250162	6.1995	0.00834587559272993		30G3A10	2	16	0.241541666666667	2024-04-15
K19	0.26983385106797	0.0262047329039168	0.139601137532217	15.9719831883929	4.96519722412707	8.46675583915612	8.439	0.00503848847241234		39G3A10	2	16	0.276541666666667	2024-04-15
K2	0.255198317682092	0.0218138348325831	0.120070687501362	19.7395625029941	5.77282594931492	7.09234212456965	7.0615	0.00309212942893124		35D01	2	16	0.251541666666667	2024-04-15
K20	0	0.0059179991772122	0	31.7647756963616	9.5514219361228	1.21518909969871	1.2165	0.00141138105685112		33G3A09	2	16	0.0485416666666667	2024-04-15
K21	0	0.0223579310731313	0	11.6549716573337	14.7376057658696	1.84232109970849	1.843	0.00330753169110698		39G3B09	2	16	0.0495416666666667	2024-04-15
K22	0.299780972051475	0.0143882329938368	0.023790957589225	125.571050803939	29.13490043267	1.22810241543304	1.23	0.0015605511379371		33G4B08	2	16	0.0395416666666667	2024-04-15
K23	0.236267889242129	0.0148925213252798	0.0957132944120683	28.1988057372316	7.24191121847487	4.86327957358063	4.845	0.00424683700915214		54.4B	2	16	0.203541666666667	2024-04-15
K24	0.319194758990612	0.00949123382413822	0.12298112334567	28.3396895179309	5.63620791307684	6.4186809972775	6.363	0.00697154064923866		35D06	2	16	0.295541666666667	2024-04-15
K3	0.100205167147367	0.00835346397226969	0.11711171081166	20.4718984810571	5.91868375720913	2.71737454206365	2.704	0.00312260218088933		35G4B10	2	16	0.0955416666666666	2024-04-15
K4	0.088863687916044	0.0106946309078449	0.0614940443163249	32.3467430010361	11.2717774260285	1.67313395196102	1.671	0.00101520890379446		28G4B05	2	16	0.0635416666666666	2024-04-15
K5	0.260169280678409	0.0179815419216093	0.148717224374738	17.4853143833894	4.66083994960361	7.83230063544512	7.7705	0.0107042676318348		36G2A07	2	16	0.262541666666667	2024-04-15
K6	0.102255888384414	0.0128833909737475	0.0956950233242031	20.2400707158598	7.24329391938855	2.76720960268261	2.757	0.00284788853414454		28G4B10	2	16	0.0995416666666667	2024-04-15
K7	0.240607110901521	0.0223799752640548	0.137058595903838	16.6160306425421	5.05730542465403	7.40344372076155	7.373	0.00665276990616746		36G3B02	2	16	0.242541666666667	2024-04-15
K8	0.232804662496538	0.0225144476146182	0.116160210824879	19.2349111376651	5.96716531106265	6.56249948353691	6.523	0.00444816395449046		30D10	2	16	0.229541666666667	2024-04-15
K9	0.254443578980583	0.0123987803964143	0.161367682180504	18.4146210340371	4.2954522937536	7.46229979549206	7.404	0.0117704178930813		36G3B05	2	16	0.260541666666667	2024-04-15
L1	0	0.0092781140542095	0	15.5977382921059	6.40464049492071	1.84980252996336	1.8255	0.00636891242522496		35G4A07	3	16	0.0685416666666667	2024-04-15
L10	0.107847405260179	0.0147745517317432	0.120924178349498	15.220085508834	5.73208096197763	3.4206037096123	3.4115	0.00497363041292236		30G1B03	3	16	0.107541666666667	2024-04-15
L11	0.301984839883953	0.0183078156018183	0.1436896116231	19.0724177682359	4.82391992524888	8.63691176354063	8.5755	0.0111846215592446		36G4B04	3	16	0.304541666666667	2024-04-15
L12	0.302447142536629	0.0211474195267895	0.102375490971429	25.2785389979684	6.77063595966921	6.93321703656995	6.873	0.00774932673513368		33G2A09	3	16	0.281541666666667	2024-04-15
L13	0.301276192584401	0.0110036070864036	0.164148767883649	19.9367764845226	4.22267671878753	8.40472971701221	8.336	0.00937716202684246		37G4A03	3	16	0.310541666666667	2024-04-15
L14	0	0.0186235602886015	0	17.2009455303486	12.7995529693463	1.83564964409951	1.835	0.00265004099638784		33G1B11	3	16	0.0545416666666667	2024-04-15
L15	0.188892960126849	0.0294814082318085	0.051352813534715	32.8653735488602	13.4977449695404	3.62587522647305	3.618	0.00515756518450861		39G1A08	3	16	0.126541666666667	2024-04-15
L16	0.306407570682723	0.0262814441743522	0.0964420864643931	24.5367649627436	7.18718565691606	7.2189008414051	7.2005	0.00516411235292638		32G3B09	3	16	0.276541666666667	2024-04-15
L17	0.286664565320854	0.0279923133792396	0.130187269996269	17.0802558006358	5.32423162863629	8.67631680486837	8.6445	0.005725074071493		39G1A09	3	16	0.293541666666667	2024-04-15
L18	0.229873098128416	0.0233195393376539	0.107648104373241	20.2629498099278	6.43900962860103	6.25277927229893	6.2215	0.00512810940996534		30G3A10	3	16	0.224541666666667	2024-04-15
L19	0.256480922971904	0.0259023262205991	0.139543905303709	15.6671766004679	4.96723363912852	8.11714272848704	8.098	0.00591081411285038		39G3A10	3	16	0.264541666666667	2024-04-15
L2	0.250708180199018	0.0219018748672741	0.119891867343233	19.5701645645489	5.78143618845778	7.00451127836508	6.98	0.00319568862218567		35D01	3	16	0.246541666666667	2024-04-15
L20	0	0.00597403745842813	0	25.274655773878	8.04404036373783	1.35104912325002	1.3505	0.00141221823406851		33G3A09	3	16	0.0495416666666667	2024-04-15
L21	0	0.0215910429090631	0	13.0855479274179	14.6071806217309	1.82388822170219	1.823	0.00371610027274222		39G3B09	3	16	0.0495416666666667	2024-04-15
L22	0.339697543305288	0.012645894711093	0.0259883123556282	125.163397566924	26.6714964432784	1.15489836731853	1.158	0.00224837869306778		33G4B08	3	16	0.0385416666666667	2024-04-15
L23	0.243416071853353	0.0185105260920757	0.0879150764730842	28.4062878565027	7.88428115366716	5.00543171440543	4.9895	0.00406760190076252		54.4B	3	16	0.203541666666667	2024-04-15
L24	0.30599714074209	0.0110461220173266	0.113767230085354	28.8723728630801	6.09267870932527	6.04323203333468	5.998	0.00653403489234532		35D06	3	16	0.273541666666667	2024-04-15
L3	0.0989385784588572	0.00975681642023509	0.11658200119961	18.9798628750468	5.94557627616247	2.81142460840736	2.7935	0.00384182517721952		35G4B10	3	16	0.0945416666666666	2024-04-15
L4	0.0865414686568875	0.0109666660337029	0.0624301198725697	30.9187716049218	11.1027686952191	1.70049517681166	1.7005	0.00106149621907837		28G4B05	3	16	0.0635416666666666	2024-04-15
L5	0.252341846526435	0.0188448191202424	0.1493224705604	16.8556769025021	4.64194824769907	7.74392562153415	7.6935	0.0103197326442834		36G2A07	3	16	0.253541666666667	2024-04-15
L6	0.0937467370593437	0.0123260338654029	0.109567102982581	17.2306826433885	6.3262344416475	2.79280244800975	2.78	0.00306044068168067		28G4B10	3	16	0.0945416666666666	2024-04-15
L7	0.24392733866765	0.0262873582052239	0.128533588463542	16.4451495527405	5.39273188312604	7.51328047324148	7.489	0.0051047968050139		36G3B02	3	16	0.246541666666667	2024-04-15
L8	0.231347582381034	0.0228566702213179	0.116815251914718	18.9243478838834	5.93370445381555	6.58580409711416	6.5485	0.00484380030003041		30D10	3	16	0.230541666666667	2024-04-15
L9	0.261152227165219	0.0143232141161383	0.158456968999776	17.9658507556866	4.3743559209499	7.76458892824254	7.715	0.0116090140681033		36G3B05	3	16	0.266541666666667	2024-04-15
A1	0	0.0207982909831661	0	10.7460227317111	6.54603344062968	2.98288927706647	2.98	0.00555447501903406		35G4A05	1	22	0.0919583333333333	2024-04-15
A10	0.299631494122841	0.0247439768966921	0.150457694037896	16.0030359326635	4.60692412569717	9.43174403701621	9.4455	0.005977849747164		28G2A06	1	22	0.300958333333333	2024-04-15
A11	0.149611165372911	0.0194243588636722	0.126169649926545	15.0784479728318	5.49377113246718	4.77900381936261	4.775	0.00552856021480482		35G1A07	1	22	0.152958333333333	2024-04-15
A12	0.115782848091679	0.0311057030243991	0.0389834552014926	25.6892198700624	17.7805475932622	2.69345688024376	2.699	0.0031007590640361		28G2A04	1	22	0.0809583333333333	2024-04-15
A13	0	0.00872316318828184	0	16.1644655257934	8.88607375672263	1.1718477872945	1.173	0.00237296489922006		35D10	1	22	0.0349583333333333	2024-04-15
A14	0.225052157911041	0.0341277223714292	0.096754439143377	17.7952320615746	7.16398324145929	6.53701853453815	6.5325	0.00408353866507316		28G1B05	1	22	0.216958333333333	2024-04-15
A15	0.12738808550369	0.010786026426436	0.0761420649035296	31.2641309258017	9.1033409907933	2.39645038323964	2.4015	0.00279061881190075		28G4B02	1	22	0.0999583333333333	2024-04-15
A16	0	0.0124509804410039	0	8.04732228849621	3.98213383998483	2.43687245133774	2.426	0.00323550679575039		28G1B03	1	22	0.0649583333333333	2024-04-15
A17	0	0.00658312263059549	0	8.67596645145467	10.9368507400896	0.600748934890866	0.6065	0.00194253469458363		28G4A09	1	22	0.0169583333333333	2024-04-15
A18	0.0249583333333333	0.0166145300079796	0.00692387119320592	2003.70590865638	100.109774029317	0.946006422613549	0.9405	0.00251026433137671		28G1A07	1	22	0.0249583333333333	2024-04-15
A19	0.132767855160702	0.0153014364949002	0.155621833202979	13.0971711337055	4.45404842170101	4.53323165059752	4.5025	0.00554363493073632		CONT	1	22	0.143958333333333	2024-04-15
A2	0.16171415528906	0.0170175260054316	0.128574346566172	16.6471433961535	5.39102238566083	4.95248400979301	4.95	0.00377003115092926		28G2B04	1	22	0.161958333333333	2024-04-15
A20	0.182614510602929	0.0221146280577531	0.0976430178589989	20.2989825754668	7.09878899442541	4.93827190443672	4.9355	0.00490691111068078		28G1A03	1	22	0.175958333333333	2024-04-15
A21	0.1574379324777	0.0171317184521098	0.126723542570412	16.5943565724106	5.46975855078235	4.82431726503495	4.809	0.00714633904145547		28G4A04	1	22	0.163958333333333	2024-04-15
A22	0.231493298419048	0.00896302016640984	0.166012019500303	19.3477312167852	4.17528310688781	6.58967845061016	6.5345	0.00801243433592308		26G3A06	1	22	0.242958333333333	2024-04-15
A23	0	0.0165777550632347	0	1.22244090262521	2.46857114423733	1.79222607414339	1.7865	0.00261963133723468		28G3B02	1	22	0.0459583333333333	2024-04-15
A24	0.261747852219461	0.0103310942751076	0.165554461672232	19.2803849011341	4.18682271416069	7.46718643436287	7.3885	0.0108186619080905		26G3A01	1	22	0.278958333333333	2024-04-15
A3	0.337538429369878	0.0172485676442511	0.169433717804016	17.2427149485459	4.0909636496421	10.2881078037701	10.274	0.00919621696635924		35G3A03	1	22	0.334958333333333	2024-04-15
A4	0.182181066124474	0.0133561202593028	0.0754916460295043	33.6048789773554	9.18177330891744	3.14024001507868	3.1485	0.00249277361608879		28G2A10	1	22	0.132958333333333	2024-04-15
A5	0.392268616648251	0.00567914907197912	0.112017547383212	37.6776854254945	6.18784464356007	4.95606514661244	5.0585	0.0113202864573949		35G2B04	1	22	0.282958333333333	2024-04-15
A6	0.139680555247773	0.0294225851102527	0.149603487010172	8.83041063516629	4.63322877302196	5.25304227264602	5.255	0.00671607340827049		28G2A09	1	22	0.145958333333333	2024-04-15
A7	0	0.0160760201305258	0	0.439433344507363	2.04898154717494	1.58790041464495	1.6	0.00244729792980886		35G2A08	1	22	0.0389583333333333	2024-04-15
A8	0	0.0141160764949847	0	10.807972461964	8.13039457721325	1.67332665264665	1.672	0.00207236253581303		28G2A08	1	22	0.0469583333333333	2024-04-15
A9	0	0.0176835387977567	0	4.74372779073729	4.95841296454973	2.095821548442	2.1015	0.00532633970949357		35G1A08	1	22	0.0559583333333333	2024-04-15
B1	0.105471234401725	0.0175140799463189	0.136507465273955	11.8223914398145	5.0777236187697	3.68091081500703	3.672	0.00528778070575648		35G4A05	2	22	0.114958333333333	2024-04-15
B10	0.259361372947771	0.028918713456983	0.149781648496751	13.8569255748296	4.62771766445728	8.66106393536561	8.655	0.0049550125214856		28G2A06	2	22	0.265958333333333	2024-04-15
B11	0.122950084185887	0.0170233810473106	0.181566164513671	10.0688342740325	3.81760105147651	4.56341252847312	4.5605	0.00452867557681885		35G1A07	2	22	0.126958333333333	2024-04-15
B12	0.0908649296300949	0.0324689544212425	0.162454868129805	3.61308092728724	4.26670612299599	3.78633480869297	3.7765	0.00525103339490965		28G2A04	2	22	0.0949583333333333	2024-04-15
B13	0	0.00674190533818283	0	9.57657279440273	4.97491236891208	1.18955749724067	1.181	0.00160177380479919		35D10	2	22	0.0329583333333333	2024-04-15
B14	0.219865304083307	0.0370883467273768	0.102266529583014	15.5961465382416	6.77784983401915	6.80410584014904	6.821	0.00428751366194577		28G1B05	2	22	0.212958333333333	2024-04-15
B15	0.129379161102797	0.0101778469685404	0.0734492369602365	33.5006922941765	9.43709164650951	2.25333572011503	2.2655	0.00203379617365875		28G4B02	2	22	0.0949583333333333	2024-04-15
B16	0	0.0149246545285431	0	7.65543924103106	3.98745961948119	2.78458360112817	2.778	0.00373935856298901		28G1B03	2	22	0.0719583333333333	2024-04-15
B17	0	0.0077126302763222	0	4.4077957410461	5.16557731629871	0.873019327125169	0.874	0.00139145843213582		28G4A09	2	22	0.0229583333333333	2024-04-15
B18	0	0.0229951700246993	0	-53.9071750221805	20.2728585646049	1.18755997434919	1.1795	0.00127802327701195	questionable fit	28G1A07	2	22	0.0279583333333333	2024-04-15
B19	0.14160301715068	0.0190655996675333	0.128805910973999	14.444451900221	5.38133052527277	4.60708226218963	4.59	0.00620841924337425		CONT	2	22	0.145958333333333	2024-04-15
B2	0.153812432866155	0.0212533900451193	0.128358063540785	14.2609796976762	5.40010624529018	5.02695086619003	5.035	0.00401162469290296		28G2B04	2	22	0.151958333333333	2024-04-15
B20	0.191425689525099	0.0242055280957267	0.0858877909029014	22.5029682914339	8.07038082215396	4.81594834707683	4.815	0.00423613591512357		28G1A03	2	22	0.176958333333333	2024-04-15
B21	0.147986020972189	0.0133795065503528	0.159734300890959	14.4529485975549	4.33937593049043	4.88105325384307	4.866	0.00521851481361046		28G4A04	2	22	0.152958333333333	2024-04-15
B22	0.200373369918403	0.0110811636673595	0.174005538041829	16.3100854027736	3.98347770053918	6.28893379366935	6.267	0.00626263488480367		26G3A06	2	22	0.208958333333333	2024-04-15
B23	0	0.0203634636606333	0	1.33024718712166	4.78646982057023	1.91585451027794	1.9115	0.00213122923586015		28G3B02	2	22	0.0479583333333333	2024-04-15
B24	0.238126993562825	0.0090831829860795	0.186425242862385	17.3125085849457	3.71809723789182	7.26202214176815	7.1995	0.00918696179676712		26G3A01	2	22	0.255958333333333	2024-04-15
B3	0.29677174688697	0.0208335465148525	0.158967227475859	16.2524846739716	4.36031496281338	9.29784775668888	9.292	0.00510655297613803		35G3A03	2	22	0.293958333333333	2024-04-15
B4	0.130759898924951	0.0149444859081713	0.105406968550953	19.4261848957674	6.57591419323366	3.64533159949769	3.645	0.00260986546557466		28G2A10	2	22	0.123958333333333	2024-04-15
B5	0.324779995296567	0.00820852268559652	0.108930967878935	33.5292721860798	6.36317838771343	5.18376524788864	5.241	0.00998823764559777		35G2B04	2	22	0.251958333333333	2024-04-15
B6	0.118114711436233	0.0268443537970224	0.198103245173557	6.17743819376482	3.4989188589651	4.78628457651662	4.77	0.00443455419212367		28G2A09	2	22	0.121958333333333	2024-04-15
B7	0	0.0211544553571799	0	2.47112482632841	7.91769805490412	1.84884353809328	1.847	0.00203011551680485		35G2A08	2	22	0.0469583333333333	2024-04-15
B8	0	0.0147096149534106	0	10.2540947766614	7.82716090617733	1.75617445971273	1.7515	0.00247863363093392		28G2A08	2	22	0.0489583333333333	2024-04-15
B9	0	0.0142862652558864	0	6.5549056797258	3.29240185536207	2.86991485797584	2.8665	0.00312967806778385		35G1A08	2	22	0.0729583333333333	2024-04-15
C1	0	0.0180041753877649	0	9.28321043774029	5.34092519543413	2.86871640174934	2.8575	0.00438435067263356		35G4A05	3	22	0.0879583333333333	2024-04-15
C10	0.246976632602769	0.030741849051547	0.152746894940521	12.7710608545879	4.53788066087925	8.49321683232625	8.4845	0.00335904180530836		28G2A06	3	22	0.248958333333333	2024-04-15
C11	0.117360812969293	0.0134656167738177	0.200311454790418	10.2003309464747	3.46034719424893	4.36509858557185	4.3605	0.00362226917570908		35G1A07	3	22	0.119958333333333	2024-04-15
C12	0	0.029792469175569	0	3.70286938387578	4.07309576073653	3.58317823044498	3.563	0.0056756784987082		28G2A04	3	22	0.0929583333333333	2024-04-15
C13	0.106958333333333	0.00652018556193806	0.056148180349259	344.002964732276	12.3449624947479	1.60335413992593	1.592	0.00464938135542595		35D10	3	22	0.106958333333333	2024-04-15
C14	0.203419625421872	0.0328600687370911	0.1180904000366	13.9454717476242	5.86963191203618	6.65447005823782	6.6675	0.00420708997568229		28G1B05	3	22	0.201958333333333	2024-04-15
C15	0.117217505003035	0.0109517420531263	0.0707254172947559	32.1305225996355	9.80053857683411	2.16464750937383	2.155	0.00164401089545824		28G4B02	3	22	0.0919583333333333	2024-04-15
C16	0	0.0141355015891722	0	7.55044091709319	3.50072616888603	3.04277029845056	3.0235	0.00505222419941694		28G1B03	3	22	0.0809583333333333	2024-04-15
C17	0	0.00918484199044879	0	3.14267766697789	5.63384573195044	0.923571121872595	0.9195	0.000816067219577181		28G4A09	3	22	0.0229583333333333	2024-04-15
C18	0	0.0233175980629039	0	-23.8262712969679	26.3532707944388	1.32650588757475	1.33	0.00195684298443088	questionable fit	28G1A07	3	22	0.0339583333333333	2024-04-15
C19	0.129890870417829	0.0207933637028516	0.136235146936392	12.1672578155764	5.08787340232822	4.49522127850021	4.4815	0.00582143107336576		CONT	3	22	0.135958333333333	2024-04-15
C2	0.144149736017985	0.0206801356372563	0.120431357105025	14.8368449005034	5.75553740505864	4.61696050798717	4.638	0.00561752021222725		28G2B04	3	22	0.143958333333333	2024-04-15
C20	0.184768846785708	0.0282239070659947	0.0851665803511639	20.1155632803934	8.13872269735288	4.98554065284075	4.9675	0.0047967005445534		28G1A03	3	22	0.176958333333333	2024-04-15
C21	0.177963477640701	0.0161276148204707	0.135068434548842	17.0731942507254	5.13182212317191	5.39873677988489	5.445	0.00755158428922256		28G4A04	3	22	0.185958333333333	2024-04-15
C22	0.228107582318836	0.0113588135078313	0.160690398911941	18.3504739068404	4.31355690976778	6.70282811697045	6.6825	0.00713442717607359		26G3A06	3	22	0.232958333333333	2024-04-15
C23	0	0.0184335954186103	0	2.23905459520554	3.99376220093023	1.95172687622597	1.9535	0.00180911468097329		28G3B02	3	22	0.0479583333333333	2024-04-15
C24	0.24214446129783	0.0105669775844646	0.177660288518964	17.3768754399059	3.90153132328138	7.36030334864569	7.307	0.00886073223824476		26G3A01	3	22	0.257958333333333	2024-04-15
C3	0.305924289245294	0.0204210810408044	0.160593780692269	16.4245807227216	4.3161520799374	9.54000550519832	9.52	0.00667071594164791		35G3A03	3	22	0.302958333333333	2024-04-15
C4	0.135525721351387	0.016338176680856	0.0988433059708873	20.1044849893145	7.01258596878681	3.68878843231968	3.688	0.00270864402912569		28G2A10	3	22	0.125958333333333	2024-04-15
C5	0.347469604918279	0.0113695663568591	0.100193224750225	33.7993780528431	6.91810431581488	5.56781341996304	5.576	0.00436616159233638		35G2B04	3	22	0.275958333333333	2024-04-15
C6	0.116197139509316	0.0265069885028301	0.203246405619162	5.99741257293748	3.41037854248083	4.73266240648499	4.724	0.00414058230367592		28G2A09	3	22	0.117958333333333	2024-04-15
C7	0	0.0195034031841492	0	1.98297194690995	4.75499762785718	1.92151767805504	1.92	0.00112174202983569		35G2A08	3	22	0.0469583333333333	2024-04-15
C8	0	0.0153222744204325	0	7.00421718831222	6.02108332506366	1.87964692820705	1.872	0.00236386469990053		28G2A08	3	22	0.0509583333333333	2024-04-15
C9	0	0.0160775832569402	0	6.08325066817285	3.40187717415472	2.91224160013486	2.9075	0.0025800092144817		35G1A08	3	22	0.0719583333333333	2024-04-15
D1	0	0.0176462045593842	0	2.99906338026061	2.96435724620969	2.30355219078068	2.3095	0.0039873986630774		26G2A07	1	22	0.0599583333333333	2024-04-15
D10	0	0.00456261246322738	0	24.3811927146533	11.2741527769552	0.593780293835704	0.5905	0.00092423351647063		18G1A02	1	22	0.0199583333333333	2024-04-15
D11	0.187700461952631	0.028224550325614	0.12961300320691	13.3605476731421	5.34782130966771	6.28202012159217	6.263	0.00445333034608219		23G1B05	1	22	0.191958333333333	2024-04-15
D12	0.131783835096485	0.0203148477455307	0.0402601774334137	42.2848205263872	17.2166946284909	2.11907558503263	2.117	0.00218626880707695		04D05	1	22	0.0739583333333333	2024-04-15
D13	0.0962478113941553	0.00235567966489604	0.233028329644946	15.8148895599367	2.97451894203619	3.08774005739203	3.0955	0.00372465561966575		23G1A10	1	22	0.0989583333333333	2024-04-15
D14	0.548994648385627	0.0171125342793768	0.0661496078521121	51.9520945408175	10.4784775460738	4.47567792996067	4.505	0.00887080118259745		37G1B08	1	22	0.225958333333333	2024-04-15
D15	0	0.018929887192398	0	-0.376105701253137	7.02848957250614	1.53303694161338	1.5315	0.00136728698037997	questionable fit	23G1A09	1	22	0.0359583333333333	2024-04-15
D16	0.153610741041774	0.0264205657056333	0.121854488493797	12.896863451954	5.68831882294784	5.17166777734684	5.181	0.00295067315850355		36G2A02	1	22	0.149958333333333	2024-04-15
D17	0.0914698375334006	0.0253832543435255	0.151865367248456	6.30081820062248	4.5642215412151	3.61951036105966	3.613	0.00424086603133305		23G1A04	1	22	0.0909583333333333	2024-04-15
D18	0	0.0172267639484001	0	5.10048968082117	3.33739002835406	2.77481539605215	2.747	0.00711176305515094		35G4A09	1	22	0.0799583333333333	2024-04-15
D19	0.100035542139224	0.0243505426361438	0.176995509438137	6.40708825391451	3.91618512108191	4.00347192614628	3.998	0.00377522711407322		23G1A03	1	22	0.0989583333333333	2024-04-15
D2	0.302945129443965	0.0321331229300262	0.140707951587658	15.1486642232996	4.92614079544845	9.73180042921735	9.7305	0.00430027502094574		23D03	1	22	0.300958333333333	2024-04-15
D20	0	0.00986219500742267	0	10.7109483104107	4.01298874686099	2.64602639041088	2.633	0.00316825393540799		35G4A08	1	22	0.0739583333333333	2024-04-15
D21	0.0891388263844118	0.00246885193992789	0.284026786700776	12.5282347791283	2.44042890676428	3.15310977523255	3.159	0.00297508503963679		23G1A02	1	22	0.0929583333333333	2024-04-15
D22	0	0.0177099804687205	0	7.67563494226393	6.64326148876656	2.10981835090091	2.1015	0.00385583424064848		35G4A06	1	22	0.0599583333333333	2024-04-15
D23	0	0.0228125629136005	0	-1.46654670746348	0.244058362207887	1.07812375146436	1.014	0.003038124780482	questionable fit (k < n0)	23G1A01	1	22	0.0259583333333333	2024-04-15
D24	0	0.000611402226986095	0	12.1100475068247	2.54503126158047	0.613534377219002	0.613	0.00225741745217758		35G3B03	1	22	0.0189583333333333	2024-04-15
D3	0.0990156516619529	0.0210188481912674	0.199964957734644	6.55739031208526	3.46634324539883	3.98544027797288	3.9795	0.00366536217144888		23G4A10	1	22	0.100958333333333	2024-04-15
D4	0.278451408984055	0.0306424138523362	0.140119982923182	14.917737656291	4.94681176873931	8.99930614039249	9.002	0.00537359929153957		23D01	1	22	0.277958333333333	2024-04-15
D5	0.120612126691394	0.0224163185520712	0.154130862474145	9.58389710761008	4.49713424964594	4.47464292149991	4.4785	0.00369954789475817		23G4A09	1	22	0.121958333333333	2024-04-15
D6	0	0.0103325677185932	0	10.8708128038612	5.99574291116398	1.63616983221365	1.633	0.000892313506871185		18G4A01	1	22	0.0469583333333333	2024-04-15
D7	0	0.00577338582959628	0	14.1579487077401	6.30337465527925	1.07179986820893	1.07	0.000778012766187896		23G3B11	1	22	0.0329583333333333	2024-04-15
D8	0	0.0194213126741195	0	9.68513575892514	8.09117589729209	2.20742375724999	2.2065	0.00148431223544251		18G3A05	1	22	0.0609583333333333	2024-04-15
D9	0.112850249763233	0.0254463740067117	0.146030020362064	8.45008694781688	4.7466074362064	4.26814719355156	4.268	0.00209916722046908		23G3A05	1	22	0.112958333333333	2024-04-15
E1	0	0.0157470607861113	0	3.51430285661503	2.5500289793853	2.45353239929027	2.4405	0.00572845156878409		26G2A07	2	22	0.0649583333333333	2024-04-15
E10	0	0.00418804648620295	0	21.369690869457	10.5583613119338	0.545927069175828	0.543	0.000861799116535455		18G1A02	2	22	0.0179583333333333	2024-04-15
E11	0.187290132578394	0.0268232036517996	0.128327161868247	13.9395317730899	5.40140661157611	6.17192943889253	6.1545	0.00535989685424455		23G1B05	2	22	0.191958333333333	2024-04-15
E12	0	0.0170457087468318	0	35.3774243955537	17.8550822365217	1.61258297066062	1.6075	0.00224203482499633		04D05	2	22	0.0539583333333333	2024-04-15
E13	0.0914470692843343	0.00155422373592484	0.256222176123707	15.836420568946	2.70525834666741	2.93524108874409	2.9425	0.00351976481269688		23G1A10	2	22	0.0949583333333333	2024-04-15
E14	0.612612762272147	0.0162970348685725	0.0666406151070825	54.0179151050801	10.4012722488553	4.46434890705138	4.4935	0.00741064560542759		37G1B08	2	22	0.237958333333333	2024-04-15
E15	0	0.020387564109862	0	-2.18232050783341	7.48076450510689	1.5431259609682	1.5435	0.00224476212954982	questionable fit	23G1A09	2	22	0.0379583333333333	2024-04-15
E16	0.162102535983865	0.0290396262911828	0.106276730067967	14.3226151153865	6.52209735956927	5.20005998419018	5.2095	0.00448158768167501		36G2A02	2	22	0.158958333333333	2024-04-15
E17	0.086980741636937	0.0235605964416011	0.136864146518191	7.23495458381885	5.06449057838399	3.34740267874129	3.337	0.00452509476407688		23G1A04	2	22	0.0849583333333333	2024-04-15
E18	0	0.0220128732465417	0	2.7547446774468	4.58046759346248	2.32208182662918	2.3085	0.00483257685360034		35G4A09	2	22	0.0599583333333333	2024-04-15
E19	0.103108566536075	0.0222627242647066	0.16044742992286	8.0377132739832	4.32008902163903	3.96519583325847	3.9555	0.00394553333591318		23G1A03	2	22	0.102958333333333	2024-04-15
E2	0.315635415874652	0.0328415557920524	0.142786223349992	15.0786505430024	4.85444018545773	10.1682725439536	10.166	0.00550098229747048		23D03	2	22	0.314958333333333	2024-04-15
E20	0	0.0095103989829476	0	9.31492101065128	3.8087406260965	2.31571742636344	2.3075	0.00304102242225		35G4A08	2	22	0.0609583333333333	2024-04-15
E21	0.0888473455819202	0.00272410728859575	0.265999770576883	12.9836145816125	2.60581871577067	3.10074170081986	3.101	0.00308911463596207		23G1A02	2	22	0.0899583333333333	2024-04-15
E22	0	0.0228331869888003	0	11.2386136241115	11.6705776600648	2.12714370143021	2.117	0.0041899843053234		35G4A06	2	22	0.0659583333333333	2024-04-15
E23	0	0	0	0	0	0	0	0	cannot fit data	23G1A01	2	22	0.0269583333333333	2024-04-15
E24	0	0.00211320177763694	0	9.41943396491042	3.19428840092393	0.70070763960827	0.705	0.00350806301767499		35G3B03	2	22	0.0249583333333333	2024-04-15
E3	0.103955949521694	0.022106584215947	0.216827939139604	6.03706820323738	3.19676137360539	4.24772233654135	4.2445	0.00216610428872701		23G4A10	2	22	0.106958333333333	2024-04-15
E4	0.294721100099648	0.0322394538097909	0.13765657610797	15.2334907918633	5.03533648851096	9.43235853303998	9.4205	0.00491093032640218		23D01	2	22	0.298958333333333	2024-04-15
E5	0.126477330708996	0.0231059897804015	0.149797220050461	10.0017602085548	4.62723660910696	4.63842892558874	4.624	0.00316874362788573		23G4A09	2	22	0.131958333333333	2024-04-15
E6	0	0.0108534587717668	0	9.35744759482477	5.83751467538929	1.59214493293754	1.59	0.000990071491898359		18G4A01	2	22	0.0439583333333333	2024-04-15
E7	0	0.00524746263867456	0	14.8307054500879	6.1430668433068	1.05809397768829	1.0545	0.000878155662725473		23G3B11	2	22	0.0329583333333333	2024-04-15
E8	0	0.0204272887233253	0	5.60457907614418	7.38958625086159	2.06968494363021	2.064	0.00137338440855577		18G3A05	2	22	0.0549583333333333	2024-04-15
E9	0.122334679676391	0.0262483837137171	0.132721940261013	9.77714978457428	5.22255159317889	4.4591232774441	4.456	0.0030946956699753		23G3A05	2	22	0.125958333333333	2024-04-15
F1	0	0.0189741705322202	0	1.25364815195235	2.58552412123291	2.03669701953313	2.0325	0.00408171623781862		26G2A07	3	22	0.0519583333333333	2024-04-15
F10	0	0.00456420983119474	0	20.4984353590457	12.2652936952029	0.497818361224235	0.4955	0.00121797336155318		18G1A02	3	22	0.0159583333333333	2024-04-15
F11	0.174543766536982	0.0246645250742369	0.138907074564638	12.9904393937621	4.9900063242452	5.92894225976465	5.911	0.00437592406065102		23G1B05	3	22	0.177958333333333	2024-04-15
F12	0	0.0141483690833553	0	22.4714177174889	12.3320147905191	1.5979719556282	1.5925	0.00207686770761985		04D05	3	22	0.0539583333333333	2024-04-15
F13	0.0862863917887717	0.00142297447826895	0.267183121174333	15.3014670507116	2.59427757828938	2.81612004783299	2.824	0.00316661452273241		23G1A10	3	22	0.0889583333333333	2024-04-15
F14	0.913149239359255	0.0148128552100152	0.0660745022819599	62.1275840142607	10.4903882227077	4.35659160006823	4.3965	0.0115924059682435		37G1B08	3	22	0.246958333333333	2024-04-15
F15	0	0.0220573258177834	0	-5.30450493694561	7.12166394349666	1.52322264103554	1.5235	0.00167327858381942	questionable fit	23G1A09	3	22	0.0349583333333333	2024-04-15
F16	0.168048411421144	0.0298685585063449	0.0997610511040161	15.3541861228342	6.94807415207799	5.22008154932341	5.2255	0.00732175267578677		36G2A02	3	22	0.166958333333333	2024-04-15
F17	0.0865464049093502	0.0211061443662507	0.12005709963031	9.42529410499227	5.77347930854854	3.14397572024825	3.141	0.00473338907532587		23G1A04	3	22	0.0839583333333333	2024-04-15
F18	0	0.021513099934209	0	0.962821912883473	4.27071314320496	2.01742107699343	2.011	0.00355882448692708		35G4A09	3	22	0.0519583333333333	2024-04-15
F19	0.10433320029256	0.0226883124656673	0.125957872126263	10.1663299203259	5.50300802053181	3.75122222956555	3.7505	0.00413298971257002		23G1A03	3	22	0.102958333333333	2024-04-15
F2	0.319370251317395	0.0324530782489191	0.143772658281902	15.1586421551139	4.82113350927168	10.2702006244661	10.2625	0.00443414808898319		23D03	3	22	0.319958333333333	2024-04-15
F20	0	0.00930081460536179	0	9.28094535188271	3.96362891393523	2.12759346936349	2.119	0.0015856394138598		35G4A08	3	22	0.0559583333333333	2024-04-15
F21	0.0918918860781364	0.00283598042019288	0.263145863581496	13.0987300140292	2.63407971201219	3.19623234656545	3.1975	0.00304060942071386		23G1A02	3	22	0.0949583333333333	2024-04-15
F22	0	0.0208773222560947	0	8.03621919370428	7.87312362819939	2.26031796746408	2.2355	0.00550930137975477		35G4A06	3	22	0.0709583333333333	2024-04-15
F23	0	0.023827797372048	0	-1.52276588572241	0.253327017258743	1.12613397705607	1.0165	0.00382664217537205	questionable fit (k < n0)	23G1A01	3	22	0.0259583333333333	2024-04-15
F24	0	0.00199686047563153	0	8.80389485514551	3.38834874652791	0.541737090413103	0.534	0.002347208575121		35G3B03	3	22	0.0199583333333333	2024-04-15
F3	0.108771448876738	0.0250360014858075	0.187708006209651	6.43205140303177	3.69268841833933	4.37006082456677	4.367	0.00197412541558961		23G4A10	3	22	0.108958333333333	2024-04-15
F4	0.301193956432992	0.0305122393161844	0.143825556448848	15.1768282131533	4.81936032562103	9.68103404197764	9.6785	0.00533816684097673		23D01	3	22	0.304958333333333	2024-04-15
F5	0.126061607318013	0.0212856051524515	0.167220688848274	9.53107979557926	4.14510420531079	4.71124105169833	4.7025	0.00537768422757044		23G4A09	3	22	0.131958333333333	2024-04-15
F6	0	0.0101453517451129	0	11.1404379414538	5.91805806084293	1.66066939547539	1.657	0.000903007825483767		18G4A01	3	22	0.0479583333333333	2024-04-15
F7	0	0.00532412942338312	0	15.5478426871427	6.45640970590963	1.0453245514548	1.043	0.000793618549992386		23G3B11	3	22	0.0329583333333333	2024-04-15
F8	0	0.0178202712859333	0	4.50838631650288	6.12210514781149	1.87201331661021	1.867	0.00197136270495629		18G3A05	3	22	0.0479583333333333	2024-04-15
F9	0.11842184751147	0.0254458615296009	0.132217135064494	9.80045533401455	5.24249130206788	4.31270797163692	4.3065	0.00432653194810905		23G3A05	3	22	0.122958333333333	2024-04-15
G1	0.169310361337894	0.0244405100206562	0.0773779105304978	22.9987311323409	8.95794647086972	4.18715790725364	4.177	0.00659131626891693		35G3A04	1	22	0.155958333333333	2024-04-15
G10	0.370240881621275	0.0175553876434643	0.0247574882124011	121.184176323691	27.9974759399358	1.53625452720846	1.538	0.00282950609754991		23G3B12	1	22	0.0529583333333333	2024-04-15
G11	0.134445031642009	0.0256287158505836	0.111130804884918	13.0112244777252	6.23721911559749	4.47272897688139	4.459	0.00434300415413972		32G2B05	1	22	0.140958333333333	2024-04-15
G12	0	0.0113740983994682	0	-3.27476319468662	11.8339738720919	0.800451990444016	0.802	0.00177627731815016	questionable fit	23G3B04	1	22	0.0199583333333333	2024-04-15
G13	0.238819125371033	0.0175091638341188	0.119547480703376	21.2203540660438	5.79809107211383	6.32308484261635	6.3095	0.004358665899801		30G4B06	1	22	0.227958333333333	2024-04-15
G14	0	0.0165691934207831	0	1.62159647856424	1.94168260272774	2.08189943331932	2.004	0.0168343019333507		23D08	1	22	0.0819583333333333	2024-04-15
G15	0	0.00380389697106573	0	-6.89278325425782	8.57394031105211	0.254528127030817	0.2545	0.000467901998313524	questionable fit	28G4B03	1	22	0.00595833333333333	2024-04-15
G16	0.0469583333333333	0.0163598013487315	0.0214911962671111	820.192473856979	32.2526104152098	1.37439630989569	1.353	0.00324188545293153		19G3B04	1	22	0.0469583333333333	2024-04-15
G17	0	0.00124746996860339	0	39.7423370155971	7.47708042834659	0.616574424341947	0.63	0.00245788113592287		28G4B01	1	22	0.0319583333333333	2024-04-15
G18	0.318668303159354	0.0201631066684658	0.157188206304606	17.1446247321459	4.40966403813233	9.71592566301099	9.695	0.00556006980923154		12G1A05	1	22	0.320958333333333	2024-04-15
G19	0	0	0	0	0	0	0	0	cannot fit data	28G3A07	1	22	0.00295833333333334	2024-04-15
G2	0.0729583333333333	0.00455897042066166	0.05550151038876	379.576209037355	12.4887985156584	1.09696762922945	1.078	0.00375265231212104		26G3A08	1	22	0.0729583333333333	2024-04-15
G20	0.325267596575205	0.0361820213010666	0.164345266729343	12.6450882799056	4.21762789007777	11.2723334689334	11.2815	0.0044626079202014		09D09	1	22	0.328958333333333	2024-04-15
G21	0.302115422820639	0.0266216460498267	0.0914312758565314	25.5584357918821	7.58107304165362	6.87458178658308	6.862	0.00372274787226683		28D04	1	22	0.266958333333333	2024-04-15
G22	0.317978214505239	0.0304943358302131	0.174799208064886	12.8354461867831	3.96539085178604	11.0020564822582	10.9735	0.00653826367706272		08G1A03	1	22	0.332958333333333	2024-04-15
G23	0.117958333333333	0.000331179642401052	0.121398220305831	191.983012862395	5.70969804016683	0.923109978841238	1.061	0.00660820322319331		28D03	1	22	0.117958333333333	2024-04-15
G24	0	0.0181074038773096	0	7.38835633980238	5.50679816577078	2.43309408092457	2.399	0.00555733500807338		02G3A08	1	22	0.0719583333333333	2024-04-15
G3	0.312432479500015	0.0269411853768733	0.169397843739027	13.9349788193771	4.09183000952363	10.4824413993904	10.4725	0.00860278419996261		33G4B03	1	22	0.323958333333333	2024-04-15
G4	0.311262456275193	0.030704412610907	0.150937631979864	14.6575391855665	4.59227544163682	10.1774907031159	10.1715	0.0065065454387459		25G3B04	1	22	0.317958333333333	2024-04-15
G5	0.195783603472851	0.0144338398058874	0.170200153513848	14.8698580705621	4.07254145339857	6.40232948782237	6.396	0.00731198185602619		33D06	1	22	0.201958333333333	2024-04-15
G6	0	0.013727236814218	0	13.8704841386646	6.2813021345954	2.51249724086921	2.5045	0.00133016778454232		24G4A05	1	22	0.0749583333333333	2024-04-15
G7	0.132649879039119	0.0177670644186292	0.148104496714783	12.6030351349003	4.68012245364027	4.571331137426	4.571	0.0043268856168881		32G4A01	1	22	0.135958333333333	2024-04-15
G8	0	0.00709004726119242	0	5.21719415811737	5.16633329839316	0.85044868850835	0.8465	0.0025332177185529		24G2B09	1	22	0.0229583333333333	2024-04-15
G9	0.0379583333333333	0.00335997055689333	0.0485023956609665	424.42891745839	14.2909885401346	0.641382245545966	0.6245	0.00233325189135319		32G2B08	1	22	0.0379583333333333	2024-04-15
H1	0.63303159323907	0.0262122051942715	0.0372843494306801	84.271446245707	18.5908347911142	3.18744819694985	3.207	0.00613757612196829		35G3A04	2	22	0.129958333333333	2024-04-15
H10	0.0349583333333333	0.015901842553728	0.0154466769172647	990.413995106851	44.8735468652947	1.13133957618079	1.1225	0.00212670408819409		23G3B12	2	22	0.0349583333333333	2024-04-15
H11	0.133391172736967	0.0235647441491454	0.119934569187352	12.8332432007341	5.77937774952247	4.49100607094141	4.4775	0.00343219021562302		32G2B05	2	22	0.137958333333333	2024-04-15
H12	0	0.0133573659161046	0	-10.0721511503821	14.7545597637014	0.846328296966751	0.8455	0.00146888382745133	questionable fit	23G3B04	2	22	0.0199583333333333	2024-04-15
H13	0.24177860658844	0.0189442594308803	0.122923044971999	20.0526085641192	5.63887089453274	6.65895505492182	6.663	0.00504183216115843		30G4B06	2	22	0.230958333333333	2024-04-15
H14	0	0.0196587589625911	0	-1.61995982658098	2.42230580581389	1.48258479425346	1.446	0.00983700711573833	questionable fit	23D08	2	22	0.0549583333333333	2024-04-15
H15	0	0.00256917695772788	0	0.178162675368928	0.843580949272707	0.260894198674278	0.2615	0.000632457316390419		28G4B03	2	22	0.00695833333333333	2024-04-15
H16	0.0379583333333333	0.0152660535215101	0.0188156083749196	847.295742065813	36.8389459829469	1.19054408431753	1.169	0.00323811402021376		19G3B04	2	22	0.0379583333333333	2024-04-15
H17	0	0.0023177245031921	0	35.8413951677819	8.44632139385638	0.709722421259318	0.7235	0.00222839783902333		28G4B01	2	22	0.0329583333333333	2024-04-15
H18	0.324836454160734	0.019999504217126	0.158096922683505	17.2303768661235	4.38431797908908	9.88032292518709	9.8595	0.00475699347250166		12G1A05	2	22	0.326958333333333	2024-04-15
H19	0	0	0	0	0	0	0	0	cannot fit data	28G3A07	2	22	0.00395833333333334	2024-04-15
H2	0.0329583333333333	0.00723765646649555	0.0287268174690566	661.064459115005	24.1289234808755	0.748405932686777	0.7315	0.00192731682154388		26G3A08	2	22	0.0329583333333333	2024-04-15
H20	0.311926963621446	0.0341815047199352	0.161404012766555	12.97997703257	4.2944854262234	10.7061558316037	10.7005	0.00505703590263377		09D09	2	22	0.312958333333333	2024-04-15
H21	0.266457952502426	0.0240963358567224	0.100059111902821	23.070073887227	6.92737690129751	6.60156713536998	6.566	0.00436110201913739		28D04	2	22	0.255958333333333	2024-04-15
H22	0.295499584625771	0.0225320428760112	0.176899293652659	14.1007599182383	3.9183151399176	9.88887014010883	9.855	0.00809163860942867		08G1A03	2	22	0.314958333333333	2024-04-15
H23	0.111958333333333	0.000392605741207974	0.116742600532192	183.805204891299	5.93739712324474	0.909402632216226	1.0225	0.00616669864628389		28D03	2	22	0.111958333333333	2024-04-15
H24	0	0.0142914120316453	0	4.81019542764922	3.22137878434326	2.2778730886765	2.259	0.00384690949181707		02G3A08	2	22	0.0629583333333333	2024-04-15
H3	0.305602056154203	0.0281342028856701	0.163471286695425	14.0007404844644	4.24017694221369	10.2168905175948	10.208	0.00757443515081471		33G4B03	2	22	0.316958333333333	2024-04-15
H4	0.30537131883099	0.027347564509393	0.15668945014082	14.800480053187	4.42370038274433	9.96603224629709	9.959	0.00625760158888406		25G3B04	2	22	0.309958333333333	2024-04-15
H5	0.201977248804785	0.0123466375142156	0.178163684590359	15.332497613511	3.89050766520494	6.52994300685373	6.52	0.00761549486011153		33D06	2	22	0.208958333333333	2024-04-15
H6	0	0.012740452528678	0	10.3567323311343	6.23067305089202	1.87373708746799	1.8645	0.00180606433048307		24G4A05	2	22	0.0519583333333333	2024-04-15
H7	0.140350475921642	0.0193203415522073	0.127486014517521	14.3928026818962	5.4370448647501	4.56880637905323	4.568	0.00434877593739021		32G4A01	2	22	0.141958333333333	2024-04-15
H8	0	0.00725272190154693	0	4.37115489195278	5.21208310830843	0.815240492748707	0.81	0.00231029728266294		24G2B09	2	22	0.0229583333333333	2024-04-15
H9	0.0399583333333333	0.00289687105020293	0.0526849648127629	371.263414452567	13.1564514282836	0.634493134986828	0.622	0.00234480786355157		32G2B08	2	22	0.0399583333333333	2024-04-15
I1	0.147988689453416	0.0261921364087225	0.0657351921030759	23.3800613786069	10.5445372316408	3.61206756896029	3.6115	0.00641679413357514		35G3A04	3	22	0.129958333333333	2024-04-15
I10	0.0429583333333333	0.0187309749029406	0.016257419084128	945.852530561299	42.6357453771157	1.36212755405985	1.3535	0.00232311548961386		23G3B12	3	22	0.0429583333333333	2024-04-15
I11	0.136236786068261	0.0278406196567146	0.107091344059985	12.692871138202	6.47248558363125	4.54798971800414	4.534	0.00334536483780952		32G2B05	3	22	0.140958333333333	2024-04-15
I12	0	0.0141256279243368	0	-2.91602202085102	12.3278039008613	0.993896813125859	0.9925	0.00193853338137809	questionable fit	23G3B04	3	22	0.0239583333333333	2024-04-15
I13	0.244333428624863	0.0214645484555008	0.119875167123696	19.52181597105	5.78224162010724	6.83676444610255	6.8445	0.00535891576828058		30G4B06	3	22	0.234958333333333	2024-04-15
I14	0	0.0174248111047981	0	0.994153471016959	2.18642433793439	1.87020380983873	1.825	0.011852831956821		23D08	3	22	0.0669583333333333	2024-04-15
I15	0	0.002646754719242	0	-1.09188809984628	3.38393470747397	0.214965830014401	0.215	0.000645988742165917	questionable fit	28G4B03	3	22	0.00495833333333333	2024-04-15
I16	0.0379583333333333	0.0181357910020816	0.0162766998134321	946.445593734641	42.5852407739275	1.3195345169304	1.315	0.00250542189151379		19G3B04	3	22	0.0379583333333333	2024-04-15
I17	0	0.00160252694250032	0	40.1585567165864	8.29151222371304	0.591936230243629	0.601	0.00209395475297561		28G4B01	3	22	0.0289583333333333	2024-04-15
I18	0.310326549500504	0.0191612027123084	0.167672639498114	16.2280725904835	4.13393134762302	9.7506827761947	9.725	0.00647452545741373		12G1A05	3	22	0.315958333333333	2024-04-15
I19	0	0.00157468975874154	0	1.08316264559393	1.81100318592298	0.180467073977787	0.1775	0.000420076824396573		28G3A07	3	22	0.00395833333333334	2024-04-15
I2	0.0359583333333333	0.0071782974255404	0.03258555900426	578.944609739166	21.2716062495453	0.832347708213992	0.825	0.00127460369331163		26G3A08	3	22	0.0359583333333333	2024-04-15
I20	0.327246277590967	0.0356494010710433	0.165846408208486	12.6722065602067	4.17945247079809	11.338923556921	11.337	0.00497184247352826		09D09	3	22	0.326958333333333	2024-04-15
I21	0.238712279809146	0.0219419802287329	0.109314018699559	20.952816350072	6.34088096664898	6.35662468829181	6.342	0.00298390951471386		28D04	3	22	0.227958333333333	2024-04-15
I22	0.311622373448991	0.0278429637310921	0.168645322883979	13.7662692605259	4.11008837189516	10.5007884522809	10.4845	0.0073484183464854		08G1A03	3	22	0.320958333333333	2024-04-15
I23	0.111958333333333	0.000226969320095361	0.12827127366582	179.980733759981	5.40376002163802	0.833445088554545	0.9805	0.00649683494229802		28D03	3	22	0.111958333333333	2024-04-15
I24	0	0.016714911525469	0	4.30219059211924	3.34552651812978	2.41614904410501	2.3865	0.00483599872489625		02G3A08	3	22	0.0659583333333333	2024-04-15
I3	0.309842666210676	0.0286491813389345	0.163968761855935	13.9289831587565	4.22731240215715	10.3803870723426	10.374	0.00774909853197527		33G4B03	3	22	0.318958333333333	2024-04-15
I4	0.304353655284903	0.029018709163976	0.157023082574449	14.3294064794249	4.4143011918729	10.0633256859751	10.0545	0.00559767265169446		25G3B04	3	22	0.311958333333333	2024-04-15
I5	0.206437180416881	0.0129992779445968	0.1774150193397	15.2189072850895	3.90692503453026	6.69501956714024	6.6965	0.00814667055041529		33D06	3	22	0.212958333333333	2024-04-15
I6	0	0.0142918080566119	0	11.8581316001315	5.93511596832937	2.45210154804311	2.4435	0.0016329317442683		24G4A05	3	22	0.0699583333333333	2024-04-15
I7	0.138617086761349	0.0198780186842538	0.131083074583595	13.6349704457643	5.28784652604334	4.61152544597172	4.6155	0.00645224973124287		32G4A01	3	22	0.144958333333333	2024-04-15
I8	0	0.00751973806446063	0	4.25419541383213	5.44692050030383	0.821158731523408	0.8195	0.00315662134096218		24G2B09	3	22	0.0219583333333333	2024-04-15
I9	0.0169583333333333	0.00456258150848027	0.024765087995191	676.558551321433	27.9888842185638	0.420586934614249	0.4085	0.00159675083652407		32G2B08	3	22	0.0169583333333333	2024-04-15
J1	0	0.00846894042527597	0	10.7667290937858	4.38773796196097	1.9856295184059	1.9795	0.00173642286168841		35G4A07	1	22	0.0579583333333333	2024-04-15
J10	0.0975108389563763	0.0207038139678309	0.124693040925993	10.5136434598654	5.55882810630415	3.47595043692258	3.466	0.00213872089182257		30G1B03	1	22	0.101958333333333	2024-04-15
J11	0.288466152615428	0.0297573482173934	0.168903653116544	12.803909101716	4.10380218408699	9.9714048043329	9.9685	0.00653159230433325		36G4B04	1	22	0.298958333333333	2024-04-15
J12	0.280294610115651	0.0206372116544038	0.157500609313992	16.0778249536141	4.4009174540912	8.82313465766639	8.868	0.0098179440348968		33G2A09	1	22	0.297958333333333	2024-04-15
J13	0.28772233484639	0.0236634781413595	0.172894231998461	13.9521089836534	4.00908215703873	9.65812825686229	9.644	0.00828582819506225		37G4A03	1	22	0.299958333333333	2024-04-15
J14	0	0.0181753890545634	0	-1.04188991538394	3.78792120476799	1.48415131537724	1.476	0.00447978537797823	questionable fit	33G1B11	1	22	0.0399583333333333	2024-04-15
J15	0.192346156499137	0.034249914655207	0.0833164843378704	18.3579505598292	8.31944825887096	5.43634361763154	5.405	0.00473713582878092		39G1A08	1	22	0.180958333333333	2024-04-15
J16	0.273150945760087	0.0228983799243627	0.156205980744701	15.3093018425744	4.43739207202832	8.78695354497357	8.81	0.00678882362544237		32G3B09	1	22	0.281958333333333	2024-04-15
J17	0.320895729330088	0.0345408146413679	0.157020510639418	13.4701532647782	4.41437349641339	10.8567508214218	10.842	0.00508066197085327		39G1A09	1	22	0.327958333333333	2024-04-15
J18	0.203083800798827	0.0310328934345998	0.0918583604328132	18.6454741574442	7.54582573969329	5.7391039823713	5.737	0.00496420481405801		30G3A10	1	22	0.196958333333333	2024-04-15
J19	0.305995635733382	0.0331345853669096	0.164914452995847	12.7847198488817	4.2030711557913	10.5686359847744	10.567	0.00482042703003214		39G3A10	1	22	0.311958333333333	2024-04-15
J2	0.28995057150553	0.0236423577663062	0.144985253025437	16.7024877487363	4.78081160735938	8.92591233887934	8.9025	0.00651784335663098		35D01	1	22	0.291958333333333	2024-04-15
J20	0	0.0077741472611383	0	8.67337264098596	5.0645049318944	1.2441677986495	1.2435	0.00173826056753517		33G3A09	1	22	0.0339583333333333	2024-04-15
J21	0	0.0216023137846035	0	3.42675328301653	6.67982570341411	2.07353438854563	2.069	0.00232973862329815		39G3B09	1	22	0.0509583333333333	2024-04-15
J22	0	0.0193209772275914	0	29.1490444979587	18.2203632707576	1.69831511246199	1.694	0.0020135968197132		33G4B08	1	22	0.0519583333333333	2024-04-15
J23	0.218951535034079	0.0203082736364962	0.104285833747924	21.8676123729078	6.6466091860127	5.65062163431301	5.634	0.0086306969617738		54.4B	1	22	0.204958333333333	2024-04-15
J24	0.326534111999569	0.00716102226931371	0.140683201523345	26.9947455895065	4.92700743979675	6.92528925297075	6.8985	0.0102635826207586		35D06	1	22	0.308958333333333	2024-04-15
J3	0.0905833830061667	0.0113153061315547	0.178858861125094	10.8838843083991	3.87538630291936	3.29518725837535	3.2875	0.00380926974075306		35G4B10	1	22	0.0899583333333333	2024-04-15
J4	0	0.00895917556510808	0	16.0506336381807	5.87084016095363	2.12242023084878	2.1185	0.00145809947254671		28G4B05	1	22	0.0659583333333333	2024-04-15
J5	0.278764519374007	0.0311967645847765	0.143776352431933	14.4068887268272	4.8210096363941	9.14988066878423	9.142	0.0108275115696472		36G2A07	1	22	0.293958333333333	2024-04-15
J6	0	0.0120647488829311	0	2.94450577469111	4.43827556452218	1.30702053882511	1.3025	0.00220431441269881		28G4B10	1	22	0.0329583333333333	2024-04-15
J7	0.29204709033582	0.0288934224761558	0.171458236063694	12.8843281458532	4.042658996576	10.0821137542319	10.069	0.00676754300814224		36G3B02	1	22	0.301958333333333	2024-04-15
J8	0.285039133770169	0.0237251347286987	0.131743231663752	18.2110890414798	5.2613494583848	8.34530011688709	8.324	0.00455987443285651		30D10	1	22	0.285958333333333	2024-04-15
J9	0.293078361648024	0.023305784158285	0.166517995749222	14.7063847997188	4.16259622535831	9.61866992682634	9.5955	0.00820091561711316		36G3B05	1	22	0.301958333333333	2024-04-15
K1	0	0.00786284925293841	0	10.2207555306532	4.29597163963408	1.78994626730695	1.779	0.00207837409523294		35G4A07	2	22	0.0509583333333333	2024-04-15
K10	0.104241730006123	0.0211591403446647	0.127759021095126	10.7058051773027	5.42542651484351	3.70942340960805	3.7015	0.00221247460007456		30G1B03	2	22	0.107958333333333	2024-04-15
K11	0.278976127065544	0.0303040989131354	0.165475053257541	12.7200556807469	4.18883189287239	9.65330408455512	9.665	0.00904714189986418		36G4B04	2	22	0.287958333333333	2024-04-15
K12	0.292528067102061	0.0230466782667795	0.151928380705632	16.1851108348675	4.56232849544385	9.16400628945378	9.198	0.00934944211256376		33G2A09	2	22	0.301958333333333	2024-04-15
K13	0.270479976049595	0.0256256356622766	0.165984204970179	13.5981026726776	4.17598277308662	9.14821589502808	9.142	0.00874487303501276		37G4A03	2	22	0.287958333333333	2024-04-15
K14	0	0.0222184303837179	0	-4.51434783877581	5.04912427459952	1.53335524045683	1.5325	0.00510332397544434	questionable fit	33G1B11	2	22	0.0419583333333333	2024-04-15
K15	0.21811600754709	0.0356118738757818	0.0670789083718597	24.3607677077443	10.333310385992	5.18231616520208	5.166	0.00390741573862814		39G1A08	2	22	0.184958333333333	2024-04-15
K16	0.276808439732424	0.024384279077637	0.154204048845378	15.1563609561863	4.49499987678644	8.93716611356616	8.9535	0.00686054500206677		32G3B09	2	22	0.280958333333333	2024-04-15
K17	0.30087692501142	0.0327014843493892	0.158358486562742	13.28770545566	4.37707631340185	10.2332899602338	10.218	0.0033088101429806		39G1A09	2	22	0.305958333333333	2024-04-15
K18	0.200013451588486	0.0335120296750486	0.0862521979876758	18.5861858324381	8.03628425398488	5.63445070912404	5.641	0.00481340060148438		30G3A10	2	22	0.188958333333333	2024-04-15
K19	0.303772526545596	0.0321403694250697	0.164681702051571	12.9603708634363	4.20901151691328	10.4435374781967	10.4345	0.00602443403585885		39G3A10	2	22	0.312958333333333	2024-04-15
K2	0.297313405263434	0.0235305742624	0.150147810179198	16.3441251232691	4.61643216596159	9.26545633859743	9.2495	0.0074600923071616		35D01	2	22	0.295958333333333	2024-04-15
K20	0	0.00590745769642785	0	9.68723803924793	4.4329518202147	1.21458274137413	1.213	0.00160587709939634		33G3A09	2	22	0.0319583333333333	2024-04-15
K21	0	0.0252073300574117	0	1.32613208313226	7.04253610588915	2.17739036593142	2.173	0.00158845083435159		39G3B09	2	22	0.0529583333333333	2024-04-15
K22	0.249103183062328	0.0148740655318208	0.0222776548432978	123.741958585237	31.1140102239477	1.20967047158017	1.2045	0.00135898811233272		33G4B08	2	22	0.0409583333333333	2024-04-15
K23	0.212734605611081	0.0214014565535934	0.101784180240559	21.5215877005245	6.80996967231792	5.5478607961757	5.5515	0.00743783669332112		54.4B	2	22	0.197958333333333	2024-04-15
K24	0.342735429723877	0.0063519472680226	0.152678707537983	25.9989782971211	4.53990731083117	7.57525526882353	7.6035	0.0108948349839711		35D06	2	22	0.323958333333333	2024-04-15
K3	0.0920486806161897	0.011718452190966	0.166300317593034	11.5753313752999	4.16804483955466	3.2787644453665	3.2725	0.00437218446875976		35G4B10	2	22	0.0909583333333333	2024-04-15
K4	0	0.00996639823987196	0	15.6319355286456	5.84212255266494	2.30677803588452	2.3035	0.00138476036040558		28G4B05	2	22	0.0709583333333333	2024-04-15
K5	0.279268457738941	0.0254607302050633	0.17999096685654	12.775306278486	3.85101092941187	9.69155592641965	9.6755	0.00730219300178772		36G2A07	2	22	0.289958333333333	2024-04-15
K6	0	0.0143049543808333	0	2.70737341651711	3.16767535326727	1.73876181298984	1.73	0.00367531242789898		28G4B10	2	22	0.0449583333333333	2024-04-15
K7	0.293920417546191	0.0232570619964127	0.187938737318337	13.0588670837816	3.68815492990074	10.1431915219383	10.1285	0.00892941532287986		36G3B02	2	22	0.303958333333333	2024-04-15
K8	0.26748331474492	0.0252772267867876	0.133480479128859	16.9304539379737	5.19287303344782	8.1430922492673	8.128	0.0058155969463254		30D10	2	22	0.270958333333333	2024-04-15
K9	0.271742250767912	0.0216751344176478	0.176124197274966	13.8854493642419	3.93555906164217	9.14589945886084	9.1215	0.00746270711634696		36G3B05	2	22	0.288958333333333	2024-04-15
L1	0	0.00849994696124236	0	10.6184158499268	4.39398200795384	1.95647440435789	1.9495	0.00175610116937784		35G4A07	3	22	0.0559583333333333	2024-04-15
L10	0.103588798288171	0.0199935404599229	0.140272690372988	10.1985464579991	4.94142643672728	3.76111320910961	3.755	0.00245680035467407		30G1B03	3	22	0.107958333333333	2024-04-15
L11	0.27655678657833	0.0334961700880523	0.157673032865008	12.5695543507522	4.39610482506153	9.57864324246554	9.5875	0.00872986264070259		36G4B04	3	22	0.286958333333333	2024-04-15
L12	0.288147626737464	0.0202073652480483	0.154460000732086	16.7338915209903	4.48755132250857	8.8884645651716	8.9305	0.00914257330254132		33G2A09	3	22	0.297958333333333	2024-04-15
L13	0.269503936938033	0.0281512763477549	0.159491464482549	13.4719842111464	4.34598292020692	9.12585846651742	9.1265	0.0101124847393198		37G4A03	3	22	0.282958333333333	2024-04-15
L14	0	0.020537775067184	0	-2.43076864715584	4.83828151013673	1.55128572720504	1.5495	0.00494881559086997	questionable fit	33G1B11	3	22	0.0409583333333333	2024-04-15
L15	0.201929854391352	0.0392562628002322	0.072451550430232	19.6218671071177	9.56704413423724	5.46348752487856	5.4495	0.00400107553075604		39G1A08	3	22	0.185958333333333	2024-04-15
L16	0.270889529865114	0.0236100837031667	0.155614692350475	15.093980692245	4.45425280923243	8.76551675056893	8.7825	0.00801401310730829		32G3B09	3	22	0.274958333333333	2024-04-15
L17	0.307691426990741	0.0333078362185435	0.159691332316625	13.2050648704525	4.34054353799002	10.4927782697837	10.473	0.00349092987447948		39G1A09	3	22	0.312958333333333	2024-04-15
L18	0.206367611741127	0.031995781944242	0.088021043371557	19.2634150564155	7.87478941409513	5.71511662254431	5.7245	0.00439039961258722		30G3A10	3	22	0.192958333333333	2024-04-15
L19	0.293924074676788	0.0333449356511604	0.162698856415732	12.6368479207614	4.260307637251	10.182266378058	10.176	0.00522254902428795		39G3A10	3	22	0.300958333333333	2024-04-15
L2	0.273236813549969	0.0266632765330067	0.144330376834826	15.4116764223447	4.8025037816758	8.72702669199567	8.704	0.00742796491981135		35D01	3	22	0.284958333333333	2024-04-15
L20	0	0.00664027500435714	0	9.39095546271891	4.61179419466371	1.25950162792906	1.2575	0.00167094907487877		33G3A09	3	22	0.0329583333333333	2024-04-15
L21	0	0.0238697641568336	0	2.34647786109444	6.68974259253262	2.18055087911585	2.1825	0.00254997206777495		39G3B09	3	22	0.0529583333333333	2024-04-15
L22	0	0.013379278179986	0	47.2882091609247	20.7002188143585	1.2163018314333	1.2225	0.0015033852612923		33G4B08	3	22	0.0379583333333333	2024-04-15
L23	0.259597925259128	0.0243760773030323	0.0878741542723592	25.7974248343747	7.88795279225776	5.86503503264605	5.8525	0.00411900705319805		54.4B	3	22	0.223958333333333	2024-04-15
L24	0.347582564518383	0.00657749287321949	0.151535963757438	26.0548295052244	4.57414308374649	7.66496060363537	7.74	0.0148096073231588		35D06	3	22	0.329958333333333	2024-04-15
L3	0.0953235193870674	0.0138942759014593	0.134944961613047	13.1035460254582	5.13651767561011	3.22150500322163	3.2155	0.00367341807439114		35G4B10	3	22	0.0929583333333333	2024-04-15
L4	0	0.00925468005445388	0	15.9469595235663	5.84817235958307	2.18986917120807	2.187	0.00134897868698936		28G4B05	3	22	0.0679583333333333	2024-04-15
L5	0.27218942954811	0.0245525952894542	0.168516864893439	13.7146257337306	4.11322143334589	9.18441589439029	9.1655	0.00927796309689491		36G2A07	3	22	0.277958333333333	2024-04-15
L6	0	0.0124831882975648	0	4.25536358784424	3.2430801189428	1.83319220555324	1.825	0.00361281080605444		28G4B10	3	22	0.0469583333333333	2024-04-15
L7	0.284186728880077	0.0293100136819755	0.171877439507721	12.5836802264889	4.03279908372623	9.88862168322422	9.8805	0.00728154006350761		36G3B02	3	22	0.290958333333333	2024-04-15
L8	0.268166681072958	0.0254906609605835	0.129084966677428	17.4568364772681	5.36969717234432	8.02307009248643	8.013	0.00451339271644231		30D10	3	22	0.266958333333333	2024-04-15
L9	0.28159008008947	0.0235984379446446	0.166976934669793	14.3238146830548	4.15115525944159	9.34135953358784	9.3195	0.00981405081375863		36G3B05	3	22	0.296958333333333	2024-04-15
A1	0.12350527279391	0.0252102927556097	0.122244181721102	11.1311686585969	5.67018545014559	4.33391316821191	4.37	0.0220340007108179		35G4A05	1	28	0.162291666666667	2024-04-15
A10	0.241800499509546	0.0323417575244216	0.216180747229039	8.64169270570682	3.20633168977611	9.35648125755525	9.3615	0.0123126703590789		28G2A06	1	28	0.258291666666667	2024-04-15
A11	0.124041280032867	0.0174258552530592	0.199624010733531	9.07342335703237	3.47226357196678	4.73469697203207	4.745	0.00863072245112644		35G1A07	1	28	0.134291666666667	2024-04-15
A12	0	0.0308760996453413	0	1.44293439529359	3.36482687047373	3.17724850520403	3.1675	0.00585191127597148		28G2A04	1	28	0.0882916666666667	2024-04-15
A13	0	0.00552939045652488	0	4.50517767324627	3.90453476354119	0.738381882663303	0.727	0.00292498777906438		35D10	1	28	0.0262916666666667	2024-04-15
A14	0.205292373458255	0.0341228555328247	0.164894863785036	9.78009230448047	4.2035704730231	7.62221932393022	7.621	0.00530562932597526		28G1B05	1	28	0.213291666666667	2024-04-15
A15	0	0.00904742103844331	0	19.0907244326435	6.40053303937912	2.27220529114748	2.2645	0.00205157597460306		28G4B02	1	28	0.0812916666666667	2024-04-15
A16	0	0.013501454559646	0	1.42596898679351	1.37200341802105	1.88883984230146	1.8265	0.00684238075886655		28G1B03	1	28	0.0512916666666667	2024-04-15
A17	0	0.0020900286322695	0	1.56433225103311	1.18920537796859	0.334368042308856	0.310499999999999	0.00195641858035464		28G4A09	1	28	0.0102916666666667	2024-04-15
A18	0	0	0	0	0	0	0	0	cannot fit data	28G1A07	1	28	0.0252916666666667	2024-04-15
A19	0.114239337949655	0.0116092341025369	0.238296661180673	9.14545115302322	2.90875741659852	4.38738902299574	4.3655	0.00768394931948247		CONT	1	28	0.122291666666667	2024-04-15
A2	0.156477648512405	0.0197368593358241	0.204287519082354	9.47487723533408	3.39299818057175	5.92534069125819	5.924	0.0094613603627253		28G2B04	1	28	0.163291666666667	2024-04-15
A20	0.167471024675671	0.0212707893869012	0.13418198528907	14.3658808692625	5.16572458714698	5.47681870190653	5.442	0.00812488228055966		28G1A03	1	28	0.183291666666667	2024-04-15
A21	0.124152835464116	0.00613446408287816	0.325662846614662	9.07968966206435	2.12841958413545	4.812749927771	4.784	0.00773415775890195		28G4A04	1	28	0.136291666666667	2024-04-15
A22	0.103847712274297	0.00928784203870496	0.256006851520512	9.0643157804429	2.70753371030153	4.0053949894926	4.014	0.00528475331815893		26G3A06	1	28	0.112291666666667	2024-04-15
A23	0	0.0144247485729113	0	2.0668904053269	1.84755252161488	2.05518919460467	2.043	0.00395048192298702		28G3B02	1	28	0.0572916666666667	2024-04-15
A24	0.136803351203098	0.0193604313412533	0.21790851172461	8.27283455451049	3.18090915804122	5.33912097156832	5.3395	0.0085002183767616		26G3A01	1	28	0.158291666666667	2024-04-15
A3	0.26451795632385	0.0180350412842097	0.249520831312023	10.4799910439447	2.77791307809957	9.84994641114964	9.8275	0.00975452442302323		35G3A03	1	28	0.284291666666667	2024-04-15
A4	0.146102860197681	0.0166462624406809	0.114367374440182	17.9348347320011	6.06070729482808	4.27845493574939	4.245	0.00381300349365679		28G2A10	1	28	0.148291666666667	2024-04-15
A5	0.173802336576108	0.0153303493916151	0.0999842310329584	23.3611173739275	6.93256499948936	4.26380848267084	4.228	0.00581726434335694		35G2B04	1	28	0.167291666666667	2024-04-15
A6	0.12104770833973	0.0229564233611108	0.320460447603545	4.53191884672604	2.16297264059703	5.18228040975621	5.1465	0.0054260910414386		28G2A09	1	28	0.126291666666667	2024-04-15
A7	0	0.0150352904512807	0	-0.103678853713881	1.35254274911791	1.36792189888879	1.319	0.00495297697805975	questionable fit	35G2A08	1	28	0.0372916666666667	2024-04-15
A8	0	0.0149612932766247	0	-1.35842904435905	3.62687846042455	1.19280807929531	1.1785	0.00231087499995799	questionable fit	28G2A08	1	28	0.0332916666666667	2024-04-15
A9	0	0.0126826753583534	0	2.44768114197488	2.03368566637965	1.86395456901819	1.855	0.00262002017203463		35G1A08	1	28	0.0482916666666667	2024-04-15
B1	0	0.0156325998445976	0	4.60721073242695	2.25852766433345	3.41115374882388	3.4305	0.010995037977938		35G4A05	2	28	0.107291666666667	2024-04-15
B10	0.206367713628737	0.037406064910569	0.178959040920838	8.42560898903147	3.87321689361622	7.93722755395014	7.946	0.00976337012892527		28G2A06	2	28	0.215291666666667	2024-04-15
B11	0.100601074540608	0.0125709038788616	0.277610638662742	7.01087928719253	2.49683219598087	4.07518178522329	4.0855	0.00546712848446165		35G1A07	2	28	0.106291666666667	2024-04-15
B12	0	0.0348409243376231	0	2.1963396494174	5.1334985224029	3.40749584420982	3.401	0.00299900008883901		28G2A04	2	28	0.0872916666666667	2024-04-15
B13	0.100291666666667	0.00285908268635042	0.0720218042352516	279.866898152712	9.62412963573994	1.21963086283943	1.239	0.00705567280874		35D10	2	28	0.100291666666667	2024-04-15
B14	0.165228288123185	0.0380799149490336	0.159438651436398	7.5619538295401	4.34742249959666	6.41166371638564	6.4105	0.00539772469796177		28G1B05	2	28	0.172291666666667	2024-04-15
B15	0	0.00905065655434477	0	19.3439621569587	6.5198763076073	2.23167163575353	2.2285	0.00245141916587603		28G4B02	2	28	0.0742916666666667	2024-04-15
B16	0	0.0127800381838963	0	1.82121459287522	1.31838234851759	2.09920624902084	2.041	0.00730100197483645		28G1B03	2	28	0.0562916666666667	2024-04-15
B17	0	0.00420457352945911	0	0.866745906105265	1.52623200621667	0.480094187120957	0.478	0.00194212423375974		28G4A09	2	28	0.0132916666666667	2024-04-15
B18	0.0292916666666667	0.0236232554425775	0.00157878766569298	6372.22755447223	439.037620841623	1.1779855939125	1.1845	0.00294724068991808		28G1A07	2	28	0.0292916666666667	2024-04-15
B19	0.0964797051913923	0.00946811005440939	0.277409463610964	7.99580534465244	2.49864287806708	3.8236746962544	3.813	0.00700031561919167		CONT	2	28	0.105291666666667	2024-04-15
B2	0.121754977342312	0.016103170450394	0.292741453252739	6.42591833389705	2.36777939324335	5.00285136035049	4.966	0.00622718719098529		28G2B04	2	28	0.130291666666667	2024-04-15
B20	0.139256495450739	0.0246000712091665	0.139064344845111	11.0681908100864	4.98436303951215	4.95422089846774	4.964	0.00711936943374933		28G1A03	2	28	0.149291666666667	2024-04-15
B21	0.108489103051277	0.00952533234815781	0.290986596111369	8.04435341471504	2.38205879522594	4.30049385856935	4.376	0.0140508155874848		28G4A04	2	28	0.132291666666667	2024-04-15
B22	0.0956954385211938	0.00797645585630189	0.310491664368361	7.72208859876477	2.23241800056059	3.82758964429368	3.8315	0.00323465481838426		26G3A06	2	28	0.102291666666667	2024-04-15
B23	0	0.0150821641014549	0	2.39138518119109	2.02358325602899	2.1957857335946	2.1895	0.00373884617406536		28G3B02	2	28	0.0592916666666666	2024-04-15
B24	0.124950429754195	0.0122280083414986	0.292167312635717	7.60249065095404	2.37243233785082	5.00364442642152	4.9945	0.00924368717580771		26G3A01	2	28	0.153291666666667	2024-04-15
B3	0.252104460392305	0.0267855959915977	0.208497517901903	10.2142812800488	3.32448648566679	9.39058632618772	9.4435	0.0136380377978306		35G3A03	2	28	0.274291666666667	2024-04-15
B4	0.125398152400359	0.0151557999989006	0.135977012192015	14.5928919679674	5.09753207094404	4.08016395598078	4.0465	0.0037126544572033		28G2A10	2	28	0.131291666666667	2024-04-15
B5	0.16220454100472	0.0173656156237648	0.0968526018356953	21.9006003737551	7.15672235358042	4.17243355259281	4.142	0.00517251475445257		35G2B04	2	28	0.159291666666667	2024-04-15
B6	0.106496486279731	0.025800115883906	0.312481675447208	3.64922075057035	2.218201049927	4.62865586677928	4.6095	0.00460856506361312		28G2A09	2	28	0.114291666666667	2024-04-15
B7	0	0.00975467819539966	0	1.23732400709576	0.949151008929578	1.56639743643865	1.4925	0.00675989056372246		35G2A08	2	28	0.0432916666666667	2024-04-15
B8	0	0.0144363377824839	0	-1.79300784194373	2.01488010349457	1.03901354288707	1.0315	0.00212378512794556	questionable fit	28G2A08	2	28	0.0252916666666667	2024-04-15
B9	0	0.010475060219375	0	3.92171174347884	2.11086651413149	2.09939302459827	2.096	0.00241455951495541		35G1A08	2	28	0.0502916666666667	2024-04-15
C1	0.162171971545256	0.0268834204532508	0.0308338299512933	52.4067285478393	22.4800870230807	2.34716549858471	2.3645	0.00929498155011632		35G4A05	3	28	0.0812916666666667	2024-04-15
C10	0.193059368046681	0.0389385171294424	0.166545411698112	8.26052851614992	4.16191099768257	7.4125022519745	7.416	0.00924277252789945		28G2A06	3	28	0.204291666666667	2024-04-15
C11	0.0955927135152186	0.0111331621635375	0.288528574847916	7.02302883495642	2.40235193663333	3.87607807796296	3.8885	0.00496167353133624		35G1A07	3	28	0.0992916666666667	2024-04-15
C12	0	0.0336652088403992	0	1.44489698425602	5.21344828758845	3.13068635379423	3.129	0.00324693850837494		28G2A04	3	28	0.0792916666666667	2024-04-15
C13	0.090901099218434	0.00000000433366540984872	0.680979391132354	24.7567975252223	1.01786807293442	2.11283266577732	2.3315	0.0105146220984261		35D10	3	28	0.103291666666667	2024-04-15
C14	0.142948727380543	0.03454018630754	0.178847383850133	6.39530412353003	3.87563500029039	5.72674363687462	5.722	0.00414991688907331		28G1B05	3	28	0.151291666666667	2024-04-15
C15	0	0.00863184166028494	0	19.9809805517632	6.91233255216064	1.98616859089299	1.984	0.00123053217604754		28G4B02	3	28	0.0702916666666667	2024-04-15
C16	0	0.0138336736059467	0	2.08497115322933	1.57260016993372	2.19043934238173	2.14	0.00689308831946949		28G1B03	3	28	0.0572916666666667	2024-04-15
C17	0	0.00366340159476696	0	5.69452796689416	3.29094234954912	0.649455434937975	0.6485	0.00119630748265182		28G4A09	3	28	0.0172916666666667	2024-04-15
C18	0	0	0	0	0	0	0	0	cannot fit data	28G1A07	3	28	0.0262916666666667	2024-04-15
C19	0.0917349947280824	0.00946167710072195	0.252329195350592	8.57133156045057	2.74699556504696	3.57743075880248	3.5765	0.00519203153061236		CONT	3	28	0.0952916666666666	2024-04-15
C2	0.115408857180075	0.0156487834125947	0.304143506068202	6.09046330798705	2.27901357987408	4.78144124985622	4.7485	0.00552949079673035		28G2B04	3	28	0.122291666666667	2024-04-15
C20	0.126424496430245	0.0235596662262242	0.163716540152885	9.00263104244502	4.23382499967724	4.7722710906314	4.7705	0.00484206979248611		28G1A03	3	28	0.134291666666667	2024-04-15
C21	0.103796733690495	0.00463847905374534	0.366379487003294	8.35835709092914	1.89188315707673	4.10172127510606	4.047	0.0158737623526572		28G4A04	3	28	0.134291666666667	2024-04-15
C22	0.0936022970884592	0.00727616862470365	0.339664755662808	7.28226240246595	2.04068031493985	3.78897398970254	3.7825	0.0036139564760742		26G3A06	3	28	0.0992916666666667	2024-04-15
C23	0	0.0106541734893344	0	2.35839702708669	1.8463587545083	1.63138367852374	1.6245	0.00315866999936262		28G3B02	3	28	0.0442916666666667	2024-04-15
C24	0.115444698285485	0.0151346620657717	0.241553338410393	7.82965017246857	2.86954088534394	4.57032210046865	4.56	0.00845831157276786		26G3A01	3	28	0.140291666666667	2024-04-15
C3	0.231136923814707	0.0242929427533547	0.215924185529071	9.91912463469048	3.21014146174295	8.68331469783329	8.709	0.0112260368620513		35G3A03	3	28	0.246291666666667	2024-04-15
C4	0.11982515646008	0.0162239961918448	0.130688676463524	14.1868231184919	5.30380442527019	3.9292565015117	3.897	0.00358987200344075		28G2A10	3	28	0.128291666666667	2024-04-15
C5	0.166818706349775	0.0131985861762948	0.0983392951461988	24.9582131252774	7.0485270362113	3.87140982425781	3.881	0.0069476000778052		35G2B04	3	28	0.145291666666667	2024-04-15
C6	0.0998873374904005	0.0270857739920915	0.278369704293281	3.55185485789396	2.49002377007833	4.32630856461386	4.308	0.00275988831766945		28G2A09	3	28	0.103291666666667	2024-04-15
C7	0	0.00777582694960972	0	1.86079662168675	1.26215570865775	1.3391633799048	1.303	0.00449894358179953		35G2A08	3	28	0.0352916666666667	2024-04-15
C8	0	0.0118972738695284	0	-1.06364304425922	1.96283064775816	0.9336034932666	0.923999999999999	0.00188973126542557	questionable fit	28G2A08	3	28	0.0222916666666667	2024-04-15
C9	0	0.00934643049691312	0	4.36251663960769	2.2514577570952	1.93624408641608	1.9305	0.00230866676734803		35G1A08	3	28	0.0472916666666667	2024-04-15
D1	0.105321874697884	0.0288132697060626	0.039086002058145	24.9850875486551	17.7338981748199	2.48234697076659	2.488	0.00750989339189717		26G2A07	1	28	0.0832916666666667	2024-04-15
D10	0	0.00324182643214846	0	22.4653953424669	7.59667408241467	0.716879883204642	0.7105	0.00228781043650956		18G1A02	1	28	0.0262916666666667	2024-04-15
D11	0.130868556349067	0.0282628881566473	0.198527843519461	6.49452279540499	3.49143560052823	5.27155350619489	5.286	0.00877763005405411		23G1B05	1	28	0.145291666666667	2024-04-15
D12	0.127471667379324	0.0239932229923716	0.0241199984518107	60.5966833699258	28.737447141416	1.81903724997401	1.831	0.00555534894455889		04D05	1	28	0.0542916666666667	2024-04-15
D13	0.0986691966954646	0.00253498754990627	0.45178721510621	8.04705485188572	1.53423372194584	3.93644064811484	3.9335	0.00892320770920221		23G1A10	1	28	0.113291666666667	2024-04-15
D14	0.161049128001707	0.0212677041527998	0.109970069211437	17.1218429955361	6.30305305371091	4.81376822023793	4.8235	0.0067092864253381		37G1B08	1	28	0.158291666666667	2024-04-15
D15	0	0.0174442495608237	0	-1.45518497774743	1.58095346467265	1.25392568578825	1.224	0.00402708121300852	questionable fit	23G1A09	1	28	0.0322916666666667	2024-04-15
D16	0.106445229507059	0.022648340068005	0.256749363749343	5.09566725216112	2.69970359590315	4.46778450938197	4.4665	0.00342204330670626		36G2A02	1	28	0.113291666666667	2024-04-15
D17	0.0876308514584359	0.0253483003907953	0.218150845284196	4.12086244341683	3.17737563499672	3.70803349913469	3.705	0.00240772337971645		23G1A04	1	28	0.0892916666666667	2024-04-15
D18	0.0863215540463378	0.0154745863520891	0.358579715916409	4.24263562773589	1.93303510988761	3.72964543280702	3.736	0.00559555872984699		35G4A09	1	28	0.0912916666666666	2024-04-15
D19	0.0868906532539163	0.0244570986914802	0.23764917816392	3.94355395061731	2.91668242202732	3.7072470440941	3.6995	0.00266794888494548		23G1A03	1	28	0.0902916666666666	2024-04-15
D2	0.222315738696536	0.0380477242318311	0.14534469724188	10.853853325944	4.76898843723499	7.977960265551	7.9455	0.00847009777212132		23D03	1	28	0.236291666666667	2024-04-15
D20	0	0.00688046685571026	0	5.60241579716182	1.99409369734355	2.31562340716299	2.309	0.0039145358960441		35G4A08	1	28	0.0592916666666666	2024-04-15
D21	0.106367802719137	0.00228940508448935	0.501545459610654	7.6101824272312	1.38202264077524	4.29156160664266	4.3	0.00673849793910139		23G1A02	1	28	0.121291666666667	2024-04-15
D22	0.0975473715533926	0.0244434040428597	0.0908077195587945	12.0641971793612	7.63313057444592	3.23591568506871	3.2385	0.00555747628890533		35G4A06	1	28	0.0972916666666667	2024-04-15
D23	0	0	0	0	0	0	0	0	cannot fit data	23G1A01	1	28	0.0192916666666667	2024-04-15
D24	0	0.000130098525049454	0	8.06879392931547	1.13898121001488	0.709913098068499	0.6945	0.00273552662866242		35G3B03	1	28	0.0222916666666667	2024-04-15
D3	0	0.0241727557433788	0	2.91021637427987	2.59939580418482	3.34931662845134	3.339	0.00402071647863257		23G4A10	1	28	0.0812916666666667	2024-04-15
D4	0.187630141544303	0.0398719071190828	0.13276939106987	9.86601943899305	5.22068509145439	6.82638885022191	6.8175	0.0053842767469409		23D01	1	28	0.190291666666667	2024-04-15
D5	0	0.0358037011197249	0	2.79452961972189	10.4751511017964	2.90306142101928	2.9045	0.00573601313647227		23G4A09	1	28	0.0762916666666667	2024-04-15
D6	0	0.0101251042026203	0	10.2383880541364	5.36029605408918	1.73416265322679	1.7295	0.00131067705501013		18G4A01	1	28	0.0502916666666667	2024-04-15
D7	0	0.00554469745459936	0	8.65263578644591	5.24292446189926	0.855968909578801	0.859499999999999	0.00125517598392066		23G3B11	1	28	0.0242916666666667	2024-04-15
D8	0	0.0217874514904684	0	-2.48867891127739	2.83478675668719	1.55509511124832	1.549	0.00211083892682745	questionable fit	18G3A05	1	28	0.0372916666666667	2024-04-15
D9	0	0.0217980027526111	0	1.93974614872889	1.92374005759314	2.95015577037208	2.947	0.00569764535105654		23G3A05	1	28	0.0762916666666667	2024-04-15
E1	0.0912916666666666	0.0250808795028896	0.0255549494696461	601.707534089649	27.1237938225336	2.36504143422439	2.381	0.00678312380493084		26G2A07	2	28	0.0912916666666666	2024-04-15
E10	0	0.0020211479158059	0	23.4706494068291	6.33451635341818	0.694185903005413	0.6905	0.00120252150146528		18G1A02	2	28	0.0262916666666667	2024-04-15
E11	0.129386620871686	0.0274821143554729	0.206472287533878	6.34710243097205	3.35709546709126	5.23981764493612	5.254	0.00801370422356214		23G1B05	2	28	0.141291666666667	2024-04-15
E12	0.0880756373462726	0.0221002135852056	0.0437008214960759	25.0268758118477	15.8611933787603	2.07030923227711	2.088	0.00613897972580687		04D05	2	28	0.0642916666666666	2024-04-15
E13	0.0970391262247919	0.000467884410779181	0.649974395078542	8.20003839004792	1.06642228649051	3.86143190165345	3.872	0.0037557624168497		23G1A10	2	28	0.103291666666667	2024-04-15
E14	0.153816758107489	0.0243914202024092	0.107557290673128	15.5161284162538	6.44444626879321	4.79245056979721	4.8285	0.00666063747205758		37G1B08	2	28	0.153291666666667	2024-04-15
E15	0	0.0170005776561494	0	-1.5998305560901	2.09817656839244	1.25915436621476	1.239	0.0035446488767461	questionable fit	23G1A09	2	28	0.0322916666666667	2024-04-15
E16	0.104188307148353	0.0249195901483717	0.229716086495576	5.03747618241278	3.01740810203684	4.35223463953275	4.3495	0.00556078400025177		36G2A02	2	28	0.112291666666667	2024-04-15
E17	0.0905159102592042	0.0236284267824448	0.203732706578854	5.1074830459327	3.40223811973786	3.74812330362885	3.744	0.0019986029841589		23G1A04	2	28	0.0912916666666666	2024-04-15
E18	0.087123031959314	0.0155552695431325	0.324249682394351	4.70700620932055	2.13769578875622	3.71897184055181	3.7305	0.00528053823783605		35G4A09	2	28	0.0932916666666666	2024-04-15
E19	0.0922986531287451	0.0234175380268807	0.225772156928054	4.77869739897967	3.07011807829266	3.86965347301274	3.865	0.00209879378827242		23G1A03	2	28	0.0952916666666666	2024-04-15
E2	0.219252823094728	0.0376154679937356	0.153959745263035	10.2273278875969	4.50213255013982	8.01797088617056	7.9925	0.00724358427408733		23D03	2	28	0.229291666666667	2024-04-15
E20	0	0.00557120780341336	0	5.95826208371634	1.9209539841246	2.22858765174805	2.2255	0.00341325343295372		35G4A08	2	28	0.0562916666666667	2024-04-15
E21	0.113060094032195	0.000471999174020441	0.785085858554884	6.97314053528683	0.882893473378605	4.63789812340344	4.634	0.00624347369707832		23G1A02	2	28	0.126291666666667	2024-04-15
E22	0	0.0225411898730288	0	7.23147544215116	5.97639408542414	2.81922469046912	2.82	0.00498882095656824		35G4A06	2	28	0.0812916666666667	2024-04-15
E23	0	0	0	0	0	0	0	0	cannot fit data	23G1A01	2	28	0.0212916666666667	2024-04-15
E24	0	0.000413384818339732	0	8.01712234185832	1.40986484761976	0.866856253002331	0.85	0.00329982801226291		35G3B03	2	28	0.0262916666666667	2024-04-15
E3	0	0.0230228993261935	0	3.39649689550584	2.52867556609222	3.5335618081442	3.519	0.00300658793069977		23G4A10	2	28	0.0862916666666667	2024-04-15
E4	0.179003653984829	0.040200011941099	0.140636520844607	8.81131719646717	4.92864283329238	6.6963157864202	6.6915	0.0056249631755641		23D01	2	28	0.185291666666667	2024-04-15
E5	0	0.0267197400058205	0	2.00449943843115	3.24054400140268	2.95707920881817	2.9595	0.00314307780672117		23G4A09	2	28	0.0702916666666667	2024-04-15
E6	0	0.01080301257671	0	9.88388576831595	5.31693277930466	1.81472060765578	1.8165	0.00123534479088825		18G4A01	2	28	0.0502916666666667	2024-04-15
E7	0	0.00453680774995002	0	9.88864490866836	5.41527797937591	0.747158730700468	0.7455	0.000806865468401528		23G3B11	2	28	0.0212916666666667	2024-04-15
E8	0	0.0197244564159954	0	-0.607297323479348	3.41972346220525	1.6677486368367	1.6675	0.00162658715882478	questionable fit	18G3A05	2	28	0.0402916666666667	2024-04-15
E9	0	0.0204147070121312	0	1.84486435459626	1.80850032282412	2.78852843744414	2.7745	0.00567298304556675		23G3A05	2	28	0.0732916666666667	2024-04-15
F1	0.956196691500643	0.0282054386386061	0.030522553341725	114.45659375085	22.7093445557976	2.93352576620555	2.9655	0.00695412930949126		26G2A07	3	28	0.111291666666667	2024-04-15
F10	0	0.00206669118035088	0	24.2227038720236	6.49500324906635	0.701875511230907	0.6985	0.00102076209747997		18G1A02	3	28	0.0272916666666667	2024-04-15
F11	0.124049294969288	0.0271299823599911	0.203036807476248	6.27097787307899	3.41389913078214	5.02579612999673	5.046	0.00882940635636161		23G1B05	3	28	0.140291666666667	2024-04-15
F12	0.0632916666666666	0.0188586920276815	0.0273999602748271	149.720238277783	25.2973790329453	1.83549413903287	1.856	0.00572399805883162		04D05	3	28	0.0632916666666666	2024-04-15
F13	0.0987020589069723	0.000103824037991585	0.872103717437138	7.86157767431563	0.794799020690917	3.96162581207511	3.9825	0.00515691044395317		23G1A10	3	28	0.107291666666667	2024-04-15
F14	0.18194803302589	0.0242160137690403	0.0904423481725161	20.7190924379206	7.66396709689346	4.84014669359623	4.8655	0.00696034856520421		37G1B08	3	28	0.169291666666667	2024-04-15
F15	0	0.018193700663567	0	-2.29683304279649	2.19076916910095	1.26189151823647	1.2445	0.00326514942969279	questionable fit	23G1A09	3	28	0.0312916666666667	2024-04-15
F16	0.115794265434613	0.0248817615860609	0.21353849393978	6.06805103493775	3.24600575648631	4.72436610949496	4.7215	0.00408577059475302		36G2A02	3	28	0.120291666666667	2024-04-15
F17	0.094359036292014	0.0212266967363931	0.238782674493675	5.18048892643174	2.90283699196235	3.93971920375571	3.933	0.00279608486076848		23G1A04	3	28	0.0952916666666666	2024-04-15
F18	0.0869576058468945	0.0236101310300225	0.155971924762738	6.32779999221753	4.44405095092819	3.44793794381784	3.4565	0.00505295874193904		35G4A09	3	28	0.0932916666666666	2024-04-15
F19	0.0982527334778821	0.0212031900025239	0.252553196757548	5.1090107394992	2.74455912441041	4.11959170260874	4.1105	0.00354512080375521		23G1A03	3	28	0.102291666666667	2024-04-15
F2	0.239447818761912	0.0362672512869324	0.159332213400836	10.8150127094719	4.35032669016013	8.66105092429351	8.644	0.00669272157561743		23D03	3	28	0.249291666666667	2024-04-15
F20	0	0.00424993636627221	0	6.26702913839822	1.82095646492074	2.09273893501146	2.086	0.00286266969060263		35G4A08	3	28	0.0552916666666667	2024-04-15
F21	0.110715570781605	0.000530348244632005	0.751301044861492	7.10285743688223	0.922595789398552	4.52724287964518	4.5245	0.0069479363116948		23G1A02	3	28	0.124291666666667	2024-04-15
F22	0	0.0262364576671331	0	9.44141780749448	9.02365589888657	2.74027890732323	2.7345	0.00573587380309505		35G4A06	3	28	0.0832916666666667	2024-04-15
F23	0	0.0202080119215006	0	-10.7298215419792	3.84210431756628	0.844935853211238	0.7395	0.00408352109489752	questionable fit (k < n0)	23G1A01	3	28	0.0222916666666667	2024-04-15
F24	0	0.000640081806818308	0	7.23924811729696	1.5476352618802	0.692333380024859	0.6775	0.00269394442190123		35G3B03	3	28	0.0202916666666667	2024-04-15
F3	0.0880639574949584	0.0225892862895892	0.283145306962162	3.75845054337029	2.44802637909366	3.80390063116381	3.783	0.00441496165933866		23G4A10	3	28	0.0942916666666666	2024-04-15
F4	0.173492058294381	0.0363453751393363	0.168638785500778	7.87472504960568	4.11024770192471	6.72075430695391	6.7255	0.00466166640377492		23D01	3	28	0.177291666666667	2024-04-15
F5	0	0.0346080256871974	0	-2.34738800965061	8.06464451442484	2.59135207980114	2.5805	0.00442582939663155	questionable fit	23G4A09	3	28	0.0652916666666667	2024-04-15
F6	0	0.0112773020112852	0	8.58747990847478	5.13069958203431	1.76882949642083	1.7715	0.00100930097321465		18G4A01	3	28	0.0472916666666667	2024-04-15
F7	0	0.00550189014864976	0	9.38882724076991	5.74945641383194	0.820774985928323	0.8225	0.000732909109087162		23G3B11	3	28	0.0232916666666667	2024-04-15
F8	0	0.0214763675797378	0	-2.20115932005279	3.30250801093989	1.59885063614079	1.5975	0.00168172104087836	questionable fit	18G3A05	3	28	0.0372916666666667	2024-04-15
F9	0	0.0230170889367727	0	1.08418419719596	1.7154745562734	2.6810298153444	2.682	0.00704418904699571		23G3A05	3	28	0.0722916666666667	2024-04-15
G1	0.188998953667985	0.0243961761782878	0.0718394126975025	26.5746709860189	9.64856413120486	4.19714641634272	4.237	0.00927998660279512		35G3A04	1	28	0.153291666666667	2024-04-15
G10	0.0492916666666667	0.0217993897564055	0.0163323909955626	1034.76115597056	42.4400310247451	1.58848842925914	1.572	0.00304772695970602		23G3B12	1	28	0.0492916666666667	2024-04-15
G11	0.115631861327759	0.0266480666342019	0.162957068590886	7.3991124169287	4.25355700463743	4.5098244540457	4.5135	0.00356801923201513		32G2B05	1	28	0.120291666666667	2024-04-15
G12	0	0.0133464605025873	0	-38.9856157228158	10.9720787977186	0.677401582367359	0.677	0.00145709369111208	questionable fit	23G3B04	1	28	0.0162916666666667	2024-04-15
G13	0.296278100719779	0.0314028472256393	0.131471123789062	16.2192301045756	5.27223895699	9.19773262950309	9.2435	0.0122146696611609		30G4B06	1	28	0.289291666666667	2024-04-15
G14	0	0.0166650274413879	0	3.43969445845587	2.10124375296628	2.99429771585996	2.9805	0.00937825544174864		23D08	1	28	0.0882916666666667	2024-04-15
G15	0	0.00212056111529739	0	1.20206698850779	5.88349497277103	0.189524560480342	0.1885	0.000669120523507461		28G4B03	1	28	0.00529166666666665	2024-04-15
G16	0.0592916666666666	0.0220597453915203	0.0192547680397357	870.710720899355	35.9987292046059	1.74134229612259	1.72	0.00319420554602128		19G3B04	1	28	0.0592916666666666	2024-04-15
G17	0	0	0	0	0	0	0	0	cannot fit data	28G4B01	1	28	0.0142916666666667	2024-04-15
G18	0.275931884198043	0.0315145883962044	0.182930888922651	11.1978159782935	3.78912049595424	9.97375908781621	10.008	0.0102618528826439		12G1A05	1	28	0.289291666666667	2024-04-15
G19	0	0	0	0	0	0	0	0	cannot fit data	28G3A07	1	28	0.00129166666666666	2024-04-15
G2	0.0682916666666667	0.00538062203112065	0.0527760077380041	391.664206237898	13.1337554746645	1.18206780187238	1.1825	0.00330226749647077		26G3A08	1	28	0.0682916666666667	2024-04-15
G20	0.232931109743909	0.0458167405148451	0.175615698163618	8.01221364041711	3.94695455934784	9.02507672538589	9.037	0.0068223516536527		09D09	1	28	0.243291666666667	2024-04-15
G21	0.258797906205112	0.0321609862027905	0.103958100282738	18.7825205630469	6.66756297657202	7.34769611043134	7.382	0.0107593824187376		28D04	1	28	0.249291666666667	2024-04-15
G22	0.238313350241751	0.0259885365799449	0.253877151452524	8.27353580271016	2.73024640694997	9.35899550521931	9.373	0.0100650951341319		08G1A03	1	28	0.260291666666667	2024-04-15
G23	0.24614446784516	0.00149359806756726	0.146123903081565	34.8926085736873	4.7435578022648	3.4475233959804	3.3995	0.00787533197361515		28D03	1	28	0.223291666666667	2024-04-15
G24	0.0897817322858143	0.0161493795494155	0.252386120908693	6.01143544649912	2.7463759816282	3.6992744205935	3.675	0.00397147594054901		02G3A08	1	28	0.0962916666666667	2024-04-15
G3	0.227464426952875	0.0322196894935983	0.232871653248237	7.73677718932327	2.97652020283063	9.00934021555981	9.034	0.0148140449762828		33G4B03	1	28	0.251291666666667	2024-04-15
G4	0.224521985699588	0.0381868790974752	0.185755132626818	8.53303325291095	3.73151024554718	8.63665894173789	8.6295	0.0119923719777639		25G3B04	1	28	0.240291666666667	2024-04-15
G5	0.111710740522571	0.0227916315198303	0.162712789635031	8.36648208113143	4.2599428238843	4.27191376565742	4.3025	0.00595585972120964		33D06	1	28	0.118291666666667	2024-04-15
G6	0	0.0187192630387564	0	5.87535117257589	4.39277763430738	2.64233290320086	2.641	0.00136915597233077		24G4A05	1	28	0.0682916666666667	2024-04-15
G7	0.126466223073649	0.0182759321508609	0.203304414403474	8.74701429228906	3.40940546024908	4.86729726696607	4.878	0.00418977011872987		32G4A01	1	28	0.131291666666667	2024-04-15
G8	0	0.00983056251253367	0	3.14603537982644	5.05328736421522	1.02911288288125	1.0295	0.0016208322596951		24G2B09	1	28	0.0252916666666667	2024-04-15
G9	0	0.00778853115865221	0	26.7931634604522	11.130154157287	1.09173272033568	1.0945	0.00106662386710966		32G2B08	1	28	0.0372916666666667	2024-04-15
H1	0.153738884782458	0.0239200401815581	0.0745912597104118	22.6758922320373	9.29260590652275	3.83500193895913	3.922	0.0129379164671152		35G3A04	2	28	0.144291666666667	2024-04-15
H10	0.0582916666666667	0.020538059105788	0.0189519184135947	875.899088971296	36.573985041152	1.60772083461999	1.562	0.00521789591835223		23G3B12	2	28	0.0582916666666667	2024-04-15
H11	0.114255987444878	0.0255805882228087	0.170678992867853	7.28354843521087	4.0611159517247	4.48306959687976	4.4805	0.0046147732229624		32G2B05	2	28	0.124291666666667	2024-04-15
H12	0	0.0143507303906361	0	-18.4643811006283	5.92564150719933	0.753407125150181	0.7525	0.00179772187574569	questionable fit	23G3B04	2	28	0.0192916666666667	2024-04-15
H13	0.212684006120819	0.022714010345961	0.213588540892974	9.94381161029822	3.245245169343	7.98177327947911	7.9795	0.00691428830948719		30G4B06	2	28	0.222291666666667	2024-04-15
H14	0.0702916666666667	0.0348459335274911	0.0128425044813516	1125.93568114522	53.9728976981439	2.31263020886835	2.325	0.009447099659353		23D08	2	28	0.0702916666666667	2024-04-15
H15	0	0.00214651649367937	0	0.842781616237113	4.06441465695517	0.201184114730509	0.201999999999999	0.00053687516979439		28G4B03	2	28	0.00529166666666665	2024-04-15
H16	0.0722916666666667	0.0208662586833329	0.0257986735524543	683.951715759514	26.8675511223717	1.98148187566325	1.98	0.00284097191942982		19G3B04	2	28	0.0722916666666667	2024-04-15
H17	0	0.000499764160233916	0	13.1255775241276	2.80067181063629	0.464202294379587	0.4645	0.00156831429434875		28G4B01	2	28	0.0152916666666667	2024-04-15
H18	0.291394005846088	0.0321987363169321	0.186932217448348	11.1572768757748	3.70801347152194	10.5548096095132	10.5855	0.0119365831198761		12G1A05	2	28	0.309291666666667	2024-04-15
H19	0	0.0000571174652557531	0	7.66118160424667	1.5179972468061	0.0783430013966091	0.0779999999999998	0.000420244419052639		28G3A07	2	28	0.00229166666666666	2024-04-15
H2	0.0402916666666667	0.00522273927688642	0.0403342597692056	378.190245340111	17.1850725543536	0.768019699877105	0.7825	0.00496958370472063		26G3A08	2	28	0.0402916666666667	2024-04-15
H20	0.254996687576755	0.0502285372909249	0.164338237304108	8.55123585863333	4.2178082954442	9.72128479064344	9.7115	0.00794739936692044		09D09	2	28	0.265291666666667	2024-04-15
H21	0.175066116185943	0.0252500333736593	0.149275061877274	11.9281876515471	4.64342249698623	6.13765285527048	6.133	0.00607759248215078		28D04	2	28	0.185291666666667	2024-04-15
H22	0.264246226050038	0.0267473402930335	0.246638251167318	8.8539708722307	2.81037988746408	10.2299219046123	10.258	0.0146177013289451		08G1A03	2	28	0.292291666666667	2024-04-15
H23	0.229340599456575	0.00128295892206443	0.151138691444953	34.2759970250792	4.58616634783025	3.31856581619003	3.2885	0.00781458597550811		28D03	2	28	0.214291666666667	2024-04-15
H24	0.0955152748621118	0.0164894105347286	0.262874159673457	5.96124323623273	2.63680226851119	3.94649039472668	3.9185	0.00424838860438313		02G3A08	2	28	0.103291666666667	2024-04-15
H3	0.23511062479251	0.0322810723537071	0.222608350172965	8.25613647705656	3.11375193258194	9.188371580223	9.193	0.0146260327204166		33G4B03	2	28	0.260291666666667	2024-04-15
H4	0.235489722000075	0.042801805797333	0.155866273779368	9.65245101411596	4.44706326617593	8.73121211143608	8.7535	0.0157912363262826		25G3B04	2	28	0.247291666666667	2024-04-15
H5	0.116595430054145	0.0210316309961562	0.158211078013223	9.56801858639915	4.38115452637275	4.33608377652133	4.3575	0.00461320092378251		33D06	2	28	0.122291666666667	2024-04-15
H6	0	0.0163424148931163	0	6.34959475418355	4.50872684790056	2.36375574635372	2.3585	0.00142192330467429		24G4A05	2	28	0.0632916666666666	2024-04-15
H7	0.122510104513529	0.0178125380833403	0.19129056660584	9.25907277985419	3.62353038552182	4.64591780244888	4.6665	0.00461641052309874		32G4A01	2	28	0.127291666666667	2024-04-15
H8	0	0.00783032026628492	0	5.33075477981632	4.87061335678766	0.981697107798653	0.982499999999999	0.00161438689749881		24G2B09	2	28	0.0252916666666667	2024-04-15
H9	0	0.00755000704212156	0	18.1053484598965	12.4094415911382	0.776411493421869	0.7765	0.000674522576639608		32G2B08	2	28	0.0232916666666667	2024-04-15
I1	0.25199465464844	0.026749246238162	0.0589419332754933	36.1488688702058	11.7598311090373	4.23248951872917	4.287	0.00953330208965169		35G3A04	3	28	0.161291666666667	2024-04-15
I10	0.0572916666666667	0.0204784483291659	0.0187154832225061	890.021493393394	37.0360290631668	1.59263979343575	1.5485	0.00509277504422713		23G3B12	3	28	0.0572916666666667	2024-04-15
I11	0.119586729289385	0.0282882861810769	0.15266510344048	7.67487726708962	4.54031186524682	4.61258220686811	4.605	0.00472020560155427		32G2B05	3	28	0.129291666666667	2024-04-15
I12	0.0902916666666666	0.00449702385044539	0.0593970866690309	340.23577241256	11.6697168065205	1.23455561298317	1.197	0.0087931811217511		23G3B04	3	28	0.0902916666666666	2024-04-15
I13	0.216492877035386	0.0249957790604733	0.194568899405384	10.4650110450235	3.56247675079753	7.99029768890867	7.985	0.00625291549490548		30G4B06	3	28	0.227291666666667	2024-04-15
I14	0	0	0	0	0	0	0	0	cannot fit data	23D08	3	28	0.0572916666666667	2024-04-15
I15	0	0.00278591481015185	0	-0.137510869263436	6.03478035645855	0.232560306560703	0.231499999999999	0.000695615526794433	questionable fit	28G4B03	3	28	0.00629166666666665	2024-04-15
I16	0.0692916666666667	0.0219517704562183	0.023342618563315	731.946545410732	29.6944911591575	1.94310659329863	1.9205	0.00423413906720334		19G3B04	3	28	0.0692916666666667	2024-04-15
I17	0	0.000826333943129524	0	11.9359245629752	3.17483278165793	0.429514435748295	0.4305	0.0012723383903561		28G4B01	3	28	0.0132916666666667	2024-04-15
I18	0.275920311095956	0.0318687998171688	0.184525021404302	11.0323891594731	3.75638585642666	10.0182215234241	10.044	0.00960025909007834		12G1A05	3	28	0.288291666666667	2024-04-15
I19	0	0	0	0	0	0	0	0	cannot fit data	28G3A07	3	28	0.00229166666666666	2024-04-15
I2	0.0182916666666667	0.00712438831679406	0.0176238434779487	759.295144111959	39.3300803781664	0.537719937391772	0.537	0.00168880398714867		26G3A08	3	28	0.0182916666666667	2024-04-15
I20	0.235551985750385	0.0538433292345855	0.145915787858853	8.33580872080797	4.75032339358944	8.9289649615259	8.8925	0.0105063512719304		09D09	3	28	0.260291666666667	2024-04-15
I21	0.186819742698481	0.027956886032693	0.142018861459531	12.2334296763909	4.8806698873407	6.4768225331841	6.4785	0.00614584295905958		28D04	3	28	0.193291666666667	2024-04-15
I22	0.245085205757415	0.0164523379061639	0.313516509695027	8.39397559444016	2.21087936081645	9.65253264403864	9.7015	0.0139984512061311		08G1A03	3	28	0.267291666666667	2024-04-15
I23	0.213560233562928	0.00136199958943534	0.156433703382027	32.2728854987792	4.43093250095353	3.46184342290999	3.3905	0.00907771607672872		28D03	3	28	0.212291666666667	2024-04-15
I24	0.09651110963253	0.0135297321704344	0.283705728995312	6.39298534565954	2.44319063634911	3.9641602067893	3.9335	0.00458201121017683		02G3A08	3	28	0.104291666666667	2024-04-15
I3	0.228121954052609	0.0341939991969042	0.212003229952115	8.1858967769688	3.26951235939427	8.90796278190378	8.91	0.0133152239921415		33G4B03	3	28	0.251291666666667	2024-04-15
I4	0.235820264291031	0.0456508092245735	0.13824911391324	10.3211815936017	5.01375495972391	8.52772612830033	8.552	0.0165603072990622		25G3B04	3	28	0.247291666666667	2024-04-15
I5	0.116483042905299	0.0193166118237824	0.160425247233093	10.0698604394863	4.32068637895147	4.28821460868437	4.3135	0.00514005763104794		33D06	3	28	0.123291666666667	2024-04-15
I6	0	0.0164179414817776	0	5.53028363269378	4.11742723003776	2.35189407821134	2.348	0.00173541469935303		24G4A05	3	28	0.0622916666666666	2024-04-15
I7	0.128077689472797	0.0191317147144936	0.181451063361774	9.58663271757185	3.82002269767889	4.80636188599964	4.819	0.00345408020451171		32G4A01	3	28	0.131291666666667	2024-04-15
I8	0	0.00559934423356691	0	4.2051763816854	3.18739068887008	0.826845884244842	0.825	0.00123558107730535		24G2B09	3	28	0.0202916666666667	2024-04-15
I9	0	0.00588298778436352	0	60.5144607305678	17.1276806483959	0.710808752683748	0.713	0.00105481664763789		32G2B08	3	28	0.0272916666666667	2024-04-15
J1	0	0.00727465963858805	0	10.436019241664	3.76921950851164	2.09359246500142	2.146	0.00637374501304964		35G4A07	1	28	0.0752916666666667	2024-04-15
J10	0.0865139919401602	0.0233180757080022	0.160709605221837	6.20380368579076	4.31304139913201	3.44753700280044	3.4495	0.00127111963672093		30G1B03	1	28	0.0882916666666667	2024-04-15
J11	0.197531954314903	0.0319043835179483	0.170154821202784	9.67941015167632	4.07362645184104	7.36674801187359	7.3975	0.00686010837096393		36G4B04	1	28	0.206291666666667	2024-04-15
J12	0.227591747642567	0.0472321953259846	0.0956274484547503	14.0114227515953	7.24841237281295	7.27244942282045	7.2885	0.00900391266328274		33G2A09	1	28	0.221291666666667	2024-04-15
J13	0.180115848882424	0.0296917278442846	0.186623740038716	8.69444741762466	3.71414258666207	6.90632247358815	6.9305	0.00519901888866307		37G4A03	1	28	0.186291666666667	2024-04-15
J14	0	0.0213865281159672	0	-0.976052645956008	0.853213652092549	1.47680708819845	1.403	0.00600342404187453	questionable fit	33G1B11	1	28	0.0412916666666667	2024-04-15
J15	0.22462543612432	0.0371692551885362	0.0944035482922081	17.1398554350791	7.34238482662157	6.62736982826377	6.6065	0.00229054031943512		39G1A08	1	28	0.217291666666667	2024-04-15
J16	0.21394347784576	0.0394372525033856	0.164984516402015	9.01447956535407	4.2012862520442	8.07856845855731	8.084	0.00831975861196918		32G3B09	1	28	0.222291666666667	2024-04-15
J17	0.248836179585185	0.0434365921817134	0.172059488172867	9.02975524076991	4.02853215431832	9.4215371389669	9.4325	0.0113244640333669		39G1A09	1	28	0.266291666666667	2024-04-15
J18	0.152950095446001	0.0328411901823033	0.130010223891599	9.973949051749	5.33148209280745	5.54008142285073	5.5405	0.00616482188245183		30G3A10	1	28	0.164291666666667	2024-04-15
J19	0.240127247552103	0.0384480315659379	0.193630921859608	8.55943296423358	3.57973392835733	9.25496202380463	9.2565	0.0159023972774094		39G3A10	1	28	0.273291666666667	2024-04-15
J2	0.21912017100897	0.025094041382408	0.241364281268047	8.47417192474711	2.87178855511835	8.55055319528661	8.5465	0.00780462060713724		35D01	1	28	0.232291666666667	2024-04-15
J20	0	0.00479429479164951	0	4.09574442006967	2.38986653072886	0.882118574051132	0.877	0.0019862289445276		33G3A09	1	28	0.0222916666666667	2024-04-15
J21	0	0.0206168337495671	0	1.4440464862066	2.33267836936021	2.34578882652591	2.347	0.00232883911436915		39G3B09	1	28	0.0542916666666667	2024-04-15
J22	0	0.0107103518304845	0	10.6076567169789	5.20728502143713	1.95740046965767	1.9515	0.00119786439752875		33G4B08	1	28	0.0552916666666667	2024-04-15
J23	0.19534508380062	0.0156288602709111	0.237536149797018	10.2816343977265	2.91807028594284	7.29962582913493	7.31	0.00862842611088683		54.4B	1	28	0.211291666666667	2024-04-15
J24	0.260078793478338	0.0168438276535416	0.168046784466862	15.8886922106339	4.12472742491916	8.25484500006527	8.2435	0.0150509883707918		35D06	1	28	0.282291666666667	2024-04-15
J3	0	0.0163170171811774	0	5.07461655524838	3.11716615987274	2.78109884112865	2.7855	0.00358386585981013		35G4B10	1	28	0.0742916666666667	2024-04-15
J4	0	0.00925321113046247	0	10.6860129066829	3.71395464465873	2.82976868810916	2.817	0.00197800112133624		28G4B05	1	28	0.0792916666666667	2024-04-15
J5	0.18474868997535	0.0314268243901788	0.190095435866799	8.33727329097987	3.64631153504201	7.14694061749286	7.1685	0.00646945233219366		36G2A07	1	28	0.196291666666667	2024-04-15
J6	0	0.0147434402701519	0	2.47491739458879	2.4245289150647	1.97047685805153	1.9705	0.00388589005286486		28G4B10	1	28	0.0542916666666667	2024-04-15
J7	0.219921971280427	0.0282796768001951	0.219139458407091	8.73182395503169	3.16304140568012	8.49798474963901	8.5495	0.00872935091263641		36G3B02	1	28	0.235291666666667	2024-04-15
J8	0.221851700505003	0.0320167052770301	0.132646280909202	13.4183742656226	5.22553045444532	7.42826941046028	7.475	0.00820032182538017		30D10	1	28	0.228291666666667	2024-04-15
J9	0.186531730073462	0.0279018700464417	0.16786721803171	10.3527053767569	4.12913961812966	6.84437073505153	6.8785	0.007884281720518		36G3B05	1	28	0.199291666666667	2024-04-15
K1	0	0.00564594043486634	0	7.46939930714351	2.50201439628797	2.01939674475934	2.0105	0.00247354023172181		35G4A07	2	28	0.0532916666666667	2024-04-15
K10	0	0.0242606844394492	0	5.95029714505288	4.53140809417891	3.36897866303798	3.375	0.00205186295261586		30G1B03	2	28	0.0862916666666667	2024-04-15
K11	0.194640662704472	0.0307292112631027	0.187493727258299	8.92889947368039	3.69690864166904	7.42712968222882	7.4635	0.00669409630774981		36G4B04	2	28	0.208291666666667	2024-04-15
K12	0.220226638276238	0.0440140654613584	0.122244086608485	11.3476394023914	5.67018986186147	7.69043743317864	7.694	0.00732950903861977		33G2A09	2	28	0.224291666666667	2024-04-15
K13	0.179188339514993	0.0294658795700425	0.182201369015272	8.92172409458168	3.80429183549025	6.82648314027894	6.8195	0.00510294483485051		37G4A03	2	28	0.183291666666667	2024-04-15
K14	0	0.0223017037414707	0	-0.960582398378152	0.916786913583491	1.57102231906557	1.5085	0.00501657035566077	questionable fit	33G1B11	2	28	0.0412916666666667	2024-04-15
K15	0.200930071401839	0.0376599412644798	0.0963834893093595	15.2184685999127	7.19155516703872	6.24076943551123	6.2245	0.00256783644196589		39G1A08	2	28	0.195291666666667	2024-04-15
K16	0.209567842742072	0.0398063373189312	0.163965700809677	8.84555981452429	4.22739132109412	7.93835173589887	7.959	0.00797836647932807		32G3B09	2	28	0.216291666666667	2024-04-15
K17	0.223201624980167	0.0402770602595481	0.193836300632768	7.8070607297085	3.57594103012287	8.74245589370418	8.745	0.0107361577409719		39G1A09	2	28	0.242291666666667	2024-04-15
K18	0.141070232092487	0.0340795664496114	0.125679416136464	9.10287180281473	5.51520051467554	5.18527111099723	5.163	0.00583636299746927		30G3A10	2	28	0.155291666666667	2024-04-15
K19	0.231188448520647	0.0398028829696733	0.180730299718713	8.68891778209818	3.83525718509156	8.84762399225637	8.8485	0.0134987431013549		39G3A10	2	28	0.255291666666667	2024-04-15
K2	0.190845260589285	0.0245232557612636	0.239495891756757	7.99305491797412	2.89419236161236	7.52559258026616	7.509	0.00703336701128224		35D01	2	28	0.201291666666667	2024-04-15
K20	0	0.00546447654971374	0	4.17445629307107	2.40568855756601	1.01524581396765	1.0095	0.00262878047868413		33G3A09	2	28	0.0252916666666667	2024-04-15
K21	0	0.0181033149400277	0	1.73126171898704	1.94814224042182	2.32578786211413	2.3315	0.00223028999604136		39G3B09	2	28	0.0542916666666667	2024-04-15
K22	0	0.0111058391624934	0	10.0424040949104	5.13352812712221	1.9677134574653	1.965	0.00137204371843679		33G4B08	2	28	0.0542916666666667	2024-04-15
K23	0.181711917091055	0.0138791032659508	0.247834104215306	10.0574696497238	2.79681919788477	6.83641454358385	6.8495	0.00874788258668915		54.4B	2	28	0.198291666666667	2024-04-15
K24	0.268575430172687	0.0168234428494213	0.171503714794658	15.7761661746252	4.04158697897507	8.55944947673229	8.553	0.0157199471289148		35D06	2	28	0.291291666666667	2024-04-15
K3	0	0.0140339366236187	0	3.97478546517424	2.42646480648323	2.48463928251563	2.487	0.00177965174035726		35G4B10	2	28	0.0602916666666666	2024-04-15
K4	0	0.00848320821725633	0	11.5237142081222	3.77444598827891	2.82936947890575	2.8145	0.00193138409339406		28G4B05	2	28	0.0822916666666667	2024-04-15
K5	0.177494986605887	0.0290254766461734	0.205050976661639	7.95999948028142	3.38036517477177	6.95256824014301	6.9795	0.00655326442224227		36G2A07	2	28	0.188291666666667	2024-04-15
K6	0	0.0230585196570163	0	10.5867564745351	12.2956343740066	2.05628217185681	2.053	0.00513735907772332		28G4B10	2	28	0.0642916666666666	2024-04-15
K7	0.17777579876272	0.0312231672158629	0.171023490002554	9.04100521736217	4.05293553856019	6.72652941009338	6.753	0.00738434614466762		36G3B02	2	28	0.186291666666667	2024-04-15
K8	0.209645324993429	0.0320283879678301	0.135282940809827	12.662398883106	5.12368504417959	7.16439386687789	7.1675	0.00560731117339241		30D10	2	28	0.213291666666667	2024-04-15
K9	0.185685104994656	0.0293393558297014	0.168397323631538	9.93566906169233	4.11614131158395	6.88015364141321	6.8925	0.00577800418276077		36G3B05	2	28	0.194291666666667	2024-04-15
L1	0	0.00527822234467573	0	7.53952696388879	2.44859130824034	1.99865164526939	1.994	0.00240016087118221		35G4A07	3	28	0.0552916666666667	2024-04-15
L10	0	0.0256233580135001	0	5.32168700914094	4.54151023933053	3.35746162250482	3.3645	0.00178619345792324		30G1B03	3	28	0.0852916666666667	2024-04-15
L11	0.199862711190561	0.031109627602471	0.211717667316652	7.98667056765501	3.27392224439754	7.83764990502869	7.8685	0.00676807302657119		36G4B04	3	28	0.211291666666667	2024-04-15
L12	0.225981822940627	0.0457698967559241	0.11564830493969	11.8506443116128	5.99357838337031	7.75650571353208	7.7635	0.00990391831568385		33G2A09	3	28	0.234291666666667	2024-04-15
L13	0.176399107423433	0.0294690686393024	0.210290019229187	7.63999813295165	3.29614873354741	6.9663079503956	7.0005	0.00616936871635904		37G4A03	3	28	0.187291666666667	2024-04-15
L14	0	0.0220311910267481	0	-0.740157367389234	0.989756684854727	1.6637912932445	1.6145	0.00396153962476013	questionable fit	33G1B11	3	28	0.0422916666666667	2024-04-15
L15	0.202318618843789	0.0361028355295765	0.102343417303042	14.9195275588732	6.77275782679327	6.37005504647065	6.359	0.00258575930110387		39G1A08	3	28	0.198291666666667	2024-04-15
L16	0.203085419761224	0.0410998625903482	0.156144554117569	8.78354296470089	4.43913772386863	7.67304053616344	7.698	0.00869783642402734		32G3B09	3	28	0.213291666666667	2024-04-15
L17	0.229451862897105	0.0411031621165153	0.190545691588393	7.98868747879423	3.63769537259991	8.94355484043127	8.9645	0.0109845591450071		39G1A09	3	28	0.247291666666667	2024-04-15
L18	0.146830734193014	0.0337482130777613	0.131234433232752	9.21397172745007	5.28174781180033	5.40964931845738	5.4045	0.00408792398029279		30G3A10	3	28	0.153291666666667	2024-04-15
L19	0.242413370187114	0.0384326213897137	0.189417719742316	8.81184193698894	3.65935764353464	9.27958337169154	9.2955	0.0110920673527344		39G3A10	3	28	0.257291666666667	2024-04-15
L2	0.188852772052856	0.0215876262112022	0.269370444264233	7.60090799362556	2.57321170647815	7.54439021011269	7.503	0.00788485331016555		35D01	3	28	0.197291666666667	2024-04-15
L20	0	0.00579251097527321	0	3.60824945573621	2.37806021954396	0.970220099755233	0.964	0.00216447739302684		33G3A09	3	28	0.0242916666666667	2024-04-15
L21	0	0.0182902159974814	0	1.95312338970938	1.97553502058854	2.44994155198139	2.457	0.00239867926005644		39G3B09	3	28	0.0572916666666667	2024-04-15
L22	0	0.0106274749289835	0	10.5262607604564	5.18728874131783	1.93800347067998	1.9265	0.00164110854476255		33G4B08	3	28	0.0562916666666667	2024-04-15
L23	0.185497650548311	0.0179925510777935	0.223641437049336	9.97604013640722	3.09936830001247	6.96889665833989	6.9725	0.00935089130062812		54.4B	3	28	0.205291666666667	2024-04-15
L24	0.26992424624893	0.0180028945009946	0.162479459433235	16.2394951410212	4.26606035604623	8.46776853988344	8.463	0.0162560663738182		35D06	3	28	0.293291666666667	2024-04-15
L3	0	0.0158864777003399	0	4.21158483949941	2.74838573668169	2.63508681392534	2.6375	0.00380536149008692		35G4B10	3	28	0.0712916666666667	2024-04-15
L4	0.0890038374120624	0.00932083862774025	0.173482994367746	12.3689566782455	3.99547623146638	3.11560501663399	3.1035	0.00150137430418122		28G4B05	3	28	0.0912916666666666	2024-04-15
L5	0.17985203115982	0.0286383993955723	0.243247109292737	6.84055472719057	2.84955978541876	7.27440432164748	7.313	0.00825228724142894		36G2A07	3	28	0.193291666666667	2024-04-15
L6	0.143224777020824	0.0253874803708166	0.036687525625204	41.8411612982021	18.8932660011216	2.41020073038026	2.423	0.00589906159792393		28G4B10	3	28	0.0832916666666667	2024-04-15
L7	0.194274831242174	0.034859496741333	0.165664969296177	9.17627526296377	4.18402987369485	7.31244512255548	7.3295	0.00666723283698883		36G3B02	3	28	0.205291666666667	2024-04-15
L8	0.201558626371105	0.0319588710630442	0.137058683498902	12.177203524438	5.05730219249841	6.97731466310025	6.974	0.0077220892783256		30D10	3	28	0.212291666666667	2024-04-15
L9	0.205059157306377	0.0290121138738416	0.19230736040627	9.37581268439054	3.60437155965117	7.75821449804929	7.7915	0.00816464351241008		36G3B05	3	28	0.222291666666667	2024-04-15
A1	0.170196427931407	0.0272043503099358	0.0574618925797226	28.878483715028	12.0627280000963	3.59053476885234	3.6005	0.00739557688665836		35G4A05	1	30	0.134166666666667	2024-04-15
A10	0.299049853790401	0.0280252003305546	0.26702491177622	8.49773025524755	2.59581465994767	11.7029754659802	11.6715	0.0124401469097521		28G2A06	1	30	0.323166666666667	2024-04-15
A11	0.102509705996615	0.0133863083864168	0.369203776975061	5.13480520861077	1.87741086030863	4.35524533181396	4.3195	0.0116819482544334		35G1A07	1	30	0.133166666666667	2024-04-15
A12	0	0.022535176886847	0	1.85988398765244	2.92756639019219	2.53403989542638	2.51	0.00398238919515856		28G2A04	1	30	0.0711666666666667	2024-04-15
A13	0.0631666666666666	0.00453880689418557	0.044755615560112	392.645143397226	15.487379000049	0.767698875204332	0.6995	0.00911621863659197		35D10	1	30	0.0631666666666666	2024-04-15
A14	0.222309161450771	0.0385912138834454	0.176450800217244	8.84312825437384	3.92827450885204	8.46596820370893	8.447	0.00977354540483342		28G1B05	1	30	0.244166666666667	2024-04-15
A15	0	0.00903152180404746	0	13.9732664033062	5.31646695213309	2.1386826814571	2.143	0.00246748146187876		28G4B02	1	30	0.0661666666666667	2024-04-15
A16	0	0.0105137769219331	0	1.45799194358397	1.25778300956748	1.55933217288496	1.487	0.00800376798523206		28G1B03	1	30	0.0451666666666667	2024-04-15
A17	0	0.0051780704568159	0	2.05292897234535	3.64419415450108	0.554633453224118	0.545	0.00173652178457058		28G4A09	1	30	0.0151666666666667	2024-04-15
A18	0	0	0	0	0	0	0	0	cannot fit data	28G1A07	1	30	0.0211666666666667	2024-04-15
A19	0.113747802435327	0.0167699675799835	0.120938240270689	14.5106527033943	5.73141447244903	3.67556470031763	3.655	0.00541146990300968		CONT	1	30	0.125166666666667	2024-04-15
A2	0.144268515068006	0.0219477528466262	0.154542525845963	11.1165650056278	4.48515498737756	5.17017824956542	5.154	0.00918048055418645		28G2B04	1	30	0.149166666666667	2024-04-15
A20	0.178987433999726	0.0237190043807413	0.164002788161677	11.4563834231821	4.22643534496881	6.38841920297505	6.359	0.00825622520511883		28G1A03	1	30	0.198166666666667	2024-04-15
A21	0.141214412380513	0.0140641584369903	0.208276097144065	10.5712557175078	3.32802078618025	5.21462659424101	5.2205	0.00425296892355365		28G4A04	1	30	0.145166666666667	2024-04-15
A22	0.0988264449473086	0.0166537977720399	0.171058677767525	9.33120858443706	4.05210182614621	3.71565653177885	3.7145	0.00848440467211555		26G3A06	1	30	0.119166666666667	2024-04-15
A23	0	0.0173177180804042	0	2.21152579515773	2.21135219716271	2.31173820208416	2.2865	0.00655597268077093		28G3B02	1	30	0.0741666666666667	2024-04-15
A24	0.188166666666667	0.122769403951269	0.00640955607020292	2144.79414769453	108.142775095187	6.90001455468985	6.7495	0.0223554031324964		26G3A01	1	30	0.188166666666667	2024-04-15
A3	0.306220143446104	0.0239934440602053	0.255917364299047	9.63174196637264	2.70848045992683	11.6515670178824	11.615	0.0165675744292455		35G3A03	1	30	0.345166666666667	2024-04-15
A4	0.11001979280308	0.0154388953906188	0.136203978435107	13.3077282059785	5.0890376956954	3.70183195917606	3.679	0.00288554653054539		28G2A10	1	30	0.113166666666667	2024-04-15
A5	0.395625664449202	0.0190730005526495	0.063571356958139	46.9202531825714	10.9034510780755	4.22343904599689	4.2495	0.00559560023152357		35G2B04	1	30	0.210166666666667	2024-04-15
A6	0.126632755834522	0.0176186422208048	0.373762791251572	4.87614027035201	1.85451092720838	5.41013552928753	5.3585	0.0101093936773745		28G2A09	1	30	0.143166666666667	2024-04-15
A7	0	0.0111366236680937	0	0.782042965807835	1.0656314747049	1.37892229257365	1.3465	0.00477810464609377		35G2A08	1	30	0.0371666666666667	2024-04-15
A8	0	0.0127036620132807	0	-0.636839662802173	1.08954371017947	0.999415711591484	0.977	0.00280127094571881	questionable fit	28G2A08	1	30	0.0251666666666667	2024-04-15
A9	0	0.0171920032828201	0	5.09209332113502	5.33026069459646	2.00789156347772	1.9975	0.00422133651680874		35G1A08	1	30	0.0601666666666666	2024-04-15
B1	0.113552693166483	0.0244455735031511	0.0595614714269911	21.7152137114304	11.6375093488009	2.88431634120007	2.898	0.00685339924286051		35G4A05	2	30	0.102166666666667	2024-04-15
B10	0.263406418142365	0.0303077930662311	0.262384877783921	7.77505467721303	2.64171924241291	10.4728225369166	10.5015	0.0133545038477493		28G2A06	2	30	0.282166666666667	2024-04-15
B11	0.106694829551181	0.00985736824699511	0.374957316142165	6.09353277581761	1.84860289616842	4.44361930204773	4.4215	0.0051516733068408		35G1A07	2	30	0.117166666666667	2024-04-15
B12	0	0.0250173865735711	0	0.692207430718226	2.7718609631058	2.45703951364597	2.437	0.00332058128156627		28G2A04	2	30	0.0591666666666667	2024-04-15
B13	0.0953739229151828	0.00201151737902949	0.119901374231225	32.0063003971873	5.78097778281708	1.61748492757336	1.686	0.00767304350480958		35D10	2	30	0.0811666666666667	2024-04-15
B14	0.187955729307637	0.0416855865843183	0.156243846495647	8.03423500643524	4.43631666850481	7.21248280446844	7.221	0.00643589795620908		28G1B05	2	30	0.193166666666667	2024-04-15
B15	0	0.0102453961968772	0	11.5188847579432	5.22461029773594	2.01513487144187	2.019	0.00222617288913244		28G4B02	2	30	0.0591666666666667	2024-04-15
B16	0	0.01185950815504	0	1.12389401008777	1.28318093819116	1.54904033890681	1.5045	0.00596694297426755		28G1B03	2	30	0.0421666666666667	2024-04-15
B17	0	0.00785331727755	0	-1.16410770296863	4.95745369450931	0.633498161611812	0.6255	0.00182127498466547	questionable fit	28G4A09	2	30	0.0181666666666667	2024-04-15
B18	0	0	0	0	0	0	0	0	cannot fit data	28G1A07	2	30	0.0211666666666667	2024-04-15
B19	0.103032289474871	0.0152940647206499	0.134100760701812	13.0267183197452	5.16885345714954	3.48694645454023	3.465	0.00390327295220771		CONT	2	30	0.104166666666667	2024-04-15
B2	0.126583799272559	0.0208903375395829	0.172987831112657	9.37208293968365	4.00691294931918	4.75860537913438	4.736	0.00718901202338642		28G2B04	2	30	0.132166666666667	2024-04-15
B20	0.170969385163565	0.0263397803357439	0.163237774340358	10.4332203434875	4.2462425340026	6.24980825250687	6.2425	0.00737584924586471		28G1A03	2	30	0.183166666666667	2024-04-15
B21	0.106166371342899	0.00918172376446349	0.29292511771062	8.04757799912112	2.36629479225713	4.20882269635839	4.1175	0.0215088947536205		28G4A04	2	30	0.146166666666667	2024-04-15
B22	0	0.0110856528484	0	7.39133619632172	2.736052171648	3.33142174156349	3.337	0.00545909922455306		26G3A06	2	30	0.0951666666666666	2024-04-15
B23	0	0.027073402889477	0	8.78624395123745	15.0802825696868	2.12366414103501	2.1215	0.00646101404317846		28G3B02	2	30	0.0701666666666667	2024-04-15
B24	0.103210917322784	0.0171063439070522	0.201912000544859	8.00404700921334	3.43291720496795	4.0355481562214	4.04	0.0071766642944078		26G3A01	2	30	0.121166666666667	2024-04-15
B3	0.282865066612495	0.024846397793385	0.251183138307901	9.31718256970128	2.7595291038616	10.8385513483444	10.871	0.0135224757037076		35G3A03	2	30	0.306166666666667	2024-04-15
B4	0.101109561177095	0.0133786331090714	0.156898890491989	11.9861625448905	4.41779529725441	3.55214153787747	3.532	0.00291936456029625		28G2A10	2	30	0.106166666666667	2024-04-15
B5	0.342543060514299	0.0165605813945579	0.0665313311444836	44.7881971835481	10.4183573158136	3.89302496215712	3.9105	0.00364591964859852		35G2B04	2	30	0.193166666666667	2024-04-15
B6	0.109920941606778	0.0185866659701549	0.416132283906152	3.82590285858397	1.6656895111658	4.80672863984437	4.758	0.00975558097596559		28G2A09	2	30	0.122166666666667	2024-04-15
B7	0	0.0138439764970366	0	-0.0500638612071958	1.23275055985174	1.27759677990359	1.2505	0.00397878184921438	questionable fit	35G2A08	2	30	0.0321666666666667	2024-04-15
B8	0	0.0139915829522427	0	-2.88868333260299	1.63329267828947	0.857727100845703	0.8405	0.00206582540056824	questionable fit	28G2A08	2	30	0.0211666666666667	2024-04-15
B9	0	0.0131478436523711	0	3.74121197748944	3.08247170773918	1.86197561009811	1.8585	0.00302907273833232		35G1A08	2	30	0.0501666666666667	2024-04-15
C1	0.13393857981909	0.025276149966226	0.051841492819164	28.1316135301299	13.3705096606268	2.90954402567891	2.9185	0.00613910134610678		35G4A05	3	30	0.105166666666667	2024-04-15
C10	0.254518415035616	0.0349575870105842	0.25123066034259	7.31397109529842	2.75900711965146	10.2057031024872	10.2615	0.0121156285152786		28G2A06	3	30	0.276166666666667	2024-04-15
C11	0.103757275406523	0.0125016420154674	0.384015265641306	5.17636903343223	1.80499902628191	4.40857365402234	4.393	0.00496070381582481		35G1A07	3	30	0.114166666666667	2024-04-15
C12	0	0.0236009600715517	0	0.612872133416867	1.84972570573892	2.44231505582683	2.4265	0.00340155225542352		28G2A04	3	30	0.0571666666666667	2024-04-15
C13	0.0907928744094404	0.00017158464496838	0.404449895048576	15.5009750924081	1.71380234992198	2.95025568271156	2.9785	0.0123970934282536		35D10	3	30	0.113166666666667	2024-04-15
C14	0.179320871074712	0.039372931157013	0.160753827306656	7.88903109337383	4.3118549161364	6.91795968225461	6.9175	0.00664241614093211		28G1B05	3	30	0.190166666666667	2024-04-15
C15	0	0.0120706525173703	0	10.2483406978838	5.60296319009671	1.96877961833254	1.9735	0.00229627410148733		28G4B02	3	30	0.0551666666666667	2024-04-15
C16	0	0.0133160160361352	0	0.910965488215847	1.27490424703736	1.62520055384971	1.5825	0.00662676742959421		28G1B03	3	30	0.0441666666666667	2024-04-15
C17	0	0.00774486234739936	0	0.86607299790777	3.67135780721758	0.740036654853709	0.7375	0.00112123801083527		28G4A09	3	30	0.0191666666666667	2024-04-15
C18	0	0	0	0	0	0	0	0	cannot fit data	28G1A07	3	30	0.0231666666666667	2024-04-15
C19	0.108881579392857	0.0177421122393908	0.12810292586482	12.774492791898	5.4108614294367	3.69350177598636	3.674	0.00382056811938458		CONT	3	30	0.106166666666667	2024-04-15
C2	0.128971916993168	0.0201172620881247	0.186183244223629	9.06867479592434	3.72292997390996	4.90406883767394	4.8735	0.00623449851469165		28G2B04	3	30	0.139166666666667	2024-04-15
C20	0.18726233860067	0.0306364876810809	0.138145682777686	11.8112133999197	5.01750881115415	6.54373731337216	6.539	0.00738240559806242		28G1A03	3	30	0.195166666666667	2024-04-15
C21	0.104056699610334	0.00853968781526283	0.348085620224473	6.93674134686439	1.99131231020963	4.24730865730496	4.2335	0.0170129355337414		28G4A04	3	30	0.143166666666667	2024-04-15
C22	0	0.0100833141792713	0	6.51120650368137	2.33075460728565	3.28273801961797	3.29	0.00466660056444386		26G3A06	3	30	0.0901666666666667	2024-04-15
C23	0.147420391400902	0.026919600861418	0.0206956257318557	72.4211799632144	33.4924485754021	1.92616834492236	1.9275	0.00665827241819268		28G3B02	3	30	0.0641666666666666	2024-04-15
C24	0.0966911898268845	0.0156127759682952	0.227939917149388	7.22702380484762	3.04092056024425	3.86772334948131	3.857	0.00564415083196372		26G3A01	3	30	0.113166666666667	2024-04-15
C3	0.287434080302688	0.0300142340301408	0.2397243777171	8.9646146073741	2.89143385066132	11.0879695724498	11.1475	0.0154267108239207		35G3A03	3	30	0.310166666666667	2024-04-15
C4	0.0944954032153543	0.0141654212318067	0.14988990673838	11.5774243464261	4.6243752874553	3.34205615180249	3.3235	0.00316101884966124		28G2A10	3	30	0.0991666666666667	2024-04-15
C5	0.36936941768595	0.0173348995917902	0.0663338252883029	45.3917354166652	10.4493774864839	4.09453759365482	4.1125	0.00392014727666832		35G2B04	3	30	0.203166666666667	2024-04-15
C6	0.113686770515974	0.0223871738032592	0.396445952095164	3.54564894962554	1.7484027189501	4.99098388552487	4.9545	0.00649947402329862		28G2A09	3	30	0.118166666666667	2024-04-15
C7	0	0.016968959155519	0	-0.635404251105462	0.953631773509976	1.30915333048856	1.2485	0.00541517854468792	questionable fit	35G2A08	3	30	0.0341666666666667	2024-04-15
C8	0	0.0140264745705808	0	-2.43786422855966	1.69382080112006	0.906815292064921	0.8895	0.00231457488816602	questionable fit	28G2A08	3	30	0.0221666666666667	2024-04-15
C9	0	0.0160535291949768	0	2.3504574223386	3.32331690245823	1.83254047713194	1.829	0.00440019238651912		35G1A08	3	30	0.0521666666666667	2024-04-15
D1	0.197294879590342	0.0295244026927478	0.0398317790769357	43.6179288319108	17.4018634523234	3.08149074606389	3.0995	0.00538536302656657		26G2A07	1	30	0.110166666666667	2024-04-15
D10	0	0.00272734711739429	0	6.21400211151454	2.90841852932288	0.602428260383068	0.596	0.00520532572482731		18G1A02	1	30	0.0301666666666667	2024-04-15
D11	0.218734958160566	0.0430318151792337	0.119185434152568	11.8039269091516	5.81570378535227	7.53969950344421	7.5875	0.0105568096583385		23G1B05	1	30	0.229166666666667	2024-04-15
D12	0	0.0242207644947465	0	14.0860192747061	14.5096895710813	2.08362229537444	2.0895	0.00480692882241462		04D05	1	30	0.0621666666666666	2024-04-15
D13	0.0934693262256096	0.000397968355738175	0.832000536848117	6.55618479956691	0.83310905445543	3.87324613476198	3.868	0.00715304226264784		23G1A10	1	30	0.114166666666667	2024-04-15
D14	0.191810116568235	0.0273753137183863	0.0944985137559328	18.9724942437905	7.33500616052205	5.38183116445816	5.3965	0.00571808277804857		37G1B08	1	30	0.178166666666667	2024-04-15
D15	0	0.0220999574628636	0	-0.680387227731913	0.149025590151213	1.01619635827131	0.9815	0.00402303529336601	questionable fit (k < n0)	23G1A09	1	30	0.0261666666666667	2024-04-15
D16	0.116714811576316	0.0204354102484087	0.375372767551062	4.12918926535042	1.84655691749311	5.06052583699307	5.1165	0.0140471257726786		36G2A02	1	30	0.143166666666667	2024-04-15
D17	0	0.0229832206030644	0	1.67266644278406	1.67616041499677	3.1235596322073	3.1075	0.00337343429279393		23G1A04	1	30	0.0741666666666667	2024-04-15
D18	0	0.0269044986622881	0	3.51170646701577	6.55035842006483	2.61142295225466	2.6075	0.00521976091399414		35G4A09	1	30	0.0721666666666667	2024-04-15
D19	0	0.0229611594458767	0	2.29686566274912	1.61420028484907	3.80071229499482	3.769	0.00620834934640683		23G1A03	1	30	0.0931666666666666	2024-04-15
D2	0.235834713186954	0.0461799212360262	0.172170714299821	8.20499840847783	4.0259296325674	9.0879824339501	9.1215	0.0136422252200259		23D03	1	30	0.256166666666667	2024-04-15
D20	0	0.00731571633192182	0	3.85812954120176	1.58130852089116	2.05693587016156	2.0075	0.0080498963742768		35G4A08	1	30	0.0591666666666667	2024-04-15
D21	0.0941453895876305	0.00223532645120454	0.60274203709628	6.16586037641095	1.14998977655382	3.93473804277712	3.944	0.00589529226860036		23G1A02	1	30	0.103166666666667	2024-04-15
D22	0	0.0230449067708305	0	5.15682358656749	7.63787650397171	2.25655410907824	2.263	0.00407481775751781		35G4A06	1	30	0.0611666666666666	2024-04-15
D23	0	0	0	0	0	0	0	0	cannot fit data	23G1A01	1	30	0.0211666666666667	2024-04-15
D24	0	0.000470762213451583	0	8.14083391443967	1.56348412452121	0.710713406974053	0.7	0.00210914972792084		35G3B03	1	30	0.0201666666666667	2024-04-15
D3	0	0.0186703913542471	0	1.79870011714182	1.25347660773901	3.15549881887474	3.164	0.00663381695627646		23G4A10	1	30	0.0791666666666667	2024-04-15
D4	0.259052492057597	0.0423349796681422	0.173420266592905	9.41632177430215	3.99692143356618	9.73050692329731	9.7885	0.0129106396392288		23D01	1	30	0.285166666666667	2024-04-15
D5	0.0541666666666667	0.0392685345337532	0.00190570865701197	5170.04658752929	363.721483874012	1.97378376139443	1.9495	0.00875666074306945		23G4A09	1	30	0.0541666666666667	2024-04-15
D6	0	0.0111147974606013	0	6.02805858112934	4.20264299372784	1.6489914163224	1.6495	0.00187440114697296		18G4A01	1	30	0.0421666666666667	2024-04-15
D7	0	0.00765783172853503	0	21.4091182682426	8.02925396330777	1.46353513860431	1.4565	0.00266941745463746		23G3B11	1	30	0.0561666666666667	2024-04-15
D8	0	0	0	0	0	0	0	0	cannot fit data	18G3A05	1	30	0.0311666666666667	2024-04-15
D9	0.0641666666666666	0.0423394330401331	0.00318449043357786	3580.37056158183	217.663451976892	2.19584030220121	2.179	0.0092945672402724		23G3A05	1	30	0.0641666666666666	2024-04-15
E1	0.120884053626986	0.0263082718311218	0.0548868773703502	23.3119115200525	12.6286503034764	2.94924592652475	2.9605	0.00612397834428154		26G2A07	2	30	0.100166666666667	2024-04-15
E10	0	0.00333597044390638	0	27.7493366096436	11.1576544299777	0.47679775357945	0.477	0.000771289331796776		18G1A02	2	30	0.0171666666666667	2024-04-15
E11	0.221274456827275	0.0413091107046375	0.122245150138528	12.0387699252929	5.67014053133782	7.60543984182167	7.6615	0.012847648375945		23G1B05	2	30	0.230166666666667	2024-04-15
E12	0	0.0222009576016268	0	12.6087090567402	17.8952569657747	1.68602335226347	1.682	0.00404726179385855		04D05	2	30	0.0491666666666667	2024-04-15
E13	0.0942060420170045	0.000334042204558328	0.839403202166742	6.71717723814535	0.825761896989114	3.88869267646309	3.8745	0.00621157601836426		23G1A10	2	30	0.109166666666667	2024-04-15
E14	0.19605096719505	0.0238364596559284	0.0837005401653117	23.62618575615	8.2812748781663	4.76117115887693	4.7955	0.00635693478428208		37G1B08	2	30	0.172166666666667	2024-04-15
E15	0	0.0221666664261886	0	-0.145317196608662	0.0366651501040701	0.99586218106269	0.985	0.00361883617156306	questionable fit (k < n0)	23G1A09	2	30	0.0261666666666667	2024-04-15
E16	0.120507837150642	0.0157450203884406	0.393406058935916	4.81735020223415	1.76191282471543	5.16095818650676	5.2085	0.012956024301869		36G2A02	2	30	0.145166666666667	2024-04-15
E17	0	0.0235389120869108	0	1.83855646060286	1.78506950856496	3.23187576658038	3.217	0.00462097796434336		23G1A04	2	30	0.0781666666666667	2024-04-15
E18	0	0.0306903504580326	0	2.61202543253831	11.6697561127096	2.39999086168458	2.398	0.00614632690736488		35G4A09	2	30	0.0651666666666667	2024-04-15
E19	0	0.0210160654251309	0	2.70687122980688	1.73925657763126	3.69060620724685	3.6595	0.00696639124785748		23G1A03	2	30	0.0941666666666666	2024-04-15
E2	0.273488520424107	0.0364569839840103	0.197852901442584	9.4618786946303	3.50334604903985	10.3426501867116	10.3605	0.0132681483452056		23D03	2	30	0.294166666666667	2024-04-15
E20	0	0.00467387658329745	0	4.44147933344998	1.4528836864404	1.88756943262784	1.842	0.00690699960866186		35G4A08	2	30	0.0531666666666667	2024-04-15
E21	0.0968435008423492	0.00169067009484449	0.643182432378093	6.26627716275344	1.07768363323779	4.03898801016875	4.0385	0.00696599338744118		23G1A02	2	30	0.115166666666667	2024-04-15
E22	0	0.0171439263915785	0	4.08232205528991	3.71073939197818	2.25660909606936	2.2555	0.00241481695165513		35G4A06	2	30	0.0591666666666667	2024-04-15
E23	0	0	0	0	0	0	0	0	cannot fit data	23G1A01	2	30	0.0201666666666667	2024-04-15
E24	0	0.00044342867556094	0	8.47630622202536	1.58220473517428	0.734927168018151	0.733	0.00155627270912658		35G3B03	2	30	0.0211666666666667	2024-04-15
E3	0	0.0181120494982365	0	1.62505553784355	1.26784695139828	2.84296467683573	2.8635	0.00859728678880473		23G4A10	2	30	0.0781666666666667	2024-04-15
E4	0.257730184834893	0.0416205928951937	0.148518244648011	11.0908298620615	4.66708438550906	9.21417339707588	9.273	0.0116847292673798		23D01	2	30	0.276166666666667	2024-04-15
E5	0.0521666666666667	0.0370484507037904	0.00262093404853631	3861.8491012376	264.46570868391	1.89502371791178	1.8765	0.00701103906207754		23G4A09	2	30	0.0521666666666667	2024-04-15
E6	0	0.00794259209053631	0	7.17343458992894	3.75161862063661	1.49652358279977	1.4955	0.00149572993389949		18G4A01	2	30	0.0381666666666667	2024-04-15
E7	0	0.00654981278088542	0	19.2835054401627	7.00404764591371	1.41436630198799	1.4065	0.00183404234207064		23G3B11	2	30	0.0511666666666667	2024-04-15
E8	0	0	0	0	0	0	0	0	cannot fit data	18G3A05	2	30	0.0291666666666667	2024-04-15
E9	0.0571666666666667	0.0401839206418868	0.00612622445854415	1823.35985733223	113.144267770539	2.24238490718849	2.237	0.00656470619238654		23G3A05	2	30	0.0571666666666667	2024-04-15
F1	0.183972597814158	0.0280776114008147	0.0373962671605481	45.839069919214	18.5351970447787	2.79806178198738	2.8405	0.0076636161305617		26G2A07	3	30	0.102166666666667	2024-04-15
F10	0	0.00249618606928284	0	25.0185871500408	9.59186369051649	0.412595755749451	0.4105	0.00128419115243995		18G1A02	3	30	0.0151666666666667	2024-04-15
F11	0.250832849761193	0.0434114215654619	0.096823029075654	16.1534920710555	7.15890823884827	7.61185529310019	7.6335	0.012678976977739		23G1B05	3	30	0.252166666666667	2024-04-15
F12	0	0.00763342398217146	0	5.94609795552734	2.90622061379583	1.61107512784037	1.6075	0.00151025256320507		04D05	3	30	0.0411666666666667	2024-04-15
F13	0.0942617891157774	0.000464496453975519	0.773705568267901	6.86040990944801	0.895879788110737	3.87728952837089	3.8625	0.0065010322335912		23G1A10	3	30	0.109166666666667	2024-04-15
F14	0.18772994728067	0.0244709547923736	0.0835099930953494	22.7260341530458	8.30017049299152	4.68780335862569	4.7065	0.0101208188035542		37G1B08	3	30	0.172166666666667	2024-04-15
F15	0	0	0	0	0	0	0	0	cannot fit data	23G1A09	3	30	0.0281666666666667	2024-04-15
F16	0.0860437191083579	0.0208866072535929	0.123548991775202	9.20843861370015	5.61030220158439	3.14987380988981	3.1575	0.00863379451464699		36G2A02	3	30	0.0951666666666666	2024-04-15
F17	0	0.0226602339886774	0	1.5253448153833	1.71438383706571	2.9353868297993	2.921	0.00364996784995343		23G1A04	3	30	0.0701666666666667	2024-04-15
F18	0	0.0131931342602871	0	4.28212155238701	3.24515683404134	1.94359522067806	1.939	0.00192216604005453		35G4A09	3	30	0.0511666666666667	2024-04-15
F19	0	0.0210841025555887	0	1.73702422288013	1.45673155094473	3.15173184087078	3.115	0.00602931849571062		23G1A03	3	30	0.0801666666666667	2024-04-15
F2	0.292434310598791	0.0414770821531213	0.179161223236851	10.0476065638895	3.86884599265995	10.8507360937262	10.883	0.0119905044939341		23D03	3	30	0.309166666666667	2024-04-15
F20	0	0.00401957176106629	0	4.60701043813907	1.56012865735707	1.51542791088384	1.474	0.00702789411577664		35G4A08	3	30	0.0451666666666667	2024-04-15
F21	0.0969179476220248	0.00160441207130889	0.66205226700298	6.16932326395292	1.04696746028486	4.05169966206513	4.0485	0.00795043392601081		23G1A02	3	30	0.117166666666667	2024-04-15
F22	0	0.0211137162279022	0	8.39336427622933	7.91591360282556	2.31154763306827	2.292	0.00487102436562204		35G4A06	3	30	0.0761666666666667	2024-04-15
F23	0	0	0	0	0	0	0	0	cannot fit data	23G1A01	3	30	0.0221666666666667	2024-04-15
F24	0	0.00105869483794373	0	7.48117610546985	2.12890030038143	0.529599858398014	0.5245	0.00199917105958705		35G3B03	3	30	0.0161666666666667	2024-04-15
F3	0	0.0201028357320871	0	2.44174942842368	1.48783356357503	3.72307827607297	3.7355	0.0075105442156094		23G4A10	3	30	0.0931666666666666	2024-04-15
F4	0.252243443086066	0.0360851622796451	0.186931537697055	9.57638919163782	3.7080269552122	9.48480483598677	9.5385	0.00964744672235834		23D01	3	30	0.279166666666667	2024-04-15
F5	0	0	0	0	0	0	0	0	cannot fit data	23G4A09	3	30	0.0521666666666667	2024-04-15
F6	0	0.00867076571044506	0	7.1742217567959	3.92215521019673	1.55658691743404	1.5535	0.000986544863802199		18G4A01	3	30	0.0401666666666667	2024-04-15
F7	0	0.00594043567949143	0	19.0282083235965	6.54118301917097	1.42678170903303	1.417	0.00173466073001373		23G3B11	3	30	0.0511666666666667	2024-04-15
F8	0	0	0	0	0	0	0	0	cannot fit data	18G3A05	3	30	0.0311666666666667	2024-04-15
F9	0.0591666666666667	0.0420059124249204	0.00325004541757817	3591.52112635793	213.27307514258	2.18206200928328	2.1665	0.00839437090227317		23G3A05	3	30	0.0591666666666667	2024-04-15
G1	0.287752052363163	0.0291386152766007	0.0722674279309056	30.2109845116704	9.59141898923895	5.66573116274024	5.667	0.00910712046188825		35G3A04	1	30	0.240166666666667	2024-04-15
G10	0.0701666666666667	0.0213706009901726	0.0214898045599492	815.129507269911	32.254699135411	1.79528636561847	1.7335	0.00572008943925766		23G3B12	1	30	0.0701666666666667	2024-04-15
G11	0.134744702170047	0.0301682670667798	0.18096498512114	6.86943735016117	3.83028341143423	5.35383470145543	5.355	0.00565768706294193		32G2B05	1	30	0.145166666666667	2024-04-15
G12	0	0.0161666666666667	0	-1.82153631470269	0.904010524337506	0.588510476886146	0.5335	0.00187760893265724	questionable fit (k < n0)	23G3B04	1	30	0.0161666666666667	2024-04-15
G13	0.320381090616619	0.0333509261076066	0.162986444453013	13.2066306431791	4.25279036478258	10.9378212253827	10.883	0.0112312618716638		30G4B06	1	30	0.324166666666667	2024-04-15
G14	0	0	0	0	0	0	0	0	cannot fit data	23D08	1	30	0.0511666666666667	2024-04-15
G15	0	0.00276293646407118	0	-2.33221567745424	9.87895398424372	0.202566991870853	0.204	0.000889797940508999	questionable fit	28G4B03	1	30	0.00516666666666665	2024-04-15
G16	0.0641666666666666	0.0243470970485843	0.017827334386303	975.286726256435	38.881145410752	1.84788261947635	1.8125	0.00435861991365938		19G3B04	1	30	0.0641666666666666	2024-04-15
G17	0	0.000691244800859636	0	8.77390964271282	2.38189803792979	0.373046926131744	0.3695	0.00128023131907671		28G4B01	1	30	0.0111666666666667	2024-04-15
G18	0.291802701389695	0.0286306639728206	0.24932134477147	8.89747183369305	2.78013573685514	11.2894257409916	11.3595	0.0136648460679213		12G1A05	1	30	0.319166666666667	2024-04-15
G19	0	0	0	0	0	0	0	0	cannot fit data	28G3A07	1	30	0.00316666666666666	2024-04-15
G2	0	0.00764870348706966	0	0.999806136057763	8.18264700312514	0.631351460137643	0.628	0.00177410434342046		26G3A08	1	30	0.0181666666666667	2024-04-15
G20	0.30096784996545	0.0446809949479228	0.214949904646447	8.12630787244725	3.22469173317404	11.7759478278149	11.8425	0.0127083353011181		09D09	1	30	0.324166666666667	2024-04-15
G21	0.2979794815382	0.0357322671168472	0.132196222143415	15.0778401355365	5.24332064352015	9.5510440426615	9.567	0.00872431232682672		28D04	1	30	0.302166666666667	2024-04-15
G22	0.267455716521373	0.025385956262246	0.306348521520768	7.3609946635268	2.26260984423571	10.7820707379509	10.82	0.00857744614081378		08G1A03	1	30	0.284166666666667	2024-04-15
G23	0.21479152518767	0.000168329081861259	0.248801243564471	28.7406855642495	2.78594741179553	4.14319484324113	4.1805	0.00710309189258572		28D03	1	30	0.222166666666667	2024-04-15
G24	0.154499900074801	0.0305451296970655	0.0915117984201553	15.3063486461675	7.57440234512188	4.76195644992475	4.7445	0.0117844630524784		02G3A08	1	30	0.171166666666667	2024-04-15
G3	0.304273388643093	0.0358414547450164	0.258691527945862	7.78337124333918	2.67943517928042	12.0894731387605	12.0885	0.0142671929174917		33G4B03	1	30	0.325166666666667	2024-04-15
G4	0.273635170749679	0.0372461704751022	0.236566015396242	7.81147544675688	2.93003701059487	10.8278353480711	10.852	0.0161184268488948		25G3B04	1	30	0.302166666666667	2024-04-15
G5	0.172627812380293	0.0243795547079392	0.18172425098567	9.93342064223867	3.81428002481961	6.4276619023236	6.4585	0.00958965575433518		33D06	1	30	0.186166666666667	2024-04-15
G6	0	0.0164658880157847	0	4.39131260572969	3.54124026185947	2.3143630347916	2.3115	0.00163371394140505		24G4A05	1	30	0.0581666666666667	2024-04-15
G7	0.162822471030305	0.0226674224729947	0.177472696942934	10.2653567028791	3.9056553064206	6.00764388054018	6.0145	0.00385869742636439		32G4A01	1	30	0.165166666666667	2024-04-15
G8	0	0.00625739197395338	0	5.52104516675749	3.87495595626436	0.938695060739592	0.937499999999999	0.00152599422819096		24G2B09	1	30	0.0241666666666667	2024-04-15
G9	0.0171666666666667	0.0069913699350718	0.0185780623908051	766.54154900848	37.309982385623	0.541675754151935	0.542	0.00153326283310599		32G2B08	1	30	0.0171666666666667	2024-04-15
H1	0.263606683616669	0.0283474263930656	0.0726884873328403	29.1126141105811	9.53585919852793	5.38525755099286	5.396	0.0117517092584852		35G3A04	2	30	0.225166666666667	2024-04-15
H10	0.0471666666666667	0.0201262218386674	0.0148676192696062	1086.29792769713	46.6212624893444	1.40976519714607	1.372	0.00406757402715763		23G3B12	2	30	0.0471666666666667	2024-04-15
H11	0.125745147891096	0.0278271005806499	0.170321615915751	7.38673411028898	4.0696371792457	4.92298858535724	4.9205	0.0059465488762101		32G2B05	2	30	0.136166666666667	2024-04-15
H12	0	0.0161666666666667	0	-1.60913109812187	0.724376156709591	0.61280339522147	0.608	0.00150670789012543	questionable fit (k < n0)	23G3B04	2	30	0.0161666666666667	2024-04-15
H13	0.242604104044443	0.0284390574790043	0.200009841591861	10.0944207726223	3.46556536940006	9.0454305508704	9.044	0.00754496548396182		30G4B06	2	30	0.249166666666667	2024-04-15
H14	0	0	0	0	0	0	0	0	cannot fit data	23D08	2	30	0.0481666666666667	2024-04-15
H15	0	0.00267591376144854	0	-2.0937052519885	4.53871343973663	0.205235477919936	0.2065	0.000628542741180574	questionable fit	28G4B03	2	30	0.00516666666666665	2024-04-15
H16	0.0611666666666666	0.0204294668845241	0.0216778417508367	811.767984346068	31.9749165312175	1.72530735371316	1.7	0.00433219330406114		19G3B04	2	30	0.0611666666666666	2024-04-15
H17	0	0.000600790020500281	0	8.81548262544182	2.19056725406207	0.4046486279855	0.4005	0.00132254809565687		28G4B01	2	30	0.0121666666666667	2024-04-15
H18	0.280619792482456	0.0242095502756638	0.277578517746918	8.50221225621496	2.49712112517267	10.9926679638596	11.0525	0.0167876124346924		12G1A05	2	30	0.310166666666667	2024-04-15
H19	0	0.000165811791041795	0	3.92894600620617	1.09350074239424	0.0952151498362325	0.0934999999999999	0.00053648949253654		28G3A07	2	30	0.00216666666666666	2024-04-15
H2	0	0.00582138038615769	0	1.11065896364454	2.92722705983741	0.595778072754108	0.596	0.00182819987275637		26G3A08	2	30	0.0171666666666667	2024-04-15
H20	0.276156903687225	0.0426691573900071	0.21740227389925	7.81801044205778	3.1883161483452	10.8835384631151	10.958	0.0124263009463095		09D09	2	30	0.305166666666667	2024-04-15
H21	0.234735551172002	0.022656931032782	0.196154713815478	11.4016696369595	3.53367587797042	8.47037474201	8.4625	0.00869964091232878		28D04	2	30	0.242166666666667	2024-04-15
H22	0.251423680269752	0.0241615045453113	0.3020166693986	7.42125813544244	2.29506265975384	10.1183505374152	10.1485	0.00797744225712539		08G1A03	2	30	0.265166666666667	2024-04-15
H23	0.210624021468142	0.000103799196426787	0.259255145060611	29.372141348865	2.6736101241034	3.92954073075726	3.95	0.00604500379356993		28D03	2	30	0.215166666666667	2024-04-15
H24	0.12021643516754	0.0302520415470844	0.0762405192750247	14.2948960029937	9.09158525087604	3.71114409743328	3.7105	0.0116383961465354		02G3A08	2	30	0.132166666666667	2024-04-15
H3	0.288708654144621	0.0334470141512727	0.251037638204579	8.09570450596938	2.76112851251045	11.3791608598735	11.403	0.0143516300687395		33G4B03	2	30	0.315166666666667	2024-04-15
H4	0.287919259684436	0.038689170699241	0.206722678535118	9.01118736056033	3.35302921513854	11.0250869144709	11.0525	0.0143697084023101		25G3B04	2	30	0.315166666666667	2024-04-15
H5	0.158639258832718	0.0210573214045103	0.192700115533017	9.74037474317886	3.5970252464181	5.95275478681411	5.9925	0.00734550848325852		33D06	2	30	0.172166666666667	2024-04-15
H6	0	0.0154281162120743	0	4.84293267241526	3.75961236795596	2.19312760393734	2.19	0.00156298163956225		24G4A05	2	30	0.0561666666666667	2024-04-15
H7	0.161132962752748	0.0213771039191401	0.171273103661683	10.9624719570434	4.04702878467785	5.8357130711035	5.8455	0.00427193912768167		32G4A01	2	30	0.164166666666667	2024-04-15
H8	0	0.00720315555671518	0	4.94162773421167	4.01054146931512	0.989348133096407	0.985499999999999	0.00204101783043168		24G2B09	2	30	0.0251666666666667	2024-04-15
H9	0	0.0064676199389155	0	62.6666182761225	34.4639568357612	0.446698825765595	0.446	0.000899977305956056		32G2B08	2	30	0.0121666666666667	2024-04-15
I1	0.266329492375262	0.0314445258264155	0.0601931086049019	33.4069967216119	11.515390991179	4.86795371870719	4.892	0.0124827093305545		35G3A04	3	30	0.203166666666667	2024-04-15
I10	0.0621666666666666	0.0209692732682456	0.019869244173961	878.187789807526	34.8854327065107	1.68368038332606	1.641	0.004479287159571		23G3B12	3	30	0.0621666666666666	2024-04-15
I11	0.129094776808482	0.0277646808567157	0.190222677202718	6.80580645399008	3.64387249066665	5.15387901089142	5.1515	0.00620792977261046		32G2B05	3	30	0.142166666666667	2024-04-15
I12	0	0.0161666666666667	0	-0.416388005290151	0.206649264113978	0.585031057400534	0.573	0.00134616471524604	questionable fit (k < n0)	23G3B04	3	30	0.0161666666666667	2024-04-15
I13	0.24581685557931	0.0294126887193813	0.19962585626842	9.99731031401127	3.47223147099707	9.18539946550476	9.197	0.00646572679769292		30G4B06	3	30	0.252166666666667	2024-04-15
I14	0	0.0332696200198104	0	-55.5413371487628	27.2570684242735	1.41043501478955	1.2285	0.00749231529684123	questionable fit (k < n0)	23D08	3	30	0.0471666666666667	2024-04-15
I15	0	0.0012630078333238	0	3.89901802943109	3.58726712138111	0.166142241759916	0.166	0.000555562373041275		28G4B03	3	30	0.00416666666666667	2024-04-15
I16	0.0561666666666667	0.022196100934775	0.0171911009480444	979.517279758015	40.3201157770407	1.65559548721893	1.625	0.00348850271138342		19G3B04	3	30	0.0561666666666667	2024-04-15
I17	0	0.000453531018093968	0	9.18059272285082	2.08934240044788	0.386362890618164	0.382	0.00114840112342734		28G4B01	3	30	0.0121666666666667	2024-04-15
I18	0.268362518716941	0.026841173674144	0.258568123440602	8.49687419133738	2.68071396944324	10.4918237159602	10.582	0.0159104081774524		12G1A05	3	30	0.310166666666667	2024-04-15
I19	0	0.000742443147461814	0	2.56159697212959	2.57424943014403	0.0976210839293266	0.0969999999999999	0.000606014046444039		28G3A07	3	30	0.00216666666666666	2024-04-15
I2	0	0.00584526628879756	0	1.14646026363518	3.26751274153211	0.58685378948568	0.5815	0.00146640311888893		26G3A08	3	30	0.0161666666666667	2024-04-15
I20	0.270608575752011	0.0455431023815744	0.196853914671818	8.11633425049849	3.52112469653201	10.5400705325473	10.5905	0.011730640054285		09D09	3	30	0.302166666666667	2024-04-15
I21	0.193632578211844	0.033399517383874	0.17446438285364	8.98801182000472	3.97300107461723	7.34508482461632	7.3445	0.00712370677879717		28D04	3	30	0.206166666666667	2024-04-15
I22	0.241106147355294	0.0257247918982028	0.297745783053352	7.13680976169636	2.32798319912979	9.76100638789517	9.791	0.0077853754991493		08G1A03	3	30	0.260166666666667	2024-04-15
I23	0.225518014088989	0.000330363261429968	0.22108929929842	29.5106842200678	3.13514576580369	4.18514879490631	4.2495	0.00807357307947298		28D03	3	30	0.226166666666667	2024-04-15
I24	0.124648249208553	0.0308059378195669	0.0710655061489031	15.6743888537097	9.75363742724351	3.69943623766465	3.6955	0.0108480498484246		02G3A08	3	30	0.131166666666667	2024-04-15
I3	0.278850571390424	0.0335011164374313	0.257178270091495	7.74211901942884	2.69520119376084	11.0871892990374	11.0995	0.0149803888787879		33G4B03	3	30	0.302166666666667	2024-04-15
I4	0.267811069354106	0.0436104780789264	0.186638788951047	8.77225850376377	3.71384311083238	10.2515289471036	10.2995	0.0178595569597928		25G3B04	3	30	0.290166666666667	2024-04-15
I5	0.160170896543591	0.0209948802964069	0.190960114895693	9.90500463629542	3.62980081436669	5.98444228097626	5.988	0.00780326678295827		33D06	3	30	0.171166666666667	2024-04-15
I6	0	0.0148270107564187	0	4.75742966647524	3.49713029708277	2.19961814197091	2.197	0.00150191244536653		24G4A05	3	30	0.0561666666666667	2024-04-15
I7	0.152004223692645	0.0217981831646769	0.17892112139442	9.98927060003289	3.87403776120956	5.64723268939613	5.657	0.0035330260565782		32G4A01	3	30	0.154166666666667	2024-04-15
I8	0	0.00516825819520408	0	6.13065571857401	3.38524091407265	0.947159314448818	0.943499999999999	0.00193738731010705		24G2B09	3	30	0.0241666666666667	2024-04-15
I9	0.155197659082418	0.00579271113216624	0.0223390791768522	145.487642500407	31.0284580251716	0.481330704728083	0.482	0.00126180291708229		32G2B08	3	30	0.0151666666666667	2024-04-15
J1	0	0.00526018764039769	0	6.52409412672848	2.1224992374438	2.03809121733397	2.023	0.00399208955404517		35G4A07	1	30	0.0551666666666667	2024-04-15
J10	0.0957930523598447	0.0241590184415641	0.170392519487771	6.37887480935313	4.06794372572025	3.8240983342936	3.821	0.00344415791362895		30G1B03	1	30	0.103166666666667	2024-04-15
J11	0.22830326431505	0.0340687288399326	0.255058924832847	6.82464436417748	2.71759626139019	9.25583693495682	9.2985	0.0117891770940028		36G4B04	1	30	0.251166666666667	2024-04-15
J12	0.251752316294072	0.0483954612067341	0.124457614221746	11.5344996683249	5.56934330530364	8.76995063210427	8.813	0.0114771358114935		33G2A09	1	30	0.265166666666667	2024-04-15
J13	0.191358104513906	0.028573631418799	0.270446529618957	6.43359248567241	2.56297310058498	7.83965142006093	7.8825	0.00980242881095825		37G4A03	1	30	0.217166666666667	2024-04-15
J14	0	0.0219168597615225	0	-0.938235922649582	0.976119278699153	1.57299122508265	1.5145	0.00443440214193449	questionable fit	33G1B11	1	30	0.0411666666666667	2024-04-15
J15	0.212411466441174	0.0400750325013842	0.140349670243746	10.3932917373413	4.93871613204472	7.67937225237711	7.645	0.00369779463617492		39G1A08	1	30	0.218166666666667	2024-04-15
J16	0.231677633202037	0.0366290397554807	0.205801812204731	8.12630046849099	3.36803244409921	9.04441523299538	9.058	0.00913058435827481		32G3B09	1	30	0.247166666666667	2024-04-15
J17	0.246219810643757	0.0400606787923772	0.250735442329759	6.53379141609638	2.76445632942606	10.0354537462468	10.1195	0.0134211538858764		39G1A09	1	30	0.270166666666667	2024-04-15
J18	0.195824606768212	0.0474297799952401	0.0785248311844425	14.525674892089	8.82710819118925	6.03726764937523	6.113	0.0184944622363066		30G3A10	1	30	0.209166666666667	2024-04-15
J19	0.27256622537397	0.0367310879222205	0.264621775840214	7.02704645545438	2.61938828865878	11.0187691793429	11.053	0.0124130054109845		39G3A10	1	30	0.300166666666667	2024-04-15
J2	0.26189451948077	0.0236560605078177	0.256742476595454	8.9959900316969	2.69977601584069	10.118412655466	10.107	0.00940146092842159		35D01	1	30	0.271166666666667	2024-04-15
J20	0	0.00633123933551872	0	4.59582793396398	2.74348052380869	1.12378401890656	1.1215	0.00181940695242099		33G3A09	1	30	0.0281666666666667	2024-04-15
J21	0	0.0191911234580438	0	1.37166585666668	1.47639067427296	2.54857487678475	2.5495	0.00387587718988979		39G3B09	1	30	0.0591666666666667	2024-04-15
J22	0	0.011368447599329	0	10.714438439766	5.39184669625421	2.00923822030497	2.004	0.00213375200492299		33G4B08	1	30	0.0571666666666667	2024-04-15
J23	0.234806617017448	0.0251357633310495	0.201995245260487	10.5014713047004	3.4315024577241	8.67388434968284	8.721	0.0103961368775318		54.4B	1	30	0.251166666666667	2024-04-15
J24	0.267651243491185	0.00888958171998247	0.247233002164254	13.6350219667408	2.80361915477385	9.16148323686103	9.219	0.0100212820539272		35D06	1	30	0.288166666666667	2024-04-15
J3	0	0.0107344975996824	0	2.58295878697185	1.552924899636	2.00421560887168	1.9755	0.00425477971012037		35G4B10	1	30	0.0521666666666667	2024-04-15
J4	0	0.00839591627809479	0	9.80315040010612	3.54827699490261	2.45149020379765	2.438	0.00194923878171963		28G4B05	1	30	0.0681666666666667	2024-04-15
J5	0.210331104438376	0.0316615762771616	0.256336699569996	6.75062934857277	2.70404971946154	8.54218177471768	8.6	0.0110331468905704		36G2A07	1	30	0.239166666666667	2024-04-15
J6	0	0.0125697807310826	0	0.26216948125945	0.973886478305456	1.29967232651815	1.2465	0.00427748233516126		28G4B10	1	30	0.0361666666666667	2024-04-15
J7	0.250699502613041	0.0304023178435608	0.228879821512758	8.6528319150242	3.02843289538877	9.72284796079451	9.7645	0.0117224259999601		36G3B02	1	30	0.278166666666667	2024-04-15
J8	0.207532583731922	0.0288895089651125	0.137290903559289	13.2704443966001	5.04874804222268	6.99371368968284	7.008	0.00998944737178526		30D10	1	30	0.215166666666667	2024-04-15
J9	0.232078979361991	0.0290419275462254	0.237122253970669	8.20103506849562	2.92316376448448	9.10573529843559	9.149	0.0131718611020121		36G3B05	1	30	0.261166666666667	2024-04-15
K1	0	0.00432490432227138	0	7.1149670604377	2.19173615290029	1.84034994452221	1.8245	0.00346902423544489		35G4A07	2	30	0.0511666666666667	2024-04-15
K10	0.0950042968783887	0.0233510488691395	0.172958595646077	6.4824565561764	4.00759024418957	3.78981739049336	3.7845	0.00322554171991717		30G1B03	2	30	0.100166666666667	2024-04-15
K11	0.215827928432782	0.0306857465620722	0.255237041728128	7.04179065453199	2.71569978975962	8.71027116143031	8.7705	0.0107821238130376		36G4B04	2	30	0.241166666666667	2024-04-15
K12	0.239204978080036	0.0425700490035263	0.143990492687608	10.6270761221997	4.8138399113874	8.62185688156638	8.658	0.0119924793484452		33G2A09	2	30	0.252166666666667	2024-04-15
K13	0.19227770255931	0.0270718548634091	0.232103384039381	7.79263793737688	2.98637257456936	7.60534199700268	7.645	0.00839245927530274		37G4A03	2	30	0.209166666666667	2024-04-15
K14	0	0.0208921373820578	0	-0.585181343116868	1.3862707424044	1.71057261669228	1.682	0.0026609051850651	questionable fit	33G1B11	2	30	0.0391666666666667	2024-04-15
K15	0.191646703386516	0.0377617667501381	0.133839116486124	10.4969912101692	5.17895813091241	6.88252771337907	6.86	0.00466620103675052		39G1A08	2	30	0.200166666666667	2024-04-15
K16	0.223417447676406	0.0359799734596787	0.209461044116538	7.8796648562161	3.30919376194028	8.77652514506435	8.83	0.0106289956252236		32G3B09	2	30	0.241166666666667	2024-04-15
K17	0.231450732420329	0.0355187829350833	0.270758334446719	6.30712163526814	2.56002158521309	9.50744456335211	9.587	0.0139694732855061		39G1A09	2	30	0.265166666666667	2024-04-15
K18	0.166676762617966	0.0453322841020496	0.0831922752760641	11.8354014887902	8.33186949461132	5.48836746104929	5.5565	0.0166329019805111		30G3A10	2	30	0.184166666666667	2024-04-15
K19	0.255026629037026	0.0311149240716148	0.278502657581587	7.08633892134491	2.48883506742441	10.3149351849781	10.369	0.0139902443764571		39G3A10	2	30	0.287166666666667	2024-04-15
K2	0.259346420493984	0.0213793675957111	0.254553742517422	9.46639354481414	2.72298954910281	9.90595663012764	9.931	0.00892496949753963		35D01	2	30	0.266166666666667	2024-04-15
K20	0	0.0060151927342067	0	5.03600890090409	2.64031358418086	1.20215920883957	1.2005	0.00152096423629477		33G3A09	2	30	0.0301666666666667	2024-04-15
K21	0	0.0186560751044531	0	1.71559583510982	1.88592243472147	2.4233004847364	2.4225	0.00415653525862678		39G3B09	2	30	0.0571666666666667	2024-04-15
K22	0	0.0115444664397551	0	10.6984413805768	5.46973258733338	2.00329113075515	1.9965	0.00181509867423562		33G4B08	2	30	0.0561666666666667	2024-04-15
K23	0.219471113803685	0.0209041742475724	0.175602923509733	12.819703462081	3.94724168997975	7.59855023070847	7.625	0.00756369519915874		54.4B	2	30	0.231166666666667	2024-04-15
K24	0.251633517664403	0.00883504437196434	0.246481866280575	13.4432025089369	2.81216298391267	8.65936358775949	8.679	0.0083316779256865		35D06	2	30	0.266166666666667	2024-04-15
K3	0	0.0094586752248423	0	3.03970661122417	1.71376959901019	1.85285393650569	1.8475	0.00684567212784185		35G4B10	2	30	0.0641666666666666	2024-04-15
K4	0	0.00925166885720539	0	11.5223303008563	4.04733936300154	2.70871037630136	2.6995	0.00159476236367667		28G4B05	2	30	0.0781666666666667	2024-04-15
K5	0.213191841866122	0.0296935150536598	0.247665041371168	7.35379069074905	2.79872838218271	8.53636700947058	8.5955	0.0124245660428849		36G2A07	2	30	0.246166666666667	2024-04-15
K6	0	0.012130368277233	0	1.23737051115379	1.30872772380564	1.63164210802208	1.607	0.00487836557862814		28G4B10	2	30	0.0481666666666667	2024-04-15
K7	0.23487206495469	0.0271637782432168	0.257219481949146	7.90861644143014	2.69476936703024	9.30414823740124	9.348	0.0119939510497933		36G3B02	2	30	0.268166666666667	2024-04-15
K8	0.211175084551338	0.0241642085680238	0.141187959697224	14.4934045813646	4.90939299672856	6.90713356960407	6.9295	0.0117204204129418		30D10	2	30	0.222166666666667	2024-04-15
K9	0.217332520465953	0.025560512219224	0.229429439400973	8.78378356967263	3.02117802479801	8.40455220057762	8.458	0.0110504695950422		36G3B05	2	30	0.243166666666667	2024-04-15
L1	0	0.0053990837697853	0	6.6636421893172	2.3598209254718	1.78370672446578	1.7665	0.00440376483501512		35G4A07	3	30	0.0491666666666667	2024-04-15
L10	0.0987354659279549	0.0217628542886478	0.198198656423458	6.37363089962686	3.49723450737735	3.98608888517128	3.9815	0.00339530485001107		30G1B03	3	30	0.104166666666667	2024-04-15
L11	0.223125727141501	0.0299685300794168	0.267745404803574	6.95943415938704	2.58882941826194	9.03702517046336	9.0925	0.00966145584097345		36G4B04	3	30	0.248166666666667	2024-04-15
L12	0.251507311409753	0.0416698787953903	0.156113004417287	10.3550282040744	4.4400348526198	9.18067039630483	9.227	0.0129104082777128		33G2A09	3	30	0.276166666666667	2024-04-15
L13	0.192832894769335	0.0280609223256611	0.248727628264683	7.11696003108931	2.78677196174739	7.76170343634023	7.8195	0.0109924194710573		37G4A03	3	30	0.217166666666667	2024-04-15
L14	0	0.0196506829387798	0	-0.326133881652741	1.62128211313117	1.70991661672378	1.6875	0.00263091083754312	questionable fit	33G1B11	3	30	0.0391666666666667	2024-04-15
L15	0.195251121156866	0.0373137011519124	0.145996692016677	9.88267800050312	4.74769099892187	7.16392263930254	7.1345	0.00463821824878545		39G1A08	3	30	0.207166666666667	2024-04-15
L16	0.229431468582826	0.0302551783479358	0.252918410753469	7.45111023212959	2.74059598308794	9.17494139911903	9.1995	0.00831965904713287		32G3B09	3	30	0.240166666666667	2024-04-15
L17	0.226798667517663	0.0359110607066519	0.270601659918352	6.173796064712	2.5615038014515	9.3416628702894	9.4225	0.0136318809974033		39G1A09	3	30	0.257166666666667	2024-04-15
L18	0.186190525788833	0.0438023275096212	0.0836152669346122	14.098743041183	8.28972035814933	5.84194649954098	5.916	0.0166991323311261		30G3A10	3	30	0.192166666666667	2024-04-15
L19	0.25149916027545	0.0310865510309171	0.286045164217397	6.84761096664767	2.4232088749214	10.2337940584846	10.2735	0.0122835956762478		39G3A10	3	30	0.277166666666667	2024-04-15
L2	0.255322469455469	0.0221032568379961	0.269839373530653	8.73206100806948	2.56873995625848	9.94033368405122	9.982	0.00806323395800262		35D01	3	30	0.275166666666667	2024-04-15
L20	0	0.00597303941528868	0	4.97066913313006	2.76845351690962	1.12218882656921	1.119	0.00183141801263407		33G3A09	3	30	0.0291666666666667	2024-04-15
L21	0	0.0200578682737454	0	2.11523258022002	2.38150909418282	2.53891673170513	2.5425	0.00379465897335496		39G3B09	3	30	0.0611666666666666	2024-04-15
L22	0	0.00954148099963469	0	11.2914319594397	5.16345072819853	1.86942258868317	1.8615	0.00173911332100415		33G4B08	3	30	0.0521666666666667	2024-04-15
L23	0.217837055867846	0.0261132837952794	0.188303328255376	10.5872345695921	3.68101396285413	8.00317576403491	8.034	0.0099246060051982		54.4B	3	30	0.232166666666667	2024-04-15
L24	0.257304264338004	0.00924977640894737	0.237970472538493	13.8212485654717	2.91274448113652	8.75507053185006	8.7995	0.00947913791545698		35D06	3	30	0.273166666666667	2024-04-15
L3	0	0.0104981937993714	0	2.67783322863238	1.81570127698097	1.76634303985336	1.7665	0.00651827385404052		35G4B10	3	30	0.0601666666666666	2024-04-15
L4	0	0.00884079215493684	0	11.2198351902701	4.06150927071158	2.47692725791615	2.4625	0.00246710848376617		28G4B05	3	30	0.0721666666666667	2024-04-15
L5	0.200227146773154	0.0292296284220539	0.254148509357755	6.95052739622163	2.72733128481281	8.09491889525296	8.143	0.0108229766123469		36G2A07	3	30	0.228166666666667	2024-04-15
L6	0	0.00963537426883788	0	1.59270776065482	1.1095662973585	1.63855524697724	1.6005	0.00475017528569043		28G4B10	3	30	0.0461666666666667	2024-04-15
L7	0.230089798459147	0.0273680319806765	0.270442848180835	7.40436963917091	2.56300798938659	9.23291506256841	9.2695	0.0101597241370864		36G3B02	3	30	0.254166666666667	2024-04-15
L8	0.209840467912474	0.0245989996796353	0.156567792159053	12.8950814287479	4.42713773376708	7.20480629123736	7.206	0.00906251771240143		30D10	3	30	0.214166666666667	2024-04-15
L9	0.231405483477462	0.0269172169834193	0.239079408451801	8.48146852955854	2.89923412914787	9.02518951939189	9.066	0.00909273725658938		36G3B05	3	30	0.255166666666667	2024-04-15
A1	0.349823545896251	0.0244052826919095	0.0413117824722873	62.7015236564218	16.7784379922343	3.07023181521644	3.0765	0.00516206857897091		35G4A05	1	34	0.125583333333333	2024-04-15
A10	0.296990143963583	0.0264842840471478	0.291041903526642	7.98421887340084	2.38160612668098	11.7889873448951	11.736	0.011419068785904		28G2A06	1	34	0.309583333333333	2024-04-15
A11	0.118390717176071	0.0169569555089718	0.176650147384338	10.1258216500617	3.9238415072016	4.38118123749741	4.336	0.00917164899967151		35G1A07	1	34	0.147583333333333	2024-04-15
A12	0	0.0222667633926625	0	4.06193011657543	5.44985237657851	2.40097985096169	2.349	0.00953969808195783		28G2A04	1	34	0.0925833333333333	2024-04-15
A13	0.113583333333333	0.0011368314845028	0.0924290698628793	225.398126837659	7.49923353754664	1.02684603041863	1.1255	0.0108762412742955		35D10	1	34	0.113583333333333	2024-04-15
A14	0.219450528350066	0.0285802017130055	0.198260259817128	9.57771391394129	3.49614784727556	8.27788918572139	8.2665	0.0134163435795836		28G1B05	1	34	0.252583333333333	2024-04-15
A15	0	0.007447307293062	0	20.9109105433545	7.42820767499402	1.585539239494	1.563	0.00402882098711866		28G4B02	1	34	0.0665833333333333	2024-04-15
A16	0	0.00607810470204642	0	2.1478307792258	1.18201081471181	1.24902138839009	1.1935	0.00536522574070412		28G1B03	1	34	0.0345833333333333	2024-04-15
A17	0	0.00392509775586146	0	4.09640057724008	5.08555209454828	0.43790482418104	0.425	0.00203989919708239		28G4A09	1	34	0.0175833333333333	2024-04-15
A18	0.0265833333333333	0.011426097387775	0.00290005515769537	4123.47058041324	239.011723180734	0.588460085519159	0.5485	0.00416026616720414		28G1A07	1	34	0.0265833333333333	2024-04-15
A19	0.101102459914315	0.0129257644117774	0.0953192917468508	20.1440874016954	7.27184568681865	2.74325562284049	2.722	0.00343677406952026		CONT	1	34	0.101583333333333	2024-04-15
A2	0.132139471619705	0.0265948278021954	0.0819923884705839	16.8115272638312	8.45379910854314	3.87938789245217	3.8645	0.00779974324747164		28G2B04	1	34	0.134583333333333	2024-04-15
A20	0.152621014963378	0.0192543406088347	0.165995406357361	11.6591525381394	4.17570097733737	5.42459061882339	5.4055	0.0119570477952203		28G1A03	1	34	0.178583333333333	2024-04-15
A21	0.15343467019561	0.0100031443929919	0.20655367195998	12.8923307974793	3.35577273443119	5.33718054999343	5.3345	0.00729529305652587		28G4A04	1	34	0.158583333333333	2024-04-15
A22	0.0925833333333333	0.0174197398114241	0.034027603442219	542.931388224464	20.3701439549498	2.10959720131468	2.1205	0.00551035822980632		26G3A06	1	34	0.0925833333333333	2024-04-15
A23	0.101583333333333	0.0243228593224442	0.0250205702614551	653.227908705922	27.7030928278944	2.25860746112165	2.2145	0.00932053697304433		28G3B02	1	34	0.101583333333333	2024-04-15
A24	0.304746749888933	0.0249139953123563	0.0466567806186431	51.8416054696768	14.8563010856985	3.41116590893708	3.445	0.00790029924234208		26G3A01	1	34	0.140583333333333	2024-04-15
A3	0.364769669843105	0.0268448749589236	0.226688707938594	11.1728037423752	3.05770493317958	13.3108195504163	13.4485	0.0422025502841153		35G3A03	1	34	0.440583333333333	2024-04-15
A4	0.0984273408955811	0.0133429322124617	0.136929333699093	13.5300226377044	5.06207955472244	3.29445476825216	3.28	0.00200422591770805		28G2A10	1	34	0.102583333333333	2024-04-15
A5	0.0595833333333333	0.0149936728148038	0.0218116486808553	711.30106666319	31.7787614637466	1.2710142075989	1.248	0.00823343793610082		35G2B04	1	34	0.0595833333333333	2024-04-15
A6	0.138583333333333	0.0377401197535388	0.0247759304309093	619.286343160571	27.9766357309111	3.48003193682547	3.489	0.0158735579410425		28G2A09	1	34	0.138583333333333	2024-04-15
A7	0.0525833333333333	0.019663473767155	0.00796032729394803	1669.11773331649	87.075211227423	1.14950545783859	1.0895	0.00926630916184523		35G2A08	1	34	0.0525833333333333	2024-04-15
A8	0	0	0	0	0	0	0	0	cannot fit data	28G2A08	1	34	0.0215833333333333	2024-04-15
A9	0.0865833333333333	0.0206228235926196	0.026801950660762	564.93980402367	25.8618183927453	2.01601903472643	2.0285	0.00773233548626907		35G1A08	1	34	0.0865833333333333	2024-04-15
B1	0.107583333333333	0.0194712649389412	0.0313348701568023	557.625511713157	22.1206335654617	2.1748648030857	2.1165	0.00794833035855156		35G4A05	2	34	0.107583333333333	2024-04-15
B10	0.265906723965477	0.0285671646417703	0.272949859633922	7.75686014100631	2.53946707094698	10.5902169747612	10.6465	0.0145832758538224		28G2A06	2	34	0.297583333333333	2024-04-15
B11	0.1199337740233	0.0142868422032493	0.218348199834207	9.16317934442394	3.1745037563225	4.58829175965147	4.557	0.00543633474674037		35G1A07	2	34	0.133583333333333	2024-04-15
B12	0	0.0188951401344951	0	1.68587126576791	2.16606681072031	2.30239131264687	2.278	0.0049956098402871		28G2A04	2	34	0.0675833333333333	2024-04-15
B13	0	0.000124126239552885	0	24.1837931014091	2.60245008874972	1.85704043848109	1.963	0.0073773482327971		35D10	2	34	0.0775833333333333	2024-04-15
B14	0.199066785933697	0.0328392668072493	0.198623376338739	8.16486215702321	3.48975630833014	7.74953446465153	7.7585	0.00731705753547183		28G1B05	2	34	0.208583333333333	2024-04-15
B15	0	0.00797290963961304	0	14.7902981739537	5.90879226934289	1.7012958372779	1.701	0.00240099554012187		28G4B02	2	34	0.0525833333333333	2024-04-15
B16	0	0.00504151173544588	0	2.37656181767601	1.06380288895242	1.30357869903615	1.255	0.00575461665148162		28G1B03	2	34	0.0375833333333333	2024-04-15
B17	0	0.00315482042250993	0	2.37925622099193	2.20120236582189	0.436293395368296	0.436	0.00201489476253497		28G4A09	2	34	0.0145833333333333	2024-04-15
B18	0	0.0115038236156443	0	-2.09384811840299	1.47821505347337	0.748316363167475	0.7315	0.00183533885929835	questionable fit	28G1A07	2	34	0.0185833333333333	2024-04-15
B19	0.0967838165162554	0.0142360624432459	0.0997657713452126	17.6172507413995	6.94774541622593	2.83193373632701	2.8155	0.0035197477993169		CONT	2	34	0.0965833333333333	2024-04-15
B2	0.409828029871843	0.027138449776623	0.0386135941655434	68.5321501049969	17.9508589018753	3.23521381202862	3.291	0.0124257964467903		28G2B04	2	34	0.123583333333333	2024-04-15
B20	0.141010062056456	0.020123838205776	0.168737031361012	10.625674146863	4.10785454128893	5.14300021805921	5.1525	0.00764269030524254		28G1A03	2	34	0.149583333333333	2024-04-15
B21	0.11655214860766	0.00993827831522485	0.251995051299713	9.41613658046227	2.75063806604497	4.45583791785306	4.3825	0.0218848811923653		28G4A04	2	34	0.147583333333333	2024-04-15
B22	0.0845833333333333	0.0177987498745442	0.0312669022916663	546.701767055891	22.1687193088102	1.98402935670758	1.999	0.0064759884924676		26G3A06	2	34	0.0845833333333333	2024-04-15
B23	0.125841836408274	0.0278577030085767	0.0315175503560048	39.904625517062	21.9924192308901	2.31026978916993	2.299	0.00879530125184566		28G3B02	2	34	0.0825833333333333	2024-04-15
B24	0.112583333333333	0.0261085566106988	0.0300310686531898	488.267092781281	23.081002829592	2.80549851853065	2.841	0.00799316066294758		26G3A01	2	34	0.112583333333333	2024-04-15
B3	0.372850408252219	0.0336542375412207	0.183542030714141	12.588068398405	3.77650382238329	13.0142369021683	13.1335	0.0435926154137737		35G3A03	2	34	0.457583333333333	2024-04-15
B4	0.0977489721465322	0.0121487616804853	0.147797456579217	13.2103795407526	4.68984512049725	3.31673161988993	3.301	0.00175258584851887		28G2A10	2	34	0.100583333333333	2024-04-15
B5	0.0535833333333333	0.0190262930301902	0.0170685563986208	661.355718990347	40.6095960532406	1.41441841351094	1.4135	0.0075450695915493		35G2B04	2	34	0.0535833333333333	2024-04-15
B6	0.128133464611518	0.0374696463827813	0.0561530356592632	15.7360537101275	12.343895079261	3.69006284509397	3.708	0.0150786800244828		28G2A09	2	34	0.120583333333333	2024-04-15
B7	0.0415833333333333	0.0229108266191805	0.00414597243367712	2931.35118609166	167.185670345903	1.21677957395608	1.185	0.00784832639927546		35G2A08	2	34	0.0415833333333333	2024-04-15
B8	0	0.00858239278925372	0	-0.896134920094153	1.08457354908384	0.634900456074217	0.61	0.00285792243090103	questionable fit	28G2A08	2	34	0.0165833333333333	2024-04-15
B9	0	0.0150838093628109	0	7.75132192444548	5.74421505802478	2.0106565641328	1.9785	0.00616981352936094		35G1A08	2	34	0.0705833333333333	2024-04-15
C1	0.0905833333333333	0.021568710575291	0.0267026281559228	650.099620411556	25.958013440194	2.10242190033463	2.0695	0.00626211591634175		35G4A05	3	34	0.0905833333333333	2024-04-15
C10	0.254256472154565	0.0329362365973903	0.246025104584608	7.74326350793701	2.81738394839935	10.0922129861662	10.126	0.0119555209261258		28G2A06	3	34	0.273583333333333	2024-04-15
C11	0.113487613983073	0.0129809548246758	0.246517458853606	8.30261972239655	2.81175695945969	4.44926664218831	4.417	0.00499173379794028		35G1A07	3	34	0.124583333333333	2024-04-15
C12	0	0.0227233240864608	0	0.256207630356523	2.20157110103202	2.16262250511798	2.125	0.0053276450359249		28G2A04	3	34	0.0595833333333333	2024-04-15
C13	0	0.00039816725494805	0	10.9876218626981	1.49868258817891	2.38754205030816	2.3735	0.00671906569913517		35D10	3	34	0.0775833333333333	2024-04-15
C14	0.171213094336302	0.0317456596280473	0.222435544362678	6.65395058120395	3.11617094536734	6.92121057194086	6.915	0.00635948391858114		28G1B05	3	34	0.182583333333333	2024-04-15
C15	0	0.00970881036199197	0	10.8582439477042	5.53326104950665	1.68277453267078	1.674	0.00254701731838994		28G4B02	3	34	0.0515833333333333	2024-04-15
C16	0	0.0121498112703291	0	0.907981316681092	1.38947974898475	1.44129653531344	1.3785	0.0059776330596541		28G1B03	3	34	0.0405833333333333	2024-04-15
C17	0	0.00564281191748473	0	1.25214682465142	4.57949081505843	0.533053072728954	0.524	0.00261405608418793		28G4A09	3	34	0.0195833333333333	2024-04-15
C18	0	0.0171376142045107	0	-20.3630476531112	7.41505232981344	0.724917133516676	0.679	0.00234458949972631	questionable fit (k < n0)	28G1A07	3	34	0.0185833333333333	2024-04-15
C19	0.105513280712553	0.0168036551075972	0.0931414809693279	17.8628464578528	7.44187416118285	3.04977978036332	3.0365	0.00344463009367922		CONT	3	34	0.101583333333333	2024-04-15
C2	0.194913062754984	0.0269907500411201	0.0448548378890691	40.7538476989663	15.4531197342453	3.12763671936676	3.174	0.0125251194108867		28G2B04	3	34	0.111583333333333	2024-04-15
C20	0.156996589105392	0.026174997161333	0.14618322555771	11.0069390450151	4.74163282357115	5.61670562311872	5.6095	0.00771107868181848		28G1A03	3	34	0.169583333333333	2024-04-15
C21	0.107067712701615	0.00765664320449019	0.339347957187765	7.55475243791231	2.04258539318809	4.30697027437817	4.2145	0.021895289141558		28G4A04	3	34	0.156583333333333	2024-04-15
C22	0.0895833333333333	0.019854482365993	0.030502092090949	523.591666291035	22.7245783172239	2.16343775819765	2.1785	0.00595402075876933		26G3A06	3	34	0.0895833333333333	2024-04-15
C23	0.0835833333333333	0.0266038504201533	0.0200426527462183	706.398725950016	34.5836047421782	2.1464076889265	2.1335	0.00921040085876246		28G3B02	3	34	0.0835833333333333	2024-04-15
C24	0.618841781966798	0.0259345507436184	0.0328740446326457	95.1955226901937	21.084937624974	2.81241801346754	2.858	0.00875417664578329		26G3A01	3	34	0.108583333333333	2024-04-15
C3	0.34794879813814	0.0403849388489125	0.164679950269314	12.3283120996855	4.20905629025506	12.1571793718917	12.265	0.0353075093173952		35G3A03	3	34	0.375583333333333	2024-04-15
C4	0.0913571832234444	0.0132545466754001	0.152174027063479	11.6556235662286	4.55496377361953	3.22858831381778	3.2225	0.00230785038026686		28G2A10	3	34	0.0935833333333333	2024-04-15
C5	0	0.00864907412845868	0	2.43638542394909	1.72298203555213	1.41914715503565	1.396	0.00432276619302893		35G2B04	3	34	0.0415833333333333	2024-04-15
C6	0.092641891455587	0.0215106108074495	0.320646432422892	3.7299053807042	2.16171804976072	4.02492812390229	4.045	0.0135644457093135		28G2A09	3	34	0.121583333333333	2024-04-15
C7	0	0.0251189176005774	0	-93.758976414465	23.2542062970618	1.17025768838754	1.1545	0.00629411406412402	questionable fit (k < n0)	35G2A08	3	34	0.0345833333333333	2024-04-15
C8	0	0	0	0	0	0	0	0	cannot fit data	28G2A08	3	34	0.0185833333333333	2024-04-15
C9	0	0.0156100470690469	0	4.87993134090686	4.42520976653545	1.99914917974462	1.9815	0.00465198063934612		35G1A08	3	34	0.0635833333333333	2024-04-15
D1	0.0855833333333333	0.0266125807141178	0.0240251517823834	679.857806901981	28.8508970448295	2.40186102013119	2.4085	0.00654094685879129		26G2A07	1	34	0.0855833333333333	2024-04-15
D10	0.0195833333333333	0.00162554207433686	0.0517409803528111	325.754150773728	13.3964833258573	0.34508130155531	0.347	0.00104412096657869		18G1A02	1	34	0.0195833333333333	2024-04-15
D11	0.166850972573178	0.0389560687249388	0.195198961153304	6.09006465857822	3.55097781496677	6.76567508050556	6.8335	0.0102946277398994		23G1B05	1	34	0.187583333333333	2024-04-15
D12	0	0.0122688838555545	0	2.41582818835335	2.30912152330248	1.66473653135001	1.6425	0.00451621605755902		04D05	1	34	0.0535833333333333	2024-04-15
D13	0	0.00000141715884474494	0	5.19949259366671	0.33088798574555	3.25976960700711	3.186	0.00988230175418272		23G1A10	1	34	0.0945833333333333	2024-04-15
D14	0.143660391630322	0.0259449512277549	0.105083607256323	14.3913327354335	6.59614947238343	4.5953517862425	4.5865	0.00551792208099315		37G1B08	1	34	0.146583333333333	2024-04-15
D15	0	0.0175366300939799	0	9.83630477618772	11.9142780081922	1.56763243434326	1.569	0.00185279068616083		23G1A09	1	34	0.0455833333333333	2024-04-15
D16	0.115891619151485	0.0241685914058586	0.290827928990223	4.58594041645259	2.38335837609065	4.9381276660921	4.907	0.00587694817602379		36G2A02	1	34	0.125583333333333	2024-04-15
D17	0	0.0230738000160227	0	1.00628240707785	1.43896676968992	2.78465925506652	2.7745	0.00308809672729096		23G1A04	1	34	0.0635833333333333	2024-04-15
D18	0	0.023550801243499	0	5.86019189497915	4.88297256709315	3.07632289064463	3.0585	0.00407420651808912		35G4A09	1	34	0.0875833333333333	2024-04-15
D19	0	0.0222607641003081	0	1.31328885494367	1.55898029692299	2.84076930162089	2.8425	0.00518769849606485		23G1A03	1	34	0.0725833333333333	2024-04-15
D2	0.306039732886098	0.0369452544979299	0.112369063748587	17.6705693159077	6.16848763740512	9.02032341011654	8.9455	0.024508631410709		23D03	1	34	0.311583333333333	2024-04-15
D20	0	0.00574695762294084	0	5.05161221828591	1.71578970133087	2.13136460442373	2.0335	0.0137811078998723		35G4A08	1	34	0.0945833333333333	2024-04-15
D21	0	0.00000665141561682884	0	4.7479167500137	0.349825835163281	3.50432793243644	3.441	0.0139539426013991		23G1A02	1	34	0.0965833333333333	2024-04-15
D22	0	0.0171610047510651	0	4.04739749648195	3.83046869568114	2.20864635375465	2.185	0.00392194030693185		35G4A06	1	34	0.0635833333333333	2024-04-15
D23	0	0	0	0	0	0	0	0	cannot fit data	23G1A01	1	34	0.0215833333333333	2024-04-15
D24	0	0.000415790025591228	0	10.657334278112	1.80059520411067	0.953752074569497	0.948	0.00166270882714495		35G3B03	1	34	0.0285833333333333	2024-04-15
D3	0	0.0223698594935858	0	0.310947706685312	1.2306799181379	2.28474326130221	2.232	0.00583673210653718		23G4A10	1	34	0.0595833333333333	2024-04-15
D4	0.393068517851796	0.0638835071806893	0.0469172344309787	34.9457663176424	14.7738286147205	7.27363804492253	7.3785	0.0269711519310576		23D01	1	34	0.247583333333333	2024-04-15
D5	0	0.0284527082950136	0	-0.966458531176873	1.29436714625875	2.140035558404	2.1385	0.00297689263119508	questionable fit	23G4A09	1	34	0.0515833333333333	2024-04-15
D6	0	0.00911418685244001	0	7.32914232147027	4.67578241055126	1.39905869741378	1.3985	0.00204570904918409		18G4A01	1	34	0.0405833333333333	2024-04-15
D7	0	0.00613744260540102	0	19.0490745619206	6.88899324249232	1.34549472961887	1.35	0.00209990280372456		23G3B11	1	34	0.0465833333333333	2024-04-15
D8	0.0235833333333333	0.0198414368514983	0.00300503800322534	3564.2639237749	230.661702053679	1.02449948798402	1.0275	0.00186371739833775		18G3A05	1	34	0.0235833333333333	2024-04-15
D9	0	0	0	0	0	0	0	0	cannot fit data	23G3A05	1	34	0.0665833333333333	2024-04-15
E1	0.0705833333333333	0.0275178363483161	0.0188925001485317	730.418576136863	36.6890128416283	2.15056914439061	2.158	0.00754185338676527		26G2A07	2	34	0.0705833333333333	2024-04-15
E10	0	0	0	0	0	0	0	0	cannot fit data	18G1A02	2	34	0.0125833333333333	2024-04-15
E11	0.172366906614927	0.0403995904736994	0.154869422912172	7.64343675175758	4.47568776021742	6.66103709533787	6.714	0.00936908284316727		23G1B05	2	34	0.188583333333333	2024-04-15
E12	0.0855833333333333	0.0186277694849091	0.0228067563593963	691.931137027509	30.3921859661718	1.62402235900591	1.521	0.0105487399630841		04D05	2	34	0.0855833333333333	2024-04-15
E13	0	0.00000000000155340103314592	0	5.12101252480302	0.144291067043538	3.21616514484137	3.15	0.00981452465471516		23G1A10	2	34	0.0925833333333333	2024-04-15
E14	0.142032290496466	0.028734384450127	0.0684722995884194	20.036222304331	10.1230305499653	3.78807350981924	3.779	0.00571916769343653		37G1B08	2	34	0.129583333333333	2024-04-15
E15	0	0.0187997684341482	0	11.3142273888385	13.355910269677	1.62299074825943	1.625	0.00201219925465807		23G1A09	2	34	0.0455833333333333	2024-04-15
E16	0.115529988368271	0.0253812654876731	0.269749695196933	4.69861313231683	2.56959393430976	4.89636773937764	4.896	0.00444744793878759		36G2A02	2	34	0.122583333333333	2024-04-15
E17	0	0.0259303656990795	0	0.391896398174003	1.23500348248136	2.71155746135847	2.6945	0.00284640737295829		23G1A04	2	34	0.0625833333333333	2024-04-15
E18	0	0.0286685547171052	0	3.29651188943522	5.37886816431791	2.96016021019298	2.942	0.0052657390085882		35G4A09	2	34	0.0835833333333333	2024-04-15
E19	0	0.0238458192301075	0	1.00744418489052	1.40450890275339	2.90220551004998	2.904	0.00541335133317025		23G1A03	2	34	0.0725833333333333	2024-04-15
E2	0.296872479102014	0.0316659853111449	0.128217330776559	16.5754944773861	5.40603346179366	9.10873614492836	9.0425	0.0265843461292673		23D03	2	34	0.300583333333333	2024-04-15
E20	0	0.00484479381189363	0	5.20244878898409	1.61201056280087	2.13731989383713	2.043	0.0125635415025897		35G4A08	2	34	0.0885833333333333	2024-04-15
E21	0.0875540100128739	0.00000879640208393709	1.9239939035235	4.78461385206454	0.360264748911393	3.78367577933349	3.684	0.01708324236479		23G1A02	2	34	0.112583333333333	2024-04-15
E22	0	0.0183564078319335	0	2.16206042904123	3.3506909594772	2.04496742617439	2.0305	0.00382751149821067		35G4A06	2	34	0.0575833333333333	2024-04-15
E23	0	0.0170677148925631	0	-3.54903403340217	1.42090620216381	0.957589753937227	0.9225	0.00372589953333792	questionable fit	23G1A01	2	34	0.0265833333333333	2024-04-15
E24	0	0.000291565532140525	0	10.8236987213985	1.66276706665096	0.997647222851069	0.9895	0.00193573484138517		35G3B03	2	34	0.0305833333333333	2024-04-15
E3	0	0.0174143547670816	0	1.24405144258049	1.12062859625137	2.5380083152263	2.5095	0.00356789710456013		23G4A10	2	34	0.0615833333333333	2024-04-15
E4	0.46940672039101	0.0656548998571159	0.0360260282023295	50.4187733204309	19.2401775923532	6.51296965386033	6.605	0.024729004232852		23D01	2	34	0.217583333333333	2024-04-15
E5	0	0.0269467431681679	0	-0.302766835292486	0.782154583817052	2.25202360934746	2.2165	0.0049427458173182	questionable fit	23G4A09	2	34	0.0595833333333333	2024-04-15
E6	0	0.00857972254159381	0	7.82462483180143	4.65155646747381	1.38570645978083	1.389	0.00164999524101458		18G4A01	2	34	0.0365833333333333	2024-04-15
E7	0	0.00551234799777711	0	16.5942039512988	6.07193533449267	1.2823831233068	1.2795	0.00214276864416849		23G3B11	2	34	0.0445833333333333	2024-04-15
E8	0	0.019860667125583	0	-2.32184263835811	1.49371897446135	1.26107447848967	1.263	0.00153943950214145	questionable fit	18G3A05	2	34	0.0285833333333333	2024-04-15
E9	0	0	0	0	0	0	0	0	cannot fit data	23G3A05	2	34	0.0635833333333333	2024-04-15
F1	0	0.0290444566467866	0	7.69644909242452	18.9664804756601	2.0637366448196	2.067	0.00734123553511038		26G2A07	3	34	0.0605833333333333	2024-04-15
F10	0.0145833333333333	0.00206946725342718	0.040671683013401	406.743462861008	17.0425005606864	0.307555486260549	0.3085	0.00113344138557032		18G1A02	3	34	0.0145833333333333	2024-04-15
F11	0.160429857407485	0.040955661230968	0.154794591184597	6.91632931191186	4.47785142397738	6.28735209412342	6.3315	0.00804846424770043		23G1B05	3	34	0.171583333333333	2024-04-15
F12	0.0705833333333333	0.0157774297541772	0.0298547613920927	561.305187487295	23.2173076668277	1.68655412904036	1.6565	0.00853093286951038		04D05	3	34	0.0705833333333333	2024-04-15
F13	0	0.000000167605000622471	0	5.18887214924339	0.275243869889054	3.39495775266651	3.3225	0.0131491087544385		23G1A10	3	34	0.103583333333333	2024-04-15
F14	0.148934418230691	0.0290691148443145	0.0552853632689075	25.6250893870878	12.5376255047558	3.43395589534979	3.432	0.00446089464526506		37G1B08	3	34	0.115583333333333	2024-04-15
F15	0	0.0209327152458628	0	14.7958740748101	15.7812816601584	1.73315931996404	1.7365	0.00143574305348223		23G1A09	3	34	0.0485833333333333	2024-04-15
F16	0.115252323364272	0.0248026627924705	0.28398819108694	4.55597268375779	2.44076057496259	4.90868073365351	4.909	0.00488626128658702		36G2A02	3	34	0.121583333333333	2024-04-15
F17	0	0.0283500012178124	0	-0.061278856701367	1.3337936720507	2.6062030825808	2.589	0.00304310219026505	questionable fit	23G1A04	3	34	0.0625833333333333	2024-04-15
F18	0	0.0238829422640842	0	2.25037499258379	3.69792923083691	2.59643325309488	2.588	0.00484169184130575		35G4A09	3	34	0.0715833333333333	2024-04-15
F19	0	0.026852909711615	0	0.14041683861798	1.23002353009249	2.61123189512985	2.601	0.00497846902622558		23G1A03	3	34	0.0625833333333333	2024-04-15
F2	0.291503258160267	0.0368971324126928	0.140193584143388	13.7779765192808	4.94421470707964	9.71151469966755	9.68	0.0164673124883148		23D03	3	34	0.296583333333333	2024-04-15
F20	0	0.00433984868268867	0	4.66608806072077	1.4668027281982	1.88414896373871	1.836	0.00776866558890656		35G4A08	3	34	0.0555833333333333	2024-04-15
F21	0	0.00000656120598458838	0	4.70201343221472	0.344771688702877	3.62198873206487	3.5575	0.0148958349328067		23G1A02	3	34	0.108583333333333	2024-04-15
F22	0	0.0223215529140983	0	2.32450913247752	5.77819628195831	2.12539347761461	2.1095	0.00286687186027432		35G4A06	3	34	0.0595833333333333	2024-04-15
F23	0	0.0164365712381521	0	-2.54591067248265	1.28949075499637	0.98103493821199	0.934	0.0037817247582141	questionable fit	23G1A01	3	34	0.0255833333333333	2024-04-15
F24	0	0	0	0	0	0	0	0	cannot fit data	35G3B03	3	34	0.0285833333333333	2024-04-15
F3	0	0.0187960857871417	0	1.46915811524977	1.65860678933836	2.43524245305125	2.439	0.00440163399068369		23G4A10	3	34	0.0575833333333333	2024-04-15
F4	0.249484018789017	0.0621671203200469	0.0703219404950809	15.6846578927803	9.85676981721561	7.39338375120488	7.4695	0.0243828170106358		23D01	3	34	0.235583333333333	2024-04-15
F5	0.0535833333333333	0.0396055356512006	0.0022692004701793	4524.57377186388	305.458768261746	2.00845892157387	1.9975	0.00702387649632096		23G4A09	3	34	0.0535833333333333	2024-04-15
F6	0	0.00815370918031804	0	8.21316616546101	4.52757904109936	1.40545368027052	1.4075	0.0014333685927562		18G4A01	3	34	0.0375833333333333	2024-04-15
F7	0	0.00580354117575366	0	16.4781981643264	5.89875719221596	1.40800871590614	1.405	0.00221912641580461		23G3B11	3	34	0.0485833333333333	2024-04-15
F8	0.0275833333333333	0.0235175025635875	0.0034936007010219	2711.49051503041	198.404809215087	1.22900081217614	1.2305	0.00162640710297619		18G3A05	3	34	0.0275833333333333	2024-04-15
F9	0	0	0	0	0	0	0	0	cannot fit data	23G3A05	3	34	0.0625833333333333	2024-04-15
G1	0.256347894357646	0.0213442287788331	0.0675054812943069	35.5351843718842	10.2680133119561	4.22633568303914	4.3875	0.0209904041887692		35G3A04	1	34	0.192583333333333	2024-04-15
G10	0.0545833333333333	0.0240064892272158	0.0166527497962249	941.33305547366	41.6235870376843	1.76458870360545	1.7545	0.00403862955032554		23G3B12	1	34	0.0545833333333333	2024-04-15
G11	0.109290058584165	0.0275359162880216	0.266007609741518	4.09095544472557	2.60574192307311	4.67955940164241	4.6825	0.00118919488278774		32G2B05	1	34	0.112583333333333	2024-04-15
G12	0.0455833333333333	0.00783484256055129	0.0268950919150156	625.404337040408	25.7722555011221	0.767981366576705	0.709	0.00575823361612963		23G3B04	1	34	0.0455833333333333	2024-04-15
G13	0.160897119910531	0.0253111715182876	0.225207200781198	7.45251430073136	3.07781979508452	6.40176776776256	6.3965	0.00581157985458813		30G4B06	1	34	0.169583333333333	2024-04-15
G14	0.0995833333333333	0.0340045726176622	0.0194988371260761	829.126294215847	35.5481291565325	2.70242522145767	2.6835	0.00928244378157415		23D08	1	34	0.0995833333333333	2024-04-15
G15	0	0.00589938068284696	0	-24.2501454708008	12.8832567111044	0.329355177217047	0.3295	0.000615758432885093	questionable fit	28G4B03	1	34	0.00758333333333333	2024-04-15
G16	0.0635833333333333	0.0265435030919822	0.0177619166356585	826.187998512797	39.0243460082679	2.01097909853061	2.0095	0.00410324322544081		19G3B04	1	34	0.0635833333333333	2024-04-15
G17	0	0.000954973530699168	0	8.07727788101235	2.63716293627684	0.352869169647207	0.35	0.00117581319633038		28G4B01	1	34	0.00958333333333333	2024-04-15
G18	0.217064153638753	0.0246969709141465	0.312487029346409	6.56899378818508	2.21816304507011	8.90928518692157	8.9775	0.0119421084597543		12G1A05	1	34	0.240583333333333	2024-04-15
G19	0	0	0	0	0	0	0	0	cannot fit data	28G3A07	1	34	0.000583333333333338	2024-04-15
G2	0.0145833333333333	0.00589744691893932	0.00909469726301874	1526.78168740757	76.2144313894263	0.354930127867716	0.34	0.00193083139317273		26G3A08	1	34	0.0145833333333333	2024-04-15
G20	0.222588459865853	0.0464947794684958	0.231347902227666	5.75616238053744	2.9961247708995	9.17760863443809	9.2545	0.00989812664574625		09D09	1	34	0.248583333333333	2024-04-15
G21	0.190343927378457	0.0378229833080291	0.1816419512065	7.67655805086133	3.81600822913391	7.44386930525857	7.454	0.00811755384554105		28D04	1	34	0.204583333333333	2024-04-15
G22	0.249415608011617	0.0240300853656407	0.347702203780083	6.43799706586218	1.99350816021388	10.293541639704	10.374	0.0120032171364471		08G1A03	1	34	0.270583333333333	2024-04-15
G23	0.225467917847219	0.00000463938964834678	0.349092590029312	30.9125145351818	1.98556830009409	3.85432213848407	3.9365	0.00619431398264039		28D03	1	34	0.232583333333333	2024-04-15
G24	0.11471222587988	0.0231804608419292	0.131482667525301	10.4453033851565	5.27177607213182	4.11726872907511	4.094	0.0114494257518241		02G3A08	1	34	0.142583333333333	2024-04-15
G3	0.28651610130541	0.0715978072596192	0.102842210209281	10.6881549641535	6.7399094121899	9.94878193877121	10.092	0.0431134176838158		33G4B03	1	34	0.303583333333333	2024-04-15
G4	0.264735652547503	0.0451336596032314	0.208053054658121	7.60473566093764	3.33158857820639	10.4565128292335	10.6205	0.0333602134041163		25G3B04	1	34	0.305583333333333	2024-04-15
G5	0.347568822451607	0.0447398308081586	0.0410679054514531	46.5644416670776	16.8780748114686	4.95325506346401	5.061	0.020451521451847		33D06	1	34	0.198583333333333	2024-04-15
G6	0	0.018010118344036	0	5.18023710213174	4.88489786690283	2.22707530513289	2.229	0.00229507849762257		24G4A05	1	34	0.0585833333333333	2024-04-15
G7	0.128885305882722	0.0220901547226448	0.181422660887006	8.68568730646343	3.82062073817587	4.93403908922267	4.937	0.00134393911824802		32G4A01	1	34	0.130583333333333	2024-04-15
G8	0	0.00560393941566135	0	8.68369753840913	4.00269094493088	1.17595692743067	1.176	0.00175694682157097		24G2B09	1	34	0.0315833333333333	2024-04-15
G9	0.0215833333333333	0.00691422352255171	0.0248011112636899	717.610205233565	27.9482307542706	0.638023670131317	0.64	0.00203763258991299		32G2B08	1	34	0.0215833333333333	2024-04-15
H1	0.309994774824996	0.0262080640733924	0.0462048220493141	51.5564324111524	15.0016199568987	3.52917064292389	3.602	0.0292915669385843		35G3A04	2	34	0.193583333333333	2024-04-15
H10	0.0465833333333333	0.0231347013680841	0.0129211882857012	1186.99089608944	53.6442287840504	1.5385873436686	1.5215	0.00548537677454552		23G3B12	2	34	0.0465833333333333	2024-04-15
H11	0.112295627356049	0.0306466097738477	0.242674591346627	4.03794948844179	2.85628246745404	4.78927868547904	4.7935	0.00176003081773028		32G2B05	2	34	0.116583333333333	2024-04-15
H12	0	0.00968960348593935	0	-9.60317556929557	18.0340319113236	0.606784015780666	0.608	0.00220083120497827	questionable fit	23G3B04	2	34	0.0155833333333333	2024-04-15
H13	0.260222711174689	0.0473043918105752	0.081629486804142	18.4284568308432	8.49138231412688	7.32876698623182	7.379	0.016085106065444		30G4B06	2	34	0.243583333333333	2024-04-15
H14	0	0.0201568723443099	0	2.32095026878297	2.56990536678377	2.55077103836954	2.5385	0.00721288464305405		23D08	2	34	0.0815833333333333	2024-04-15
H15	0	0.00113497949893224	0	5.01900009767097	3.53786998911361	0.172438110997902	0.169	0.000786272391773928		28G4B03	2	34	0.00558333333333333	2024-04-15
H16	0.123346930545621	0.0230363421276271	0.0249122391405837	59.0552373541928	27.8235600039164	1.77336093151437	1.7745	0.00238970153406291		19G3B04	2	34	0.0545833333333333	2024-04-15
H17	0	0.0000716916592369278	0	9.02595681856876	1.31286811667475	0.330619109841958	0.3295	0.00140274842879634		28G4B01	2	34	0.00958333333333333	2024-04-15
H18	0.247355243930927	0.020620172924611	0.343405676573936	6.98157469886616	2.01844997868202	10.0834258295582	10.1685	0.0115924372858821		12G1A05	2	34	0.272583333333333	2024-04-15
H19	0	0	0	0	0	0	0	0	cannot fit data	28G3A07	2	34	0.00258333333333334	2024-04-15
H2	0	0.00441499924263532	0	-0.939521225220767	2.54324021131131	0.359490332500285	0.3545	0.00117577203559975	questionable fit	26G3A08	2	34	0.00958333333333333	2024-04-15
H20	0.218828609198714	0.0451863555559672	0.246715499896157	5.45649542367766	2.80949993353353	9.10461229985068	9.1375	0.0091377071185616		09D09	2	34	0.238583333333333	2024-04-15
H21	0.188563868365027	0.0375857978808592	0.197783450528154	7.03045846790908	3.50457623582251	7.51372402260298	7.547	0.0119534852738981		28D04	2	34	0.224583333333333	2024-04-15
H22	0.239404381630381	0.0204214000971616	0.360339688475855	6.58381720747547	1.92359377200935	9.85597920724484	9.912	0.0108234374273208		08G1A03	2	34	0.255583333333333	2024-04-15
H23	0.223312291597241	0.0000100715569796649	0.31908001662399	31.3606792903544	2.17233027594067	3.71918592362602	3.797	0.00659119969054812		28D03	2	34	0.228583333333333	2024-04-15
H24	0.097911184201823	0.0149272140534518	0.255389226010435	6.71704711915041	2.71408152719655	3.97865671278322	3.9765	0.0110555064515249		02G3A08	2	34	0.129583333333333	2024-04-15
H3	0.227205594910202	0.0176328296347185	0.485379102245087	5.09974267792522	1.42805320079468	9.70936341449318	9.932	0.0385807173414801		33G4B03	2	34	0.286583333333333	2024-04-15
H4	0.282332754183873	0.0222215120684444	0.33090946838425	7.43420420706824	2.0946731562092	11.3831111742837	11.5885	0.0346120968734907		25G3B04	2	34	0.332583333333333	2024-04-15
H5	0.231168347149911	0.0507522563033817	0.0507908949603045	24.9712024942348	13.6470755457582	5.42597560108641	5.55	0.0209217056681466		33D06	2	34	0.190583333333333	2024-04-15
H6	0	0.0150762849250921	0	5.82682944127876	4.46168685363238	2.09389168229047	2.096	0.00219223227852626		24G4A05	2	34	0.0555833333333333	2024-04-15
H7	0.131797536239979	0.0198563013994717	0.211731690115059	8.16813315060442	3.27370541548729	5.14823161554283	5.1465	0.00161324773334604		32G4A01	2	34	0.132583333333333	2024-04-15
H8	0	0.00386178887383673	0	8.3662150094089	3.11420634884135	1.11972715556381	1.1175	0.00189214369258375		24G2B09	2	34	0.0295833333333333	2024-04-15
H9	0.0235833333333333	0.0064975565764455	0.0273751651105579	632.661135663858	25.3202922342418	0.645849068689332	0.6445	0.00197911828303755		32G2B08	2	34	0.0235833333333333	2024-04-15
I1	0	0.028271522025417	0	7.05883858278457	10.0264215159442	2.59006534996724	2.758	0.0199454579328714		35G3A04	3	34	0.100583333333333	2024-04-15
I10	0.0415833333333333	0.0211676380839361	0.0125091176702051	1276.48928676529	55.4113566467539	1.39251996965873	1.3715	0.00442930841013519		23G3B12	3	34	0.0415833333333333	2024-04-15
I11	0.107390332250784	0.0260335788072988	0.282234076895643	4.03727523809761	2.45593015621653	4.61553609953872	4.677	0.0104025288805227		32G2B05	3	34	0.121583333333333	2024-04-15
I12	0	0.00736073173749789	0	-1.87137011219107	8.51194283209573	0.555421930426755	0.5585	0.00188548139222887	questionable fit	23G3B04	3	34	0.0155833333333333	2024-04-15
I13	0.202521953090863	0.041678485765906	0.127483986170939	10.593068299551	5.43713137139065	7.22311479316086	7.273	0.0113202524489782		30G4B06	3	34	0.209583333333333	2024-04-15
I14	0	0.0196389641545023	0	0.324074191320991	1.54321256822516	1.96057005476458	1.954	0.00381924329060991		23D08	3	34	0.0535833333333333	2024-04-15
I15	0	0.000550443127993683	0	8.26590786502504	3.4900946279915	0.131789635000063	0.133	0.000467397981190427		28G4B03	3	34	0.00358333333333334	2024-04-15
I16	0.0525833333333333	0.0235783463139305	0.0155619624515544	1026.76321795966	44.5411163738356	1.68270588572024	1.668	0.00331017168347321		19G3B04	3	34	0.0525833333333333	2024-04-15
I17	0	0	0	0	0	0	0	0	cannot fit data	28G4B01	3	34	0.00858333333333333	2024-04-15
I18	0.211925261538365	0.0192557598127535	0.367952823430912	6.2594058831459	1.88379361815141	8.79102222790452	8.849	0.00888614844164388		12G1A05	3	34	0.231583333333333	2024-04-15
I19	0	0	0	0	0	0	0	0	cannot fit data	28G3A07	3	34	0.00258333333333334	2024-04-15
I2	0	0.00376429843575331	0	-0.314771544399343	1.41461463608649	0.326716143099897	0.315	0.0011497335283993	questionable fit	26G3A08	3	34	0.00858333333333333	2024-04-15
I20	0.221059855956395	0.0512832016938468	0.160788739731786	7.44530077548293	4.31091867326153	8.6041486548822	8.6505	0.0118110571863387		09D09	3	34	0.240583333333333	2024-04-15
I21	0.19807739277772	0.0284629647929305	0.253325680840245	7.0459655855535	2.73618994434704	7.99079533862317	8.0245	0.0105736869148109		28D04	3	34	0.217583333333333	2024-04-15
I22	0.229506626818201	0.024309737751873	0.339726586668621	6.2788519821137	2.04030890651505	9.49964309701363	9.5735	0.0149259668393594		08G1A03	3	34	0.256583333333333	2024-04-15
I23	0.257923070678759	0.000103604358844546	0.217666971785178	35.9238492140701	3.18443893841659	3.19682627224101	3.296	0.0089207761839483		28D03	3	34	0.233583333333333	2024-04-15
I24	0	0.0123754846928616	0	5.41289356735869	2.27929535563245	3.21621440473034	3.208	0.00646657151471914		02G3A08	3	34	0.0955833333333333	2024-04-15
I3	0.220651206806789	0.015787746962434	0.530436960476806	4.8320719863137	1.30674751611743	9.49417325931482	9.742	0.0409156124308057		33G4B03	3	34	0.301583333333333	2024-04-15
I4	0.252832254630663	0.0208874413523738	0.343486707522949	7.00857218259829	2.01797381202483	10.3004862384897	10.528	0.0380545103559956		25G3B04	3	34	0.318583333333333	2024-04-15
I5	0.565735896614581	0.0457836723142113	0.040305844818121	60.2842941043483	17.1971877450467	5.49552241014591	5.636	0.0249195090563396		33D06	3	34	0.231583333333333	2024-04-15
I6	0	0.014331493354268	0	6.37488805630331	5.03994617724737	1.90786755540243	1.9075	0.00244116950473506		24G4A05	3	34	0.0515833333333333	2024-04-15
I7	0.142305229532558	0.0204130132262309	0.204353035140762	8.74449738115325	3.39191037746267	5.47866797842427	5.4665	0.00234398987997632		32G4A01	3	34	0.142583333333333	2024-04-15
I8	0	0.00374210998213934	0	8.11719413416146	3.11465357310972	1.0398473619744	1.0375	0.00196797699807307		24G2B09	3	34	0.0275833333333333	2024-04-15
I9	0.0175833333333333	0.00631718283616649	0.021344766390531	717.31676643192	32.4738705440898	0.528535368823039	0.5255	0.00197859594662487		32G2B08	3	34	0.0175833333333333	2024-04-15
J1	0	0.00613598083128814	0	7.77735266387597	2.82506316975833	1.88377689327384	1.8815	0.00199164321868979		35G4A07	1	34	0.0495833333333333	2024-04-15
J10	0.0894697799213023	0.0186463249727179	0.290626355325665	4.59194815506279	2.38501143429759	3.81176166651557	3.7925	0.00782831556513132		30G1B03	1	34	0.104583333333333	2024-04-15
J11	0.163291616156246	0.0378312881552937	0.22142392806001	5.41428886359601	3.13040775056655	6.75959228531324	6.798	0.0100966964275602		36G4B04	1	34	0.191583333333333	2024-04-15
J12	0.154072048868532	0.0411779017911665	0.174187909308332	5.79000508126443	3.97930707884551	6.22888941080793	6.2405	0.0157155346074449		33G2A09	1	34	0.192583333333333	2024-04-15
J13	0.163609676789532	0.0326700629966688	0.230880802851337	6.01296029155657	3.0021862883345	6.71168365968771	6.76	0.0105858791815283		37G4A03	1	34	0.189583333333333	2024-04-15
J14	0	0.0218847558911429	0	0.563954685831671	3.38309581525956	2.05899701927427	2.0625	0.00357844378348372		33G1B11	1	34	0.0485833333333333	2024-04-15
J15	0.209150284440375	0.0379582819164236	0.173600487517614	8.67680763791144	3.99277208532963	7.98448496640083	8.001	0.01387587389779		39G1A08	1	34	0.236583333333333	2024-04-15
J16	0.231904801460452	0.0380919308944285	0.198026922979758	8.21550227719542	3.50026738854492	9.01652874298495	9.0785	0.0109241969196176		32G3B09	1	34	0.248583333333333	2024-04-15
J17	0.187208270663441	0.0555829921968233	0.144279503451783	5.97508174558922	4.80419715882643	7.41335315022301	7.422	0.0133649065723586		39G1A09	1	34	0.211583333333333	2024-04-15
J18	0.178458036636975	0.049890488359466	0.0625539846888246	15.1329138808533	11.0807838063077	5.27348227507136	5.307	0.0141994339698713		30G3A10	1	34	0.170583333333333	2024-04-15
J19	0.216697595415968	0.0350232312222731	0.293375346801899	5.61125637937243	2.36266335299125	9.05532987134509	9.1095	0.0102244286153637		39G3A10	1	34	0.241583333333333	2024-04-15
J2	0.246377118346126	0.0351944518188797	0.150298234131953	11.9218634606489	4.6118118723298	8.64337605691363	8.6475	0.0164675202644006		35D01	1	34	0.269583333333333	2024-04-15
J20	0	0.0058756354637365	0	7.13771749578658	3.10225562216777	1.39432694784098	1.391	0.000886550816861666		33G3A09	1	34	0.0345833333333333	2024-04-15
J21	0	0.0207161249345449	0	0.918667706070231	1.83676481078885	2.28395894819065	2.287	0.00289020432630391		39G3B09	1	34	0.0525833333333333	2024-04-15
J22	0	0.0131768912287761	0	12.759463025206	6.5356684256981	2.13654185213293	2.1305	0.000998007041922773		33G4B08	1	34	0.0625833333333333	2024-04-15
J23	0.227661100424346	0.0301836435748444	0.172141271944759	10.911527723092	4.02661821147912	8.25772482670221	8.2835	0.0123723460285662		54.4B	1	34	0.252583333333333	2024-04-15
J24	0.259968088583603	0.0196518612634086	0.155416607788455	16.110141965517	4.45992992913229	8.17059835347073	8.076	0.0155600142207633		35D06	1	34	0.301583333333333	2024-04-15
J3	0	0.00948956249640738	0	2.47396743761438	1.42023172529602	1.85497876186131	1.809	0.00680863691958825		35G4B10	1	34	0.0525833333333333	2024-04-15
J4	0	0.0106673283730616	0	7.7657822164701	4.57685719180084	1.74084601952583	1.7375	0.00151324753856225		28G4B05	1	34	0.0475833333333333	2024-04-15
J5	0.19190826157555	0.0605951855004483	0.0987792775147343	7.8292628006207	7.01713150773504	7.00833048705184	7.127	0.0256604730509865		36G2A07	1	34	0.218583333333333	2024-04-15
J6	0	0.012791967084061	0	0.107672700592669	0.822184433096482	1.26286385785477	1.1965	0.00562740097167464		28G4B10	1	34	0.0405833333333333	2024-04-15
J7	0.198871331632784	0.0472570270417999	0.125356085886768	9.29941657501061	5.52942584044983	7.27835772378087	7.36	0.0164920612613456		36G3B02	1	34	0.232583333333333	2024-04-15
J8	0.220433306725279	0.0307337189040094	0.0502050705541133	36.2529381307219	13.8063182246271	3.86701203653741	3.871	0.0167062912029821		30D10	1	34	0.154583333333333	2024-04-15
J9	0.172462135163455	0.0363141447820254	0.17607755679832	7.50541496556974	3.93660153607129	6.75298592084919	6.82	0.0128480060740555		36G3B05	1	34	0.206583333333333	2024-04-15
K1	0	0.00611419130239097	0	7.90371010953165	2.91253170460452	1.82583366242389	1.8165	0.00173131352334909		35G4A07	2	34	0.0485833333333333	2024-04-15
K10	0.0893922251645497	0.017055702539601	0.293282384304423	4.92646208978854	2.36341225267886	3.78591302267941	3.769	0.00692038650292877		30G1B03	2	34	0.103583333333333	2024-04-15
K11	0.172966192812248	0.0363952855512988	0.257843923673693	5.1287021993286	2.68824322359109	7.25681367886213	7.318	0.0102010699366193		36G4B04	2	34	0.197583333333333	2024-04-15
K12	0.177535506024679	0.0533072641803279	0.0809647852066605	10.4495790496442	8.56109453993739	5.98604379632997	6.0615	0.0193824280689427		33G2A09	2	34	0.204583333333333	2024-04-15
K13	0.147518624492589	0.0315616028255719	0.284559376045812	4.57295892464293	2.43586133126871	6.28150008904852	6.3405	0.0148732655214555		37G4A03	2	34	0.178583333333333	2024-04-15
K14	0	0.0234064831698976	0	0.437715883784295	3.83766753882084	2.14158152085189	2.143	0.00279047560513339		33G1B11	2	34	0.0505833333333333	2024-04-15
K15	0.206511864249287	0.038056974445042	0.178391044788391	8.33889187128803	3.88554919548884	7.95566944535278	7.9675	0.0162110042608642		39G1A08	2	34	0.236583333333333	2024-04-15
K16	0.233512923691312	0.0367020066891096	0.200863568815895	8.36095880307678	3.45083573216437	9.05784524066282	9.1285	0.0144530452704371		32G3B09	2	34	0.254583333333333	2024-04-15
K17	0.183003605534985	0.0488042097424117	0.230602619450978	4.38637752811752	3.00580792278162	7.73532956274257	7.807	0.0204741030802897		39G1A09	2	34	0.221583333333333	2024-04-15
K18	0.159583333333333	0.0501800185522646	0.0217682111314503	713.586918061737	31.8421746451411	4.24857139863544	4.263	0.0167731581170689		30G3A10	2	34	0.159583333333333	2024-04-15
K19	0.222309213425009	0.0370776534306293	0.283944585996172	5.66516265015481	2.44113540016322	9.26857339271933	9.334	0.0149114936259649		39G3A10	2	34	0.254583333333333	2024-04-15
K2	0.204262426114265	0.0218881027321665	0.225665418063518	9.39496215248813	3.0715702321959	7.78311343455523	7.802	0.0186078897483859		35D01	2	34	0.238583333333333	2024-04-15
K20	0	0.00512806634191631	0	7.13193919473406	2.88478924690998	1.34937247370227	1.3465	0.000971759382658103		33G3A09	2	34	0.0335833333333333	2024-04-15
K21	0	0.0224655714077843	0	0.882411850840068	1.56005799651555	2.56044007224914	2.562	0.00216039083772681		39G3B09	2	34	0.0575833333333333	2024-04-15
K22	0	0.0132585909468806	0	12.7833426523228	6.82628406068416	2.04667004893555	2.0425	0.000953288636627469		33G4B08	2	34	0.0595833333333333	2024-04-15
K23	0.225861234571542	0.0301848667431206	0.161247875508319	11.5916033406039	4.29864380150662	8.02624702776175	8.056	0.0137200935288779		54.4B	2	34	0.241583333333333	2024-04-15
K24	0.221649259834603	0.0157422383328399	0.179120797223276	14.3538735606563	3.86971915771416	7.36945857265939	7.1865	0.0241043205754836		35D06	2	34	0.294583333333333	2024-04-15
K3	0	0.00930423774357153	0	2.73692958126464	1.48470643719669	1.90994952382303	1.8615	0.00740989839874501		35G4B10	2	34	0.0545833333333333	2024-04-15
K4	0	0.010952400003986	0	8.92903524777473	4.76181670231347	1.91419903181596	1.9095	0.00141980234662361		28G4B05	2	34	0.0525833333333333	2024-04-15
K5	0.179154909287669	0.0290451943467048	0.368747193453715	4.45430757488814	1.87973547423609	7.71548578727612	7.919	0.0263365355502696		36G2A07	2	34	0.233583333333333	2024-04-15
K6	0	0.00913139080758187	0	1.16220970715764	0.875883087406242	1.48703888361488	1.4535	0.0038471425305665		28G4B10	2	34	0.0405833333333333	2024-04-15
K7	0.200707617704012	0.043403982038669	0.166212254484764	7.74688206827702	4.17025316640226	7.7863645961119	7.922	0.0189675458746381		36G3B02	2	34	0.231583333333333	2024-04-15
K8	0.145135752317245	0.0306698267293173	0.0823170137586167	15.9990966248452	8.42046071535714	4.34813472602526	4.3535	0.0207294937369581		30D10	2	34	0.156583333333333	2024-04-15
K9	0.195490249838073	0.0407062277294578	0.158502472420426	8.42668018278208	4.37310011620122	7.4505599489687	7.545	0.0147356756225577		36G3B05	2	34	0.221583333333333	2024-04-15
L1	0	0.00471924381669407	0	8.22672579567034	2.56671392184839	1.90037576983076	1.893	0.00238132067128767		35G4A07	3	34	0.0515833333333333	2024-04-15
L10	0.0923331732431057	0.0189592531909626	0.242885134057281	5.57167262502329	2.85380652566606	3.83018270605052	3.8145	0.00602376036914254		30G1B03	3	34	0.102583333333333	2024-04-15
L11	0.179785847292671	0.0343893036580198	0.294621656427261	4.89345975112719	2.35266880569955	7.62039572275316	7.6785	0.00978403712027868		36G4B04	3	34	0.199583333333333	2024-04-15
L12	0.184763273748025	0.0491613154417996	0.112709225147714	9.00207390426163	6.14987087038817	6.71836180897212	6.808	0.0184725185570775		33G2A09	3	34	0.214583333333333	2024-04-15
L13	0.155032217631072	0.030280249760307	0.282225283059774	5.01667255597501	2.45600668035521	6.54443313668665	6.5825	0.0120544402181362		37G4A03	3	34	0.171583333333333	2024-04-15
L14	0	0.0175654588256432	0	5.30317642824581	4.02384707039023	2.49987930558495	2.4975	0.00245379781455526		33G1B11	3	34	0.0625833333333333	2024-04-15
L15	0.192102278427582	0.0344744586353728	0.181273476958722	8.38521988115946	3.8237650217179	7.40128871031848	7.421	0.0148521724483109		39G1A08	3	34	0.221583333333333	2024-04-15
L16	0.231195178928702	0.0356826005936759	0.220119362092751	7.72745072874978	3.14896051837492	9.13489497185961	9.213	0.0125419281573973		32G3B09	3	34	0.256583333333333	2024-04-15
L17	0.17781412865928	0.0406171788936787	0.301555088813317	4.03649756079437	2.29857563766417	7.66442223799683	7.7645	0.0228136537998187		39G1A09	3	34	0.221583333333333	2024-04-15
L18	0.103157015342224	0.0239429487186463	0.333912615217015	3.58321301339848	2.07583406248206	4.50031428300283	4.504	0.0155534798086243		30G3A10	3	34	0.151583333333333	2024-04-15
L19	0.215413246046363	0.0306290584711122	0.333839302246176	5.38354650514456	2.07628992720819	9.08118565231337	9.1515	0.0138837150270174		39G3A10	3	34	0.245583333333333	2024-04-15
L2	0.192727074282032	0.020021231622076	0.249548027012609	8.63479687683644	2.77761034161541	7.50207183949352	7.532	0.0196398422641402		35D01	3	34	0.229583333333333	2024-04-15
L20	0	0.00416833511533752	0	6.56658004379664	2.44100495891039	1.27154509915592	1.267	0.00178660591501752		33G3A09	3	34	0.0325833333333333	2024-04-15
L21	0	0.0178874184566078	0	2.76698226970004	2.69190825351412	2.37464537735128	2.3715	0.00195630791283768		39G3B09	3	34	0.0545833333333333	2024-04-15
L22	0	0.0108558242808265	0	11.7808760821229	5.32466576813828	2.12792962106512	2.126	0.000903917801802642		33G4B08	3	34	0.0605833333333333	2024-04-15
L23	0.215341699380205	0.028092049397464	0.14893681834924	12.7366501947401	4.65396795931677	7.39911482791293	7.4215	0.0112512796747793		54.4B	3	34	0.226583333333333	2024-04-15
L24	0.258019395999071	0.0219496047611623	0.15101445911971	15.7294762879289	4.58993916609324	8.18753377042466	8.073	0.0199366068969207		35D06	3	34	0.308583333333333	2024-04-15
L3	0	0.00922377709237024	0	3.24941993508876	1.67224982653458	1.97511892802436	1.941	0.00656356240003302		35G4B10	3	34	0.0545833333333333	2024-04-15
L4	0	0.0103509118336032	0	9.48760203625531	4.86307358527513	1.86005066336134	1.858	0.00179863031097394		28G4B05	3	34	0.0525833333333333	2024-04-15
L5	0.172468780513657	0.0219689824360234	0.387710181508396	4.96332122557867	1.78779720940843	7.36187215735145	7.5025	0.0241402091740952		36G2A07	3	34	0.213583333333333	2024-04-15
L6	0	0.00964665541384965	0	2.16111343038124	1.74475156330683	1.45683272847322	1.4445	0.00339175457838724		28G4B10	3	34	0.0365833333333333	2024-04-15
L7	0.193943713518642	0.0376845949949532	0.24552365047221	5.79277903618536	2.82313813446009	8.01518634773232	8.063	0.0125980096225375		36G3B02	3	34	0.211583333333333	2024-04-15
L8	0.136977879866781	0.0309752218612427	0.109240201476455	11.2621229420441	6.34516570998217	4.73329038367124	4.72	0.0137800613622404		30D10	3	34	0.148583333333333	2024-04-15
L9	0.190680123769075	0.0290937104601221	0.261590370680099	6.55420934115655	2.64974272087255	7.78222373219271	7.8595	0.0116170119094602		36G3B05	3	34	0.214583333333333	2024-04-15
A1	0.049	0.0210762139872609	0.0140633600710019	851.091101940098	49.2874517228061	1.44487605092755	1.4505	0.00720075467693469		35G4A05	1	40	0.049	2024-04-15
A10	0.194423541019832	0.0426539484874493	0.133785756865785	9.48713610059734	5.18102372627988	7.13625707870519	7.12	0.0153804144551355		28G2A06	1	40	0.202	2024-04-15
A11	0	0.0129999356022043	0	-0.773870809338713	0.901382538046262	0.956617766186416	0.9025	0.00599503195222343	questionable fit	35G1A07	1	40	0.028	2024-04-15
A12	0	0.0181853218284157	0	-2.85466511507756	2.01369934860751	1.17655865885599	1.1725	0.00382376415503094	questionable fit	28G2A04	1	40	0.033	2024-04-15
A13	0	0	0	0	0	0	0	0	cannot fit data	35D10	1	40	0.08	2024-04-15
A14	0	0	0	0	0	0	0	0	cannot fit data	28G1B05	1	40	0.035	2024-04-15
A15	0.033	0.00143934793711296	0.0582919359201135	282.933957312547	11.8909617534383	0.380553876579811	0.369	0.00514086150435462		28G4B02	1	40	0.033	2024-04-15
A16	0.0903814754189066	0.00275161505774977	0.0756053218729822	45.7763249042137	9.16796811902264	0.89636267996824	0.904	0.0246680624935388		28G1B03	1	40	0.124	2024-04-15
A17	0	0	0	0	0	0	0	0	cannot fit data	28G4A09	1	40	0.00699999999999999	2024-04-15
A18	0.032	0.00680036396172025	0.00910991716788347	1315.8375524268	76.0871002212401	0.409430795277855	0.3935	0.00768891187416645		28G1A07	1	40	0.032	2024-04-15
A19	0	0	0	0	0	0	0	0	cannot fit data	CONT	1	40	0.057	2024-04-15
A2	0.054	0.0170846506659657	0.0189784228165663	832.147832405588	36.5229074754777	1.33836608371624	1.3125	0.00767036205487252		28G2B04	1	40	0.054	2024-04-15
A20	0	0	0	0	0	0	0	0	cannot fit data	28G1A03	1	40	0.028	2024-04-15
A21	0.022	0.0119638129802199	0.00141340015954871	6592.28778442146	490.411137905392	0.594189173497022	0.5745	0.0031469790359486		28G4A04	1	40	0.022	2024-04-15
A22	0	0.00760312630557306	0	4.32912523984714	2.27381740927111	1.54657917730486	1.5295	0.00385550801935415		26G3A06	1	40	0.048	2024-04-15
A23	0.05	0.0200745222015109	0.00536576490810387	2033.52734853487	129.179565715429	1.09903807454172	1.0525	0.0100898439778443		28G3B02	1	40	0.05	2024-04-15
A24	0	0.0131896706641395	0	2.25738492025621	1.77037225790865	2.02362466037556	2.005	0.00530071068054381		26G3A01	1	40	0.051	2024-04-15
A3	0	0	0	0	0	0	0	0	cannot fit data	35G3A03	1	40	0.069	2024-04-15
A4	0	0.0086551554512028	0	29.4307603477409	11.8287770918374	1.18569784921544	1.233	0.0123098356042072		28G2A10	1	40	0.081	2024-04-15
A5	0	0.00760566794118368	0	25.3440848836504	11.9735633183671	0.941402522108986	1.0035	0.0114140495630661		35G2B04	1	40	0.065	2024-04-15
A6	0.086	0.0128406291305683	0.020017435370087	620.355501649127	34.6271721499222	1.03525783695479	1.079	0.0162147667423832		28G2A09	1	40	0.086	2024-04-15
A7	0	0	0	0	0	0	0	0	cannot fit data	35G2A08	1	40	0.022	2024-04-15
A8	0.014	0.0066181773123259	0.00146007185990047	6163.30687825604	474.734976816276	0.329067500483831	0.3125	0.00304944469078872		28G2A08	1	40	0.014	2024-04-15
A9	0	0	0	0	0	0	0	0	cannot fit data	35G1A08	1	40	0.016	2024-04-15
B1	0	0	0	0	0	0	0	0	cannot fit data	35G4A05	2	40	0.03	2024-04-15
B10	0.177129793176963	0.0311300068733562	0.257261121813918	6.00725419328007	2.69433319606417	7.30510461334148	7.295	0.0145830152268784		28G2A06	2	40	0.191	2024-04-15
B11	0	0.0228851846452529	0	-25.5538338720062	8.55307387748751	0.992619761961502	0.9035	0.0055963482504759	questionable fit (k < n0)	35G1A07	2	40	0.029	2024-04-15
B12	0	0.0231696116191947	0	-5.62878330426716	2.63052664333289	1.34243801565648	1.331	0.00348758139234227	questionable fit	28G2A04	2	40	0.032	2024-04-15
B13	0	0	0	0	0	0	0	0	cannot fit data	35D10	2	40	0.091	2024-04-15
B14	0	0	0	0	0	0	0	0	cannot fit data	28G1B05	2	40	0.035	2024-04-15
B15	0.014	0.00437637857467339	0.0212118893646436	728.729122774877	32.6772956734017	0.364794898390633	0.357	0.00189724376131749		28G4B02	2	40	0.014	2024-04-15
B16	0	0	0	0	0	0	0	0	cannot fit data	28G1B03	2	40	0.016	2024-04-15
B17	0	0.00598717973602395	0	-0.275966692070225	0.173438055021807	0.192403678370088	0.167	0.00156322925726861	questionable fit (k < n0)	28G4A09	2	40	0.00699999999999999	2024-04-15
B18	0	0	0	0	0	0	0	0	cannot fit data	28G1A07	2	40	0.024	2024-04-15
B19	0	0.0142425321790735	0	-41.305114366448	12.0929462332574	0.724983538236719	0.728	0.00229880776704812	questionable fit	CONT	2	40	0.021	2024-04-15
B2	0.046	0.0183129384972572	0.0083825943223566	1658.1408554806	82.688861455612	1.08217427969361	1.024	0.00709402241512697		28G2B04	2	40	0.046	2024-04-15
B20	0	0	0	0	0	0	0	0	cannot fit data	28G1A03	2	40	0.02	2024-04-15
B21	0	0.00295404861264242	0	16.0752348088476	3.34401110690229	2.72062528504609	2.7505	0.0110995264664015		28G4A04	2	40	0.099	2024-04-15
B22	0	0.00964648268852642	0	3.69147951415125	2.30457944948401	1.68788422100888	1.678	0.0021223479167628		26G3A06	2	40	0.043	2024-04-15
B23	0.054	0.024349837937727	0.00457342971647366	2293.85649367694	151.559600459848	1.30700333094093	1.278	0.00971580746862788		28G3B02	2	40	0.054	2024-04-15
B24	0	0.0132790047750644	0	1.95999526676713	1.43317089091611	2.15673414568604	2.1205	0.00525474366336581		26G3A01	2	40	0.056	2024-04-15
B3	0	0	0	0	0	0	0	0	cannot fit data	35G3A03	2	40	0.084	2024-04-15
B4	0	0.00917766611344378	0	26.8140396097688	9.87636031275748	1.53247320561478	1.6235	0.0230083560923055		28G2A10	2	40	0.132	2024-04-15
B5	0	0.00838631299092427	0	71.6641242056897	23.68480312334	0.759499593034075	0.829	0.0215466917642223		35G2B04	2	40	0.098	2024-04-15
B6	0.0893948202515708	0.0118296097318717	0.0403076567172998	46.6539976278088	17.1964147015882	1.28344457403957	1.3825	0.0315789329884578		28G2A09	2	40	0.152	2024-04-15
B7	0	0.0171809686463627	0	-28.4831137817777	9.56524834318612	0.747287695458673	0.719	0.00652812309794891	questionable fit (k < n0)	35G2A08	2	40	0.032	2024-04-15
B8	0	0	0	0	0	0	0	0	cannot fit data	28G2A08	2	40	0.015	2024-04-15
B9	0	0	0	0	0	0	0	0	cannot fit data	35G1A08	2	40	0.018	2024-04-15
C1	0.034	0.0219968650079175	0.00201607740045657	4805.02737707151	343.80980631149	1.10862282647189	1.074	0.00732491347468754		35G4A05	3	40	0.034	2024-04-15
C10	0.166875343489183	0.0260175783856492	0.358193268339172	4.71527069620653	1.9351206229359	7.14418901888597	7.152	0.0128522787793895		28G2A06	3	40	0.186	2024-04-15
C11	0	0.0214122040402634	0	-41.0430442198656	15.4899433222483	0.926273512359323	0.812	0.00501351549299268	questionable fit (k < n0)	35G1A07	3	40	0.026	2024-04-15
C12	0	0.0224471531305922	0	-8.39122597943645	4.14011899227924	1.30523946539029	1.2995	0.00368351184804126	questionable fit	28G2A04	3	40	0.033	2024-04-15
C13	0	0.000000402325378912695	0	8.14022615776485	0.478891083470564	2.09916083154993	2.07	0.0120700735691808		35D10	3	40	0.084	2024-04-15
C14	0	0	0	0	0	0	0	0	cannot fit data	28G1B05	3	40	0.063	2024-04-15
C15	0	0.00671034744343134	0	108.140695484476	31.6185783448841	0.5294814789595	0.525	0.0016933569402168		28G4B02	3	40	0.018	2024-04-15
C16	0	0	0	0	0	0	0	0	cannot fit data	28G1B03	3	40	0.02	2024-04-15
C17	0	0.012	0	-0.0271485938076729	0.0388055991983797	0.221580274059283	0.2285	0.0010688129466389	questionable fit (k < n0)	28G4A09	3	40	0.012	2024-04-15
C18	0	0	0	0	0	0	0	0	cannot fit data	28G1A07	3	40	0.023	2024-04-15
C19	0	0.0158361021265504	0	-20.5093767804909	16.3280526956963	0.921418724541803	0.9215	0.00255500607230857	questionable fit	CONT	3	40	0.024	2024-04-15
C2	0.033	0.0214041011483833	0.0039138539107061	3278.53840828186	177.100933344468	1.13024069615782	1.1055	0.00468301457435465		28G2B04	3	40	0.033	2024-04-15
C20	0	0	0	0	0	0	0	0	cannot fit data	28G1A03	3	40	0.025	2024-04-15
C21	0	0.00404008223744815	0	7.00308749827935	1.71298670212533	2.97258602411178	2.9445	0.0152515136127996		28G4A04	3	40	0.1	2024-04-15
C22	0	0.00939549335478226	0	3.434628427352	1.95762507462883	1.80135229254208	1.797	0.00227858575428518		26G3A06	3	40	0.044	2024-04-15
C23	0.052	0.0226651896590486	0.00430691096145958	2591.73550230604	160.93835855038	1.20854883922411	1.1745	0.0096063070362184		28G3B02	3	40	0.052	2024-04-15
C24	0	0.0127725482400161	0	1.75931086148005	1.39287081386556	1.97773123812094	1.936	0.00623738798528419		26G3A01	3	40	0.053	2024-04-15
C3	0	0	0	0	0	0	0	0	cannot fit data	35G3A03	3	40	0.115	2024-04-15
C4	0	0.0139955188741412	0	27.2579903441737	13.9276012962739	1.52117279870652	1.597	0.0195675798578933		28G2A10	3	40	0.115	2024-04-15
C5	0	0	0	0	0	0	0	0	cannot fit data	35G2B04	3	40	0.015	2024-04-15
C6	0.126	0.0169295546526362	0.0158256014581908	713.211408812319	43.7991050381973	1.21682198405718	1.277	0.0263085698479371		28G2A09	3	40	0.126	2024-04-15
C7	0	0	0	0	0	0	0	0	cannot fit data	35G2A08	3	40	0.023	2024-04-15
C8	0	0	0	0	0	0	0	0	cannot fit data	28G2A08	3	40	0.018	2024-04-15
C9	0	0	0	0	0	0	0	0	cannot fit data	35G1A08	3	40	0.019	2024-04-15
D1	0	0.0167632446449036	0	1.26050582787061	1.43750323298152	2.17945911438936	2.156	0.00344601989801898		26G2A07	1	40	0.057	2024-04-15
D10	0	0	0	0	0	0	0	0	cannot fit data	18G1A02	1	40	0.00399999999999999	2024-04-15
D11	0	0.0205344070961717	0	0.834895888017347	1.17624589256202	2.50875575099681	2.426	0.00929073562339519		23G1B05	1	40	0.068	2024-04-15
D12	0	0.013692423635255	0	-1.01600635409102	0.235974381492232	0.624229664606056	0.5725	0.00389393795000905	questionable fit (k < n0)	04D05	1	40	0.018	2024-04-15
D13	0	0	0	0	0	0	0	0	cannot fit data	23G1A10	1	40	0.078	2024-04-15
D14	0	0.0129312176496187	0	2.10154190894149	1.80892288842284	1.88105278120902	1.8665	0.00432235006772808		37G1B08	1	40	0.045	2024-04-15
D15	0	0.023	0	-0.450679181002661	0.332939477949567	0.675338350364612	0.6395	0.00181140661665873	questionable fit (k < n0)	23G1A09	1	40	0.023	2024-04-15
D16	0	0.0295970050635233	0	-26.5000479663319	6.29154380552153	1.35802807821196	1.176	0.00542234737355365	questionable fit (k < n0)	36G2A02	1	40	0.034	2024-04-15
D17	0	0	0	0	0	0	0	0	cannot fit data	23G1A04	1	40	0.029	2024-04-15
D18	0	0	0	0	0	0	0	0	cannot fit data	35G4A09	1	40	0.028	2024-04-15
D19	0	0.0264145042806418	0	-37.9892867840083	12.8708208288506	1.15893311638584	0.9955	0.0056442257112069	questionable fit (k < n0)	23G1A03	1	40	0.03	2024-04-15
D2	0	0	0	0	0	0	0	0	cannot fit data	23D03	1	40	0.035	2024-04-15
D20	0	0.0129905833322135	0	-0.422748114171666	0.113854860714043	0.576156343423798	0.5715	0.00279531858856339	questionable fit (k < n0)	35G4A08	1	40	0.017	2024-04-15
D21	0	0.000873932965688084	0	3.87588967392188	0.63684398910325	2.65744119384365	2.557	0.0150538545860067		23G1A02	1	40	0.082	2024-04-15
D22	0	0.0115672901111478	0	-0.31899007648114	1.2196301977864	0.995753278817626	0.964	0.00332908127865183	questionable fit	35G4A06	1	40	0.031	2024-04-15
D23	0.025	0.0142252718440388	0.00241177143918393	4281.03628332818	287.401687116124	0.723904833042733	0.711	0.00384949435747429		23G1A01	1	40	0.025	2024-04-15
D24	0	0	0	0	0	0	0	0	cannot fit data	35G3B03	1	40	0.002	2024-04-15
D3	0	0.0187503960465645	0	-19.2954087667009	4.15569441630696	0.868406234635788	0.7405	0.00383231203552641	questionable fit (k < n0)	23G4A10	1	40	0.021	2024-04-15
D4	0.075	0.0245986325283578	0.0010490091847669	7033.42932768971	660.76369075259	1.21094654437492	1.2385	0.0139601729155723		23D01	1	40	0.075	2024-04-15
D5	0	0.0210627422848077	0	-0.945152583702595	0.417750643630166	1.21881600486141	1.1395	0.00586229912418512	questionable fit	23G4A09	1	40	0.037	2024-04-15
D6	0	0.00621312545432895	0	4.66087113873673	3.72694076994554	0.870398240741178	0.8705	0.00139353927186719		18G4A01	1	40	0.023	2024-04-15
D7	0	0.00354691426354906	0	1.79105223456131	3.83673195956019	0.364968742761038	0.3545	0.00154115694094511		23G3B11	1	40	0.012	2024-04-15
D8	0	0	0	0	0	0	0	0	cannot fit data	18G3A05	1	40	0.02	2024-04-15
D9	0	0	0	0	0	0	0	0	cannot fit data	23G3A05	1	40	0.037	2024-04-15
E1	0	0.0183651781425939	0	1.68040624061183	1.86653573308817	2.37755862069962	2.369	0.00375439771131558		26G2A07	2	40	0.063	2024-04-15
E10	0	0	0	0	0	0	0	0	cannot fit data	18G1A02	2	40	0.00499999999999999	2024-04-15
E11	0	0.0211827601327787	0	0.760322419855389	0.986393908001794	2.67040259580189	2.5535	0.00994606047325248		23G1B05	2	40	0.074	2024-04-15
E12	0	0	0	0	0	0	0	0	cannot fit data	04D05	2	40	0.018	2024-04-15
E13	0	0	0	0	0	0	0	0	cannot fit data	23G1A10	2	40	0.082	2024-04-15
E14	0	0.0156740658970809	0	0.672517714193318	1.68771378839094	1.66966671228667	1.628	0.00575094756807591		37G1B08	2	40	0.045	2024-04-15
E15	0	0	0	0	0	0	0	0	cannot fit data	23G1A09	2	40	0.023	2024-04-15
E16	0	0	0	0	0	0	0	0	cannot fit data	36G2A02	2	40	0.026	2024-04-15
E17	0	0	0	0	0	0	0	0	cannot fit data	23G1A04	2	40	0.043	2024-04-15
E18	0	0	0	0	0	0	0	0	cannot fit data	35G4A09	2	40	0.027	2024-04-15
E19	0	0	0	0	0	0	0	0	cannot fit data	23G1A03	2	40	0.031	2024-04-15
E2	0	0	0	0	0	0	0	0	cannot fit data	23D03	2	40	0.038	2024-04-15
E20	0	0.0122092379916845	0	-4.88774522994556	2.04205708670353	0.690117106870458	0.681	0.00205921284672426	questionable fit	35G4A08	2	40	0.018	2024-04-15
E21	0	0.000501860593265114	0	3.62980163331325	0.521393696317199	2.79753240333152	2.675	0.0174561292843494		23G1A02	2	40	0.092	2024-04-15
E22	0	0.0134170684922375	0	-0.927283288098405	1.08802182658782	0.986325772820931	0.949	0.0034232744364114	questionable fit	35G4A06	2	40	0.026	2024-04-15
E23	0	0	0	0	0	0	0	0	cannot fit data	23G1A01	2	40	0.021	2024-04-15
E24	0	0	0	0	0	0	0	0	cannot fit data	35G3B03	2	40	0.001	2024-04-15
E3	0	0.0140000000813059	0	-0.0608355670893882	0.0344126325296309	0.869101827429999	0.8065	0.00456739653598436	questionable fit	23G4A10	2	40	0.024	2024-04-15
E4	0	0	0	0	0	0	0	0	cannot fit data	23D01	2	40	0.035	2024-04-15
E5	0	0.0206105515360826	0	-0.868110261240702	0.866802149400893	1.4677857158017	1.4215	0.00574532441622338	questionable fit	23G4A09	2	40	0.043	2024-04-15
E6	0	0.00542430574906394	0	5.80773926758843	3.75751540535231	0.863090347455922	0.86	0.000765046934504217		18G4A01	2	40	0.022	2024-04-15
E7	0	0.00329263705491121	0	1.87242825473674	2.77939073232711	0.377478495034255	0.3755	0.00108969533946834		23G3B11	2	40	0.01	2024-04-15
E8	0	0.019316697811762	0	-3.73525493351959	1.46939901953551	0.774389571951571	0.705	0.00253660570713229	questionable fit (k < n0)	18G3A05	2	40	0.021	2024-04-15
E9	0	0	0	0	0	0	0	0	cannot fit data	23G3A05	2	40	0.042	2024-04-15
F1	0	0.018966553719833	0	1.50758158062047	1.91423516686768	2.33867147907304	2.315	0.00545400327659832		26G2A07	3	40	0.069	2024-04-15
F10	0.003	0.000667144463176118	0.00902527491019627	1334.23739708574	76.8006722739121	0.040079496098795	0.036	0.000900831766260165		18G1A02	3	40	0.003	2024-04-15
F11	0	0.0224281892768803	0	0.564595711021525	1.04389974785522	2.56829153575306	2.462	0.00909242939189524		23G1B05	3	40	0.07	2024-04-15
F12	0	0.0130010176136915	0	-0.403940008901784	0.109113361185293	0.671836850221736	0.633	0.00418329997131534	questionable fit	04D05	3	40	0.02	2024-04-15
F13	0	0	0	0	0	0	0	0	cannot fit data	23G1A10	3	40	0.076	2024-04-15
F14	0	0.0210423076993672	0	-0.083532739473496	1.8163813030315	1.91484650951173	1.8695	0.00673562022647249	questionable fit	37G1B08	3	40	0.052	2024-04-15
F15	0	0.027	0	-0.303563589614401	0.223171470185326	0.79379942415467	0.792	0.00197411610946199	questionable fit (k < n0)	23G1A09	3	40	0.027	2024-04-15
F16	0	0	0	0	0	0	0	0	cannot fit data	36G2A02	3	40	0.029	2024-04-15
F17	0	0.031	0	-2.56127348303421	1.19304271706233	1.16257228098375	0.8995	0.00714997766991917	questionable fit (k < n0)	23G1A04	3	40	0.031	2024-04-15
F18	0	0	0	0	0	0	0	0	cannot fit data	35G4A09	3	40	0.028	2024-04-15
F19	0	0	0	0	0	0	0	0	cannot fit data	23G1A03	3	40	0.031	2024-04-15
F2	0	0.0190028279222571	0	-0.0529690437783888	0.120089766027245	1.58084448335785	1.4865	0.00545439420151084	questionable fit	23D03	3	40	0.042	2024-04-15
F20	0	0.0104190250896894	0	-2.18440265797237	1.96928148592828	0.715435320800092	0.702	0.00212821918461115	questionable fit	35G4A08	3	40	0.019	2024-04-15
F21	0	0.000991768350933627	0	3.67450613960213	0.616612660668802	2.7780623379249	2.6705	0.0156813662829018		23G1A02	3	40	0.087	2024-04-15
F22	0	0.0136871861512179	0	-0.292917016553843	0.932668363669478	1.16583256243344	1.115	0.00417048371359573	questionable fit	35G4A06	3	40	0.033	2024-04-15
F23	0	0	0	0	0	0	0	0	cannot fit data	23G1A01	3	40	0.021	2024-04-15
F24	0	0	0	0	0	0	0	0	cannot fit data	35G3B03	3	40	0.00599999999999999	2024-04-15
F3	0	0.0148889906755767	0	-0.326798662315031	0.254364865992299	1.00534976977249	0.8545	0.00530681268055113	questionable fit	23G4A10	3	40	0.026	2024-04-15
F4	0	0	0	0	0	0	0	0	cannot fit data	23D01	3	40	0.038	2024-04-15
F5	0	0.0210000001231908	0	-0.0415788616840615	0.035022536845575	1.45011074112631	1.3845	0.00658175086554829	questionable fit	23G4A09	3	40	0.045	2024-04-15
F6	0	0.00768733514202908	0	5.80120026054874	4.84382236710389	1.00484687398597	1.0015	0.00133691366033269		18G4A01	3	40	0.026	2024-04-15
F7	0	0.00222577401451566	0	3.30316948972573	3.12646674490205	0.294267455386067	0.292	0.00111939799117636		23G3B11	3	40	0.00899999999999999	2024-04-15
F8	0	0.0187330239693028	0	-7.80707480605692	2.27331800062071	0.821412390499098	0.767	0.00209937368024483	questionable fit (k < n0)	18G3A05	3	40	0.02	2024-04-15
F9	0	0.0299999907154473	0	-0.186943765257204	0.0380981129102205	1.39205451681618	1.3	0.0082990963368973	questionable fit (k < n0)	23G3A05	3	40	0.041	2024-04-15
G1	0	0.0200529616352637	0	30.0515383863977	18.3537527502286	1.76745105515853	1.764	0.0118260837121991		35G3A04	1	40	0.065	2024-04-15
G10	0	0.017615630999254	0	-6.3826125099054	2.31957915599855	0.728068430862503	0.595	0.00424617748641383	questionable fit (k < n0)	23G3B12	1	40	0.019	2024-04-15
G11	0	0	0	0	0	0	0	0	cannot fit data	32G2B05	1	40	0.037	2024-04-15
G12	0	0	0	0	0	0	0	0	cannot fit data	23G3B04	1	40	0.013	2024-04-15
G13	0	0.018932279459163	0	1.65305284827799	1.26700794254057	3.00421196302358	2.94	0.0132522839409701		30G4B06	1	40	0.092	2024-04-15
G14	0	0	0	0	0	0	0	0	cannot fit data	23D08	1	40	0.021	2024-04-15
G15	0	0	0	0	0	0	0	0	cannot fit data	28G4B03	1	40	0.003	2024-04-15
G16	0	0.017920342056706	0	-3.48286193651329	0.859339555826192	0.910621942772958	0.8375	0.00370062065429824	questionable fit	19G3B04	1	40	0.024	2024-04-15
G17	0	0	0	0	0	0	0	0	cannot fit data	28G4B01	1	40	0.003	2024-04-15
G18	0.107483938705867	0.0298005938882953	0.138049403348533	6.94036001818483	5.0210081590136	4.16312762145756	4.1365	0.00639235692410181		12G1A05	1	40	0.115	2024-04-15
G19	0	0	0	0	0	0	0	0	cannot fit data	28G3A07	1	40	0.003	2024-04-15
G2	0	0	0	0	0	0	0	0	cannot fit data	26G3A08	1	40	0.00699999999999999	2024-04-15
G20	0.130525381616077	0.0327238748203688	0.511687690626416	2.13965486283718	1.35462938283972	5.91231358697268	5.8105	0.0123946764624755		09D09	1	40	0.144	2024-04-15
G21	0	0.0228025333170307	0	2.57928898272976	2.40956879084076	3.11506050058914	3.12	0.0187107207576719		28D04	1	40	0.112	2024-04-15
G22	0.138902960850648	0.0179184480568402	0.355868365634906	5.3666802912714	1.94776284574579	5.86798600109201	5.859	0.0142844793221672		08G1A03	1	40	0.177	2024-04-15
G23	0	0	0	0	0	0	0	0	cannot fit data	28D03	1	40	0.003	2024-04-15
G24	0	0	0	0	0	0	0	0	cannot fit data	02G3A08	1	40	0.031	2024-04-15
G3	0.143708288489924	0.0237818604536167	0.391118579706752	4.13673861264337	1.77221747194839	6.2370437601004	6.2295	0.00718038572607284		33G4B03	1	40	0.153	2024-04-15
G4	0.102403963880455	0.0171615317906513	0.345463974828908	4.6396414694509	2.00642391410922	4.38590070830954	4.375	0.00552605480075081		25G3B04	1	40	0.112	2024-04-15
G5	0	0.0440704718515884	0	-25.8495554309433	21.3902842921491	1.56346576549096	1.3685	0.0127075855845949	questionable fit (k < n0)	33D06	1	40	0.057	2024-04-15
G6	0	0.0150151852266463	0	-0.602832527507295	0.153375872908598	0.767775090496599	0.713	0.00369140019465129	questionable fit	24G4A05	1	40	0.02	2024-04-15
G7	0	0.018396488330208	0	-5.55034624725514	1.12585259472006	0.911003832828132	0.856	0.00304457573484103	questionable fit	32G4A01	1	40	0.023	2024-04-15
G8	0	0.00948690492897777	0	-2.28762411003325	2.89592866319626	0.206432485354297	0.172	0.00142627422469767	questionable fit (k < n0)	24G2B09	1	40	0.01	2024-04-15
G9	0	0	0	0	0	0	0	0	cannot fit data	32G2B08	1	40	0.00499999999999999	2024-04-15
H1	0	0.0212332923322037	0	29.231451495391	18.8913419719563	1.81915684191309	1.813	0.0125516101438537		35G3A04	2	40	0.067	2024-04-15
H10	0	0.0173349924311706	0	-27.9755288585588	13.9906617065115	0.693355340047743	0.5845	0.00373246206649205	questionable fit (k < n0)	23G3B12	2	40	0.02	2024-04-15
H11	0	0	0	0	0	0	0	0	cannot fit data	32G2B05	2	40	0.045	2024-04-15
H12	0	0	0	0	0	0	0	0	cannot fit data	23G3B04	2	40	0.013	2024-04-15
H13	0	0.0208377513268986	0	1.03933248555633	0.84054610341291	3.25427941019017	3.0345	0.0153493143954156		30G4B06	2	40	0.095	2024-04-15
H14	0	0	0	0	0	0	0	0	cannot fit data	23D08	2	40	0.022	2024-04-15
H15	0	0	0	0	0	0	0	0	cannot fit data	28G4B03	2	40	0.038	2024-04-15
H16	0	0	0	0	0	0	0	0	cannot fit data	19G3B04	2	40	0.024	2024-04-15
H17	0	0.00251201443921879	0	4.87936576209057	22.1571192589648	0.166876385164343	0.1655	0.00102643426526666		28G4B01	2	40	0.00499999999999999	2024-04-15
H18	0.115489621133857	0.0304666891478253	0.112549551337172	9.11853550988548	6.15859567919055	4.1889681299479	4.159	0.00739057316961782		12G1A05	2	40	0.121	2024-04-15
H19	0	0	0	0	0	0	0	0	cannot fit data	28G3A07	2	40	0.003	2024-04-15
H2	0	0	0	0	0	0	0	0	cannot fit data	26G3A08	2	40	0.00799999999999999	2024-04-15
H20	0.126460579953076	0.0305482412535812	0.515437565200353	2.21972087112367	1.34477427986941	5.72156344190104	5.634	0.0101295031405874		09D09	2	40	0.144	2024-04-15
H21	0	0.0292074229793543	0	5.05789754387356	8.09515466564585	2.77647995758177	2.717	0.0178202980271544		28D04	2	40	0.109	2024-04-15
H22	0.122503381595647	0.0175361832106597	0.374994101833279	4.77175917666704	1.84842155428918	5.24513655252429	5.228	0.0134059273853797		08G1A03	2	40	0.148	2024-04-15
H23	0	0	0	0	0	0	0	0	cannot fit data	28D03	2	40	0.00399999999999999	2024-04-15
H24	0	0	0	0	0	0	0	0	cannot fit data	02G3A08	2	40	0.029	2024-04-15
H3	0.140286562751622	0.0242177016873845	0.40521107725129	3.86736664511126	1.71058300099258	6.12560814763624	6.1315	0.00560909602701329		33G4B03	2	40	0.15	2024-04-15
H4	0.0937834094100626	0.0188581189465533	0.352825732735705	3.90999813056001	1.96455960052995	4.07523809654483	4.0675	0.00460258698623121		25G3B04	2	40	0.098	2024-04-15
H5	0	0.0180692364894183	0	0.166873549383138	0.417038977221493	1.99065495125943	1.6525	0.0199669507732715		33D06	2	40	0.076	2024-04-15
H6	0	0	0	0	0	0	0	0	cannot fit data	24G4A05	2	40	0.02	2024-04-15
H7	0	0	0	0	0	0	0	0	cannot fit data	32G4A01	2	40	0.025	2024-04-15
H8	0	0	0	0	0	0	0	0	cannot fit data	24G2B09	2	40	0.00899999999999999	2024-04-15
H9	0	0.00599999999999999	0	-0.127546037114717	0.127546037114717	0.144382638309295	0.137	0.00111803678798244	questionable fit (k < n0)	32G2B08	2	40	0.00599999999999999	2024-04-15
I1	0.061	0.0240238750022166	0.0146020987384776	888.460493130552	47.4690106521092	1.67084442721193	1.646	0.0119490940893636		35G3A04	3	40	0.061	2024-04-15
I10	0	0	0	0	0	0	0	0	cannot fit data	23G3B12	3	40	0.021	2024-04-15
I11	0	0	0	0	0	0	0	0	cannot fit data	32G2B05	3	40	0.042	2024-04-15
I12	0	0	0	0	0	0	0	0	cannot fit data	23G3B04	3	40	0.013	2024-04-15
I13	0.116	0.0592855291462	0.00652321836567012	1912.57684562502	106.258466558131	3.34159826627717	3.2395	0.0292856906921004		30G4B06	3	40	0.116	2024-04-15
I14	0	0	0	0	0	0	0	0	cannot fit data	23D08	3	40	0.025	2024-04-15
I15	0	0	0	0	0	0	0	0	cannot fit data	28G4B03	3	40	0.01	2024-04-15
I16	0	0	0	0	0	0	0	0	cannot fit data	19G3B04	3	40	0.024	2024-04-15
I17	0.00399999999999999	0.000894257429874	0.0195722622043407	530.535600061516	35.414770828393	0.0712117552309037	0.0670000000000001	0.00129571236254198		28G4B01	3	40	0.00399999999999999	2024-04-15
I18	0.101880782311469	0.0256217951918446	0.296084682543723	3.6837160878523	2.34104369940714	4.41530549935212	4.374	0.0109303399323138		12G1A05	3	40	0.12	2024-04-15
I19	0	0	0	0	0	0	0	0	cannot fit data	28G3A07	3	40	0.003	2024-04-15
I2	0	0.00600906700360663	0	-0.772673652357703	0.300170132852689	0.240398045005077	0.196	0.00256202957901305	questionable fit (k < n0)	26G3A08	3	40	0.00899999999999999	2024-04-15
I20	0.117974925314695	0.0319720204877044	0.730345753916207	1.3548650168364	0.949067173791594	5.4518971898614	5.3065	0.0109476856188024		09D09	3	40	0.134	2024-04-15
I21	0	0.0277074084629452	0	6.95825024934312	8.66768153367047	2.72505880558944	2.6735	0.0168335675166836		28D04	3	40	0.095	2024-04-15
I22	0.115337745577792	0.0179462600792603	0.431327324129984	3.92128426193201	1.60700966941538	5.03871510161741	4.9855	0.0116259282234592		08G1A03	3	40	0.132	2024-04-15
I23	0	0	0	0	0	0	0	0	cannot fit data	28D03	3	40	0.00499999999999999	2024-04-15
I24	0	0	0	0	0	0	0	0	cannot fit data	02G3A08	3	40	0.032	2024-04-15
I3	0.13283066650864	0.0216607564198688	0.469075071660319	3.48677149542173	1.47768922809415	5.86231217994476	5.862	0.00618833111089095		33G4B03	3	40	0.14	2024-04-15
I4	0.0969016079219489	0.019700797619856	0.347491377631043	3.93031573671157	1.99471763957237	4.20704220348613	4.211	0.00622630423788867		25G3B04	3	40	0.109	2024-04-15
I5	0	0.0180076347505603	0	0.18544492106664	0.375975575660696	2.06038561587164	1.7485	0.0182887620756179		33D06	3	40	0.076	2024-04-15
I6	0	0.0140423993338679	0	-0.4010649775089	0.178466031168548	0.81516341016528	0.7565	0.00342004866175279	questionable fit	24G4A05	3	40	0.021	2024-04-15
I7	0	0.0318946905691093	0	-38.4245816142336	22.7554270096818	1.27035201896335	0.998	0.00885652755385501	questionable fit (k < n0)	32G4A01	3	40	0.04	2024-04-15
I8	0	0	0	0	0	0	0	0	cannot fit data	24G2B09	3	40	0.00699999999999999	2024-04-15
I9	0	0	0	0	0	0	0	0	cannot fit data	32G2B08	3	40	0.00899999999999999	2024-04-15
J1	0	0.00755870840124256	0	3.82267394419945	2.84446662760546	1.14509028400327	1.1355	0.00165933050991635		35G4A07	1	40	0.031	2024-04-15
J10	0	0.0225403512340935	0	-1.40960683870229	0.689611616097876	1.33823616127614	1.1885	0.00954205863960459	questionable fit	30G1B03	1	40	0.044	2024-04-15
J11	0	0.0228397524645684	0	0.879959903334189	0.663118513582652	3.75049533200688	3.635	0.00845202133827933		36G4B04	1	40	0.096	2024-04-15
J12	0	0	0	0	0	0	0	0	cannot fit data	33G2A09	1	40	0.105	2024-04-15
J13	0.437917056356616	0.0548152060871091	0.022810009250843	85.2403530940675	30.3878517951206	4.26782363043658	4.247	0.0173277170363415		37G4A03	1	40	0.139	2024-04-15
J14	0	0	0	0	0	0	0	0	cannot fit data	33G1B11	1	40	0.023	2024-04-15
J15	0	0	0	0	0	0	0	0	cannot fit data	39G1A08	1	40	0.047	2024-04-15
J16	0.0877844384080517	0.0211275731364137	0.685965229375868	1.67498150903607	1.01046984726997	4.03138164949495	3.9305	0.011400051970651		32G3B09	1	40	0.109	2024-04-15
J17	0.0982050962590881	0.0347467927171569	0.888235180625643	0.678081429759138	0.780364475173924	4.59897388184066	4.506	0.0103281046477814		39G1A09	1	40	0.118	2024-04-15
J18	0	0.0274410631323445	0	0.618441734227851	0.717684829505755	3.62783033795452	3.448	0.0127738878535255		30G3A10	1	40	0.101	2024-04-15
J19	0.103086949167829	0.0286779880589384	0.817030330094733	1.16696587944151	0.848373866952499	4.78674274908076	4.707	0.0103854451333711		39G3A10	1	40	0.124	2024-04-15
J2	0	0	0	0	0	0	0	0	cannot fit data	35D01	1	40	0.045	2024-04-15
J20	0	0.00699999999999999	0	-0.12700730502224	0.0702724757496197	0.240170560998186	0.241	0.000707106781430737	questionable fit (k < n0)	33G3A09	1	40	0.00699999999999999	2024-04-15
J21	0	0	0	0	0	0	0	0	cannot fit data	39G3B09	1	40	0.048	2024-04-15
J22	0	0	0	0	0	0	0	0	cannot fit data	33G4B08	1	40	0.028	2024-04-15
J23	0	0.0129812086125467	0	2.36452078857517	1.10582120809439	3.17742495337981	3.065	0.0135341871130132		54.4B	1	40	0.095	2024-04-15
J24	0	0	0	0	0	0	0	0	cannot fit data	35D06	1	40	0.028	2024-04-15
J3	0	0.00997889743544701	0	0.676425141817168	0.922830302519727	1.24047362270034	1.217	0.00275911554572193		35G4B10	1	40	0.031	2024-04-15
J4	0	0	0	0	0	0	0	0	cannot fit data	28G4B05	1	40	0.00899999999999999	2024-04-15
J5	0.112480179282554	0.016441008924741	0.520831275907751	3.38876994640888	1.33084784386626	4.98375252126033	4.9645	0.00751685944173342		36G2A07	1	40	0.12	2024-04-15
J6	0	0.0127504515618638	0	-1.61302941232556	0.644479377397433	0.717733873631208	0.664	0.00358603754161293	questionable fit	28G4B10	1	40	0.02	2024-04-15
J7	0.0970667610089873	0.0261462957500641	0.573377665568027	1.74030412218905	1.20888416515712	4.43714906591921	4.472	0.007302717882277		36G3B02	1	40	0.11	2024-04-15
J8	0	0	0	0	0	0	0	0	cannot fit data	30D10	1	40	0.047	2024-04-15
J9	0	0.0184173698008426	0	1.88960812447818	1.0217491023863	3.8788035328295	3.878	0.00412728776769708		36G3B05	1	40	0.089	2024-04-15
K1	0	0.00769443463351865	0	4.79795998899797	3.49895712914452	1.14685185771779	1.1355	0.00191751343477963		35G4A07	2	40	0.032	2024-04-15
K10	0	0.0326393559512448	0	-36.8959960442196	19.2405457432948	1.32478771409713	1.233	0.00794856382644112	questionable fit (k < n0)	30G1B03	2	40	0.043	2024-04-15
K11	0	0.0253550908282807	0	0.871063892612532	0.716005224786721	3.94079010468696	3.8595	0.0083203537879039		36G4B04	2	40	0.096	2024-04-15
K12	0	0.0705422199537166	0	-44.77774705311	17.970803203945	3.03580557642042	2.6665	0.0239756708818288	questionable fit (k < n0)	33G2A09	2	40	0.104	2024-04-15
K13	0	0.021906262008903	0	1.40633542764305	0.935998612328347	3.87837337889876	3.8865	0.0133713795731747		37G4A03	2	40	0.114	2024-04-15
K14	0	0	0	0	0	0	0	0	cannot fit data	33G1B11	2	40	0.023	2024-04-15
K15	0	0	0	0	0	0	0	0	cannot fit data	39G1A08	2	40	0.049	2024-04-15
K16	0.108527621898832	0.0254740968633487	0.440969751945133	2.68005492005601	1.57187012828533	4.85262631769801	4.816	0.0175799862340498		32G3B09	2	40	0.136	2024-04-15
K17	0.100104054992552	0.0340677838443128	0.920050912295375	0.719364507606218	0.753379156845416	4.68772074064998	4.6435	0.0121227397431351		39G1A09	2	40	0.121	2024-04-15
K18	0	0.0265546797959711	0	0.74513848297997	0.725592429798035	3.77809862621684	3.6155	0.012042091318039		30G3A10	2	40	0.101	2024-04-15
K19	0.0939425603373172	0.0305072896822867	0.955770403717904	0.765931192632232	0.725223524251885	4.39869450888938	4.2125	0.0141103563402487		39G3A10	2	40	0.124	2024-04-15
K2	0	0.0194197591576092	0	-0.437311056324175	0.386002399389318	1.35128409905617	1.1605	0.0105255274661423	questionable fit	35D01	2	40	0.042	2024-04-15
K20	0	0	0	0	0	0	0	0	cannot fit data	33G3A09	2	40	0.00799999999999999	2024-04-15
K21	0	0	0	0	0	0	0	0	cannot fit data	39G3B09	2	40	0.044	2024-04-15
K22	0	0	0	0	0	0	0	0	cannot fit data	33G4B08	2	40	0.023	2024-04-15
K23	0	0.0127545286379315	0	2.41853746880171	1.07274729012746	3.33386179857405	3.2345	0.0130409945308958		54.4B	2	40	0.095	2024-04-15
K24	0	0	0	0	0	0	0	0	cannot fit data	35D06	2	40	0.029	2024-04-15
K3	0	0.00937818242956722	0	0.941525878831147	0.958644855142028	1.29730339280523	1.2825	0.00251779598582972		35G4B10	2	40	0.031	2024-04-15
K4	0	0	0	0	0	0	0	0	cannot fit data	28G4B05	2	40	0.012	2024-04-15
K5	0.113871483825043	0.0148753679956006	0.553739644617126	3.42286116484161	1.25175646587343	5.04727731155997	5.014	0.0110268298158852		36G2A07	2	40	0.124	2024-04-15
K6	0	0.0149948984680504	0	-1.0762286964049	0.093412464875639	0.719999311657627	0.6515	0.00340954560675014	questionable fit	28G4B10	2	40	0.019	2024-04-15
K7	0.10025594160274	0.0307044088417273	0.540730673832185	1.51214225712471	1.28187139014618	4.59288786231128	4.6485	0.011409559022345		36G3B02	2	40	0.12	2024-04-15
K8	0	0	0	0	0	0	0	0	cannot fit data	30D10	2	40	0.045	2024-04-15
K9	0	0.0226026842900938	0	1.55902986000328	1.05567958361985	3.93132823370653	3.9495	0.00689628294570464		36G3B05	2	40	0.096	2024-04-15
L1	0	0.0066611815597516	0	4.11903546824145	2.87059170805742	1.05042105722691	1.046	0.00119146184582119		35G4A07	3	40	0.026	2024-04-15
L10	0	0.0212847214982303	0	-0.401449168090871	0.691057670663608	1.68656226677109	1.5485	0.00892176482363752	questionable fit	30G1B03	3	40	0.052	2024-04-15
L11	0.0998406998113678	0.0258184242820117	0.73489997355136	1.43322594905017	0.943185747048476	4.60860980383187	4.6	0.00840891336261888		36G4B04	3	40	0.117	2024-04-15
L12	0.11	0.0701023655125316	0.00709854233553871	1551.89759582343	97.646410741219	4.0092197740268	3.92	0.0247818013137932		33G2A09	3	40	0.11	2024-04-15
L13	0.0944372637014102	0.0225167012438568	0.611600128419249	1.8987976709078	1.13333393560833	4.31161416589253	4.3185	0.0144544855213597		37G4A03	3	40	0.129	2024-04-15
L14	0	0	0	0	0	0	0	0	cannot fit data	33G1B11	3	40	0.029	2024-04-15
L15	0	0	0	0	0	0	0	0	cannot fit data	39G1A08	3	40	0.047	2024-04-15
L16	0.140558457115678	0.0400152002360923	0.211052371040413	4.36540304775831	3.28424256568632	5.91014855503823	5.815	0.0177827533455079		32G3B09	3	40	0.172	2024-04-15
L17	0.113724305279361	0.0331590067630458	0.663569086321476	1.33784659148357	1.044574249838	5.24754377559262	5.221	0.0138129704474826		39G1A09	3	40	0.139	2024-04-15
L18	0	0.0216727763992573	0	1.19992372151358	0.793510130011205	3.87870707279087	3.7205	0.0119533490617489		30G3A10	3	40	0.104	2024-04-15
L19	0.100760261452522	0.0244636596589611	0.8458484252252	1.34473225788869	0.819469729905095	4.66786692104038	4.5395	0.0114378438539183		39G3A10	3	40	0.126	2024-04-15
L2	0	0	0	0	0	0	0	0	cannot fit data	35D01	3	40	0.045	2024-04-15
L20	0	0.00757088318527555	0	-1.89886867787765	0.509190085049342	0.336403149632053	0.314	0.00111120292734265	questionable fit (k < n0)	33G3A09	3	40	0.00799999999999999	2024-04-15
L21	0	0	0	0	0	0	0	0	cannot fit data	39G3B09	3	40	0.045	2024-04-15
L22	0	0.00934051074103526	0	-0.297643433419629	0.898673458481215	0.792007447360597	0.7255	0.00531282341861032	questionable fit	33G4B08	3	40	0.024	2024-04-15
L23	0	0.0113578159274988	0	2.38240240876939	1.00102135467151	3.19716281525071	3.0765	0.0127203405066152		54.4B	3	40	0.093	2024-04-15
L24	0	0	0	0	0	0	0	0	cannot fit data	35D06	3	40	0.03	2024-04-15
L3	0	0.0124057838617723	0	0.314289079938183	1.25748122011008	1.26498889466349	1.252	0.00313728408433282		35G4B10	3	40	0.031	2024-04-15
L4	0	0	0	0	0	0	0	0	cannot fit data	28G4B05	3	40	0.01	2024-04-15
L5	0.125566103542642	0.0163464696765389	0.50456098973794	3.76435937574124	1.37376292392314	5.51978786247401	5.516	0.0103496270926254		36G2A07	3	40	0.141	2024-04-15
L6	0	0	0	0	0	0	0	0	cannot fit data	28G4B10	3	40	0.019	2024-04-15
L7	0.112280484778425	0.0320167356963153	0.404353173662219	2.27291234180138	1.7142122918985	5.04104764914788	5.0715	0.0110870032751975		36G3B02	3	40	0.132	2024-04-15
L8	0	0.0356718147538945	0	-11.1175786068977	5.01436734906254	1.39299340804579	0.994	0.0118917558999869	questionable fit (k < n0)	30D10	3	40	0.042	2024-04-15
L9	0.104708909628498	0.0252759147648665	0.454062033297638	2.52181815186952	1.52654732113572	4.69826154314141	4.713	0.00632017629085926		36G3B05	3	40	0.116	2024-04-15
A1	0	0.0201146475789974	0	-19.6877570865714	12.2407789528953	1.15845619350545	1.1715	0.0063304360261239	questionable fit	35G4A05	1	43	0.0350833333333333	2024-04-15
A10	0	0.0195012417103946	0	-0.0295221536755989	0.35802267771835	1.80709371942557	1.5925	0.0121273769441635	questionable fit	28G2A06	1	43	0.0590833333333333	2024-04-15
A11	0	0.0149313760747404	0	-1.02931368266279	0.878813830568977	1.0249042011768	0.9915	0.00462315766726919	questionable fit	35G1A07	1	43	0.0290833333333333	2024-04-15
A12	0	0	0	0	0	0	0	0	cannot fit data	28G2A04	1	43	0.0340833333333333	2024-04-15
A13	0	0.000000000000114601418645106	0	21.8419874015261	0.559879873584148	1.66169791330421	1.7735	0.0102475385129932		35D10	1	43	0.0890833333333333	2024-04-15
A14	0	0.0360434334465738	0	-0.34102234669915	0.14373623937425	1.39729399520331	1.296	0.00732770688801919	questionable fit (k < n0)	28G1B05	1	43	0.0400833333333333	2024-04-15
A15	0	0	0	0	0	0	0	0	cannot fit data	28G4B02	1	43	0.0100833333333333	2024-04-15
A16	0	0	0	0	0	0	0	0	cannot fit data	28G1B03	1	43	0.0690833333333333	2024-04-15
A17	0	0.0000000000000142943371056795	0	3.12176631442818	0.0779904233038728	0.718945315661592	0.683	0.0210567159792721		28G4A09	1	43	0.0660833333333333	2024-04-15
A18	0	0.01665943686905	0	-12.3747464070919	12.9180079784684	0.490922487319203	0.377	0.0113754074775193	questionable fit (k < n0)	28G1A07	1	43	0.0560833333333333	2024-04-15
A19	0	0.0140075998407085	0	-1.39388398925435	0.691669591505744	0.834835154404042	0.719	0.0118914493779056	questionable fit	CONT	1	43	0.0630833333333333	2024-04-15
A2	0.0420833333333333	0.0185864198014238	0.00761243451520375	1718.09779315281	91.0546000987692	1.07694877910305	1.0265	0.00567162561468906		28G2B04	1	43	0.0420833333333333	2024-04-15
A20	0	0	0	0	0	0	0	0	cannot fit data	28G1A03	1	43	0.0650833333333333	2024-04-15
A21	0	0	0	0	0	0	0	0	cannot fit data	28G4A04	1	43	0.0220833333333333	2024-04-15
A22	0	0	0	0	0	0	0	0	cannot fit data	26G3A06	1	43	0.0170833333333333	2024-04-15
A23	0	0.0192771560936746	0	-7.19954088610877	4.08804480716706	1.16023436321935	1.205	0.013944159993494	questionable fit	28G3B02	1	43	0.0650833333333333	2024-04-15
A24	0	0.0147794173426269	0	-0.125111261088602	0.673089313843857	1.31605500448774	1.236	0.0136649218144068	questionable fit	26G3A01	1	43	0.0680833333333333	2024-04-15
A3	0	0.0260934132114647	0	-0.189999879300238	0.0844883770133378	1.5152649083468	1.32	0.00584481630065849	questionable fit	35G3A03	1	43	0.0350833333333333	2024-04-15
A4	0	0.0128193224411261	0	-1.59612801684934	1.24300745799171	0.856843395244656	0.8035	0.00289284771414484	questionable fit	28G2A10	1	43	0.0210833333333333	2024-04-15
A5	0	0.011573592214968	0	15.4557682713421	13.0418755582939	1.08961335201056	1.0675	0.00881807537132983		35G2B04	1	43	0.0460833333333333	2024-04-15
A6	0	0.0203997881118143	0	-32.721840391106	8.27599759755958	0.930935605517647	0.83	0.00313532161876292	questionable fit (k < n0)	28G2A09	1	43	0.0240833333333333	2024-04-15
A7	0	0	0	0	0	0	0	0	cannot fit data	35G2A08	1	43	0.0220833333333333	2024-04-15
A8	0	0	0	0	0	0	0	0	cannot fit data	28G2A08	1	43	0.0140833333333333	2024-04-15
A9	0	0	0	0	0	0	0	0	cannot fit data	35G1A08	1	43	0.0180833333333333	2024-04-15
B1	0	0	0	0	0	0	0	0	cannot fit data	35G4A05	2	43	0.0260833333333333	2024-04-15
B10	0	0.0167943541746961	0	0.207599739306559	0.550749692496291	1.82742716873547	1.6265	0.0130784304447602		28G2A06	2	43	0.0610833333333333	2024-04-15
B11	0	0.0150833317097946	0	-0.0991997721024334	0.0518046222494425	0.915664504211809	0.8505	0.00600489942358316	questionable fit	35G1A07	2	43	0.0280833333333333	2024-04-15
B12	0	0	0	0	0	0	0	0	cannot fit data	28G2A04	2	43	0.0300833333333333	2024-04-15
B13	0	0.0000000072282885858089	0	14.1848307196226	0.615694285930662	2.10622062573822	2.1155	0.0116820233745541		35D10	2	43	0.0820833333333333	2024-04-15
B14	0	0.0342715398196413	0	-22.5186688226579	10.9028566573844	1.35935218473964	1.119	0.00901624505398312	questionable fit (k < n0)	28G1B05	2	43	0.0420833333333333	2024-04-15
B15	0	0	0	0	0	0	0	0	cannot fit data	28G4B02	2	43	0.0140833333333333	2024-04-15
B16	0	0.0120950977978752	0	-3.07158582820095	0.306981421958915	0.580005207718133	0.459	0.00424264140770365	questionable fit (k < n0)	28G1B03	2	43	0.0160833333333333	2024-04-15
B17	0	0	0	0	0	0	0	0	cannot fit data	28G4A09	2	43	0.0100833333333333	2024-04-15
B18	0	0.0149569708272156	0	-12.2769870030562	5.15868393045207	0.599159080691172	0.4945	0.00348320613873903	questionable fit (k < n0)	28G1A07	2	43	0.0170833333333333	2024-04-15
B19	0	0.0142162461169115	0	-1.62716311412335	0.802643488638211	0.845284502246245	0.7835	0.00723313426982697	questionable fit	CONT	2	43	0.0440833333333333	2024-04-15
B2	0	0	0	0	0	0	0	0	cannot fit data	28G2B04	2	43	0.0310833333333333	2024-04-15
B20	0	0.0183054829914868	0	-18.6019694798023	11.0881328206257	0.676294685991151	0.549	0.00478133497035582	questionable fit (k < n0)	28G1A03	2	43	0.0230833333333333	2024-04-15
B21	0	0.00445881652097151	0	19.7055798236788	5.12054943173734	1.92012070866503	1.953	0.0144083350686509		28G4A04	2	43	0.0870833333333333	2024-04-15
B22	0	0.0100878621484268	0	-0.258102403417965	0.128075502294127	0.603486065620869	0.562	0.00248245936241082	questionable fit	26G3A06	2	43	0.0160833333333333	2024-04-15
B23	0	0	0	0	0	0	0	0	cannot fit data	28G3B02	2	43	0.0310833333333333	2024-04-15
B24	0	0.023154465521409	0	-16.241203742366	5.12209162053428	1.005877916272	0.8905	0.00659147138558637	questionable fit (k < n0)	26G3A01	2	43	0.0370833333333333	2024-04-15
B3	0	0.0238165493784187	0	-1.87592148657343	0.443195061237591	1.20316885534522	1.109	0.00352983861998727	questionable fit	35G3A03	2	43	0.0280833333333333	2024-04-15
B4	0	0.016073290621548	0	-4.64985250551766	0.436839641222094	0.771993668841218	0.7085	0.00281803730647753	questionable fit	28G2A10	2	43	0.0180833333333333	2024-04-15
B5	0	0.0104163354113564	0	-9.95867396594971	8.01824832944014	0.652057664082699	0.6465	0.00274626035980918	questionable fit	35G2B04	2	43	0.0190833333333333	2024-04-15
B6	0	0.0270833333333333	0	-0.822433555172179	0.700318400803923	0.732920040422527	0.6655	0.00358285137424194	questionable fit (k < n0)	28G2A09	2	43	0.0270833333333333	2024-04-15
B7	0	0.0136242154864736	0	-3.13879790614334	1.2955400587814	0.536275812867585	0.4325	0.00425108837133528	questionable fit (k < n0)	35G2A08	2	43	0.0150833333333333	2024-04-15
B8	0	0.0100833333333333	0	-1.62766355252658	0.697400505100406	0.389798025744699	0.3425	0.00158779991425045	questionable fit (k < n0)	28G2A08	2	43	0.0100833333333333	2024-04-15
B9	0	0.0128186237680085	0	-37.6306068176807	29.1281134256155	0.486787844194966	0.298	0.00468919891662076	questionable fit (k < n0)	35G1A08	2	43	0.0170833333333333	2024-04-15
C1	0	0	0	0	0	0	0	0	cannot fit data	35G4A05	3	43	0.0210833333333333	2024-04-15
C10	0	0.0272445568629976	0	-0.704542336900199	0.517678464601973	1.80757443300027	1.588	0.014521625968882	questionable fit	28G2A06	3	43	0.0600833333333333	2024-04-15
C11	0	0	0	0	0	0	0	0	cannot fit data	35G1A07	3	43	0.0240833333333333	2024-04-15
C12	0	0.0290833333333333	0	-6.76723283353243	2.51364816201466	1.1949857307533	0.9645	0.0068849867534881	questionable fit (k < n0)	28G2A04	3	43	0.0290833333333333	2024-04-15
C13	0	0.00000000000113444065860794	0	8.13915994438187	0.229137515674187	2.22930950350001	2.1815	0.0133625163275929		35D10	3	43	0.0760833333333333	2024-04-15
C14	0	0	0	0	0	0	0	0	cannot fit data	28G1B05	3	43	0.0380833333333333	2024-04-15
C15	0	0.0120831698200259	0	-0.116026099328256	0.0385453165897136	0.508077999725208	0.4565	0.00360351135982909	questionable fit (k < n0)	28G4B02	3	43	0.0160833333333333	2024-04-15
C16	0	0	0	0	0	0	0	0	cannot fit data	28G1B03	3	43	0.0200833333333333	2024-04-15
C17	0	0	0	0	0	0	0	0	cannot fit data	28G4A09	3	43	0.0140833333333333	2024-04-15
C18	0	0.0170833333333333	0	-9.10834115164558	4.73260739141622	0.630246883404679	0.5095	0.0034462165164671	questionable fit (k < n0)	28G1A07	3	43	0.0170833333333333	2024-04-15
C19	0	0.0190744321764536	0	-3.33113180346246	0.301041440431795	0.915996133227852	0.8605	0.00310596699045983	questionable fit	CONT	3	43	0.0230833333333333	2024-04-15
C2	0	0	0	0	0	0	0	0	cannot fit data	28G2B04	3	43	0.0220833333333333	2024-04-15
C20	0	0	0	0	0	0	0	0	cannot fit data	28G1A03	3	43	0.0240833333333333	2024-04-15
C21	0	0.00597476231922871	0	10.6944108282488	3.12456643617372	2.58497437011034	2.5605	0.0121292359705486		28G4A04	3	43	0.0860833333333333	2024-04-15
C22	0	0	0	0	0	0	0	0	cannot fit data	26G3A06	3	43	0.0170833333333333	2024-04-15
C23	0	0	0	0	0	0	0	0	cannot fit data	28G3B02	3	43	0.0300833333333333	2024-04-15
C24	0	0	0	0	0	0	0	0	cannot fit data	26G3A01	3	43	0.0260833333333333	2024-04-15
C3	0	0.031882242932399	0	-0.867172749948095	0.426882443649704	1.16016080594285	1.0175	0.0048476853211271	questionable fit (k < n0)	35G3A03	3	43	0.0320833333333333	2024-04-15
C4	0	0.0200828702224782	0	-0.25208489820143	0.0918960135732546	0.820366374655728	0.7245	0.00301959690151196	questionable fit (k < n0)	28G2A10	3	43	0.0200833333333333	2024-04-15
C5	0	0.0160833333333333	0	-0.301222720515903	0.211751097992704	0.485438228766474	0.438	0.00329029318913388	questionable fit (k < n0)	35G2B04	3	43	0.0160833333333333	2024-04-15
C6	0	0	0	0	0	0	0	0	cannot fit data	28G2A09	3	43	0.0280833333333333	2024-04-15
C7	0	0	0	0	0	0	0	0	cannot fit data	35G2A08	3	43	0.0200833333333333	2024-04-15
C8	0	0	0	0	0	0	0	0	cannot fit data	28G2A08	3	43	0.0170833333333333	2024-04-15
C9	0	0.0148418540031121	0	-29.201409841644	31.2041609803241	0.512601515324257	0.3185	0.00451182032984278	questionable fit (k < n0)	35G1A08	3	43	0.0170833333333333	2024-04-15
D1	0	0	0	0	0	0	0	0	cannot fit data	26G2A07	1	43	0.0260833333333333	2024-04-15
D10	0	0.00256778497581872	0	-455.431126448357	189.281891446358	0.120934685357874	0.0945000000000003	0.00178204741898209	questionable fit (k < n0)	18G1A02	1	43	0.00708333333333333	2024-04-15
D11	0	0.0309751227774306	0	-1.40781740839244	0.378376460097671	1.59825228694314	1.4005	0.0124014769848868	questionable fit	23G1B05	1	43	0.0520833333333333	2024-04-15
D12	0	0.0210833333333333	0	-9.42152881182929	3.34919983871481	0.881410985429573	0.753	0.00346168310008853	questionable fit (k < n0)	04D05	1	43	0.0210833333333333	2024-04-15
D13	0	0.00000717795646518779	0	3.31597820725708	0.258327509012815	2.34602994161749	2.139	0.0190078973722442		23G1A10	1	43	0.0830833333333333	2024-04-15
D14	0	0.025299528578995	0	-99.119121876131	30.7875812503816	1.1606939553834	0.983	0.00833052799763367	questionable fit (k < n0)	37G1B08	1	43	0.0360833333333333	2024-04-15
D15	0	0	0	0	0	0	0	0	cannot fit data	23G1A09	1	43	0.0190833333333333	2024-04-15
D16	0	0	0	0	0	0	0	0	cannot fit data	36G2A02	1	43	0.0570833333333333	2024-04-15
D17	0	0	0	0	0	0	0	0	cannot fit data	23G1A04	1	43	0.0280833333333333	2024-04-15
D18	0	0	0	0	0	0	0	0	cannot fit data	35G4A09	1	43	0.0240833333333333	2024-04-15
D19	0	0	0	0	0	0	0	0	cannot fit data	23G1A03	1	43	0.0280833333333333	2024-04-15
D2	0	0.0309708350438915	0	-40.4194542108495	17.7466157087654	1.30514535196733	1.1145	0.00629992813463457	questionable fit (k < n0)	23D03	1	43	0.0360833333333333	2024-04-15
D20	0	0	0	0	0	0	0	0	cannot fit data	35G4A08	1	43	0.0130833333333333	2024-04-15
D21	0	0.000534732118811714	0	3.16886968409911	0.467877051237327	2.64512596162905	2.443	0.0200359625325691		23G1A02	1	43	0.100083333333333	2024-04-15
D22	0	0	0	0	0	0	0	0	cannot fit data	35G4A06	1	43	0.0220833333333333	2024-04-15
D23	0	0	0	0	0	0	0	0	cannot fit data	23G1A01	1	43	0.0160833333333333	2024-04-15
D24	0	0	0	0	0	0	0	0	cannot fit data	35G3B03	1	43	0.0130833333333333	2024-04-15
D3	0	0	0	0	0	0	0	0	cannot fit data	23G4A10	1	43	0.0280833333333333	2024-04-15
D4	0	0	0	0	0	0	0	0	cannot fit data	23D01	1	43	0.0380833333333333	2024-04-15
D5	0	0	0	0	0	0	0	0	cannot fit data	23G4A09	1	43	0.0290833333333333	2024-04-15
D6	0	0	0	0	0	0	0	0	cannot fit data	18G4A01	1	43	0.0130833333333333	2024-04-15
D7	0	0	0	0	0	0	0	0	cannot fit data	23G3B11	1	43	0.00808333333333333	2024-04-15
D8	0	0.0195776709481179	0	-28.9771080467644	19.5138636795288	0.73679933087011	0.4835	0.00557636059902661	questionable fit (k < n0)	18G3A05	1	43	0.0230833333333333	2024-04-15
D9	0	0	0	0	0	0	0	0	cannot fit data	23G3A05	1	43	0.0280833333333333	2024-04-15
E1	0	0	0	0	0	0	0	0	cannot fit data	26G2A07	2	43	0.0360833333333333	2024-04-15
E10	0	0	0	0	0	0	0	0	cannot fit data	18G1A02	2	43	0.00408333333333334	2024-04-15
E11	0	0.0394175767080893	0	-12.4994611183632	6.95128558188836	1.44280819156124	1.11	0.0110379870341103	questionable fit (k < n0)	23G1B05	2	43	0.0440833333333333	2024-04-15
E12	0	0.0168734624540739	0	-33.10226279794	11.4888340333631	0.733438234236171	0.608	0.00311198036721803	questionable fit (k < n0)	04D05	2	43	0.0180833333333333	2024-04-15
E13	0	0.00000251520271127924	0	3.32282846231841	0.233234605462342	2.1845970287573	1.991	0.0177061276214587		23G1A10	2	43	0.0770833333333333	2024-04-15
E14	0	0	0	0	0	0	0	0	cannot fit data	37G1B08	2	43	0.0380833333333333	2024-04-15
E15	0	0	0	0	0	0	0	0	cannot fit data	23G1A09	2	43	0.0230833333333333	2024-04-15
E16	0	0	0	0	0	0	0	0	cannot fit data	36G2A02	2	43	0.0380833333333333	2024-04-15
E17	0	0	0	0	0	0	0	0	cannot fit data	23G1A04	2	43	0.0290833333333333	2024-04-15
E18	0	0	0	0	0	0	0	0	cannot fit data	35G4A09	2	43	0.0220833333333333	2024-04-15
E19	0	0	0	0	0	0	0	0	cannot fit data	23G1A03	2	43	0.0260833333333333	2024-04-15
E2	0	0.0273429861507639	0	-67.6768034347886	26.8319964438222	1.20600459521288	1.0005	0.0064197010167888	questionable fit (k < n0)	23D03	2	43	0.0320833333333333	2024-04-15
E20	0	0	0	0	0	0	0	0	cannot fit data	35G4A08	2	43	0.0110833333333333	2024-04-15
E21	0	0.000699427921647267	0	2.86713629908671	0.448384820568068	2.68652207341495	2.4635	0.0201195990836322		23G1A02	2	43	0.102083333333333	2024-04-15
E22	0	0	0	0	0	0	0	0	cannot fit data	35G4A06	2	43	0.0210833333333333	2024-04-15
E23	0	0	0	0	0	0	0	0	cannot fit data	23G1A01	2	43	0.0180833333333333	2024-04-15
E24	0	0	0	0	0	0	0	0	cannot fit data	35G3B03	2	43	0.0110833333333333	2024-04-15
E3	0	0	0	0	0	0	0	0	cannot fit data	23G4A10	2	43	0.0280833333333333	2024-04-15
E4	0	0	0	0	0	0	0	0	cannot fit data	23D01	2	43	0.0340833333333333	2024-04-15
E5	0	0	0	0	0	0	0	0	cannot fit data	23G4A09	2	43	0.0410833333333333	2024-04-15
E6	0	0	0	0	0	0	0	0	cannot fit data	18G4A01	2	43	0.0140833333333333	2024-04-15
E7	0	0	0	0	0	0	0	0	cannot fit data	23G3B11	2	43	0.00608333333333333	2024-04-15
E8	0	0.0162439377370985	0	-27.7485005172344	21.5744127522476	0.590019526834283	0.355	0.0052471314854767	questionable fit (k < n0)	18G3A05	2	43	0.0210833333333333	2024-04-15
E9	0	0	0	0	0	0	0	0	cannot fit data	23G3A05	2	43	0.0270833333333333	2024-04-15
F1	0	0	0	0	0	0	0	0	cannot fit data	26G2A07	3	43	0.0260833333333333	2024-04-15
F10	0	0	0	0	0	0	0	0	cannot fit data	18G1A02	3	43	0.00708333333333333	2024-04-15
F11	0	0	0	0	0	0	0	0	cannot fit data	23G1B05	3	43	0.0490833333333333	2024-04-15
F12	0	0	0	0	0	0	0	0	cannot fit data	04D05	3	43	0.0150833333333333	2024-04-15
F13	0	0.00000082095774933045	0	3.25263590852339	0.205234791235064	2.16734906448397	1.972	0.0175537181489353		23G1A10	3	43	0.0770833333333333	2024-04-15
F14	0	0	0	0	0	0	0	0	cannot fit data	37G1B08	3	43	0.0250833333333333	2024-04-15
F15	0	0	0	0	0	0	0	0	cannot fit data	23G1A09	3	43	0.0220833333333333	2024-04-15
F16	0	0	0	0	0	0	0	0	cannot fit data	36G2A02	3	43	0.0250833333333333	2024-04-15
F17	0	0	0	0	0	0	0	0	cannot fit data	23G1A04	3	43	0.0290833333333333	2024-04-15
F18	0	0	0	0	0	0	0	0	cannot fit data	35G4A09	3	43	0.0240833333333333	2024-04-15
F19	0	0	0	0	0	0	0	0	cannot fit data	23G1A03	3	43	0.0270833333333333	2024-04-15
F2	0	0	0	0	0	0	0	0	cannot fit data	23D03	3	43	0.0320833333333333	2024-04-15
F20	0	0	0	0	0	0	0	0	cannot fit data	35G4A08	3	43	0.0110833333333333	2024-04-15
F21	0	0.000504874145594322	0	3.0902484462952	0.456856761725964	2.48688216306433	2.3025	0.0175700990393814		23G1A02	3	43	0.0890833333333333	2024-04-15
F22	0	0	0	0	0	0	0	0	cannot fit data	35G4A06	3	43	0.0220833333333333	2024-04-15
F23	0	0	0	0	0	0	0	0	cannot fit data	23G1A01	3	43	0.0220833333333333	2024-04-15
F24	0	0	0	0	0	0	0	0	cannot fit data	35G3B03	3	43	0.0330833333333333	2024-04-15
F3	0	0.0219195582390069	0	-6.67352308358732	5.77273363256997	0.639790632122915	0.4605	0.00541612393490117	questionable fit (k < n0)	23G4A10	3	43	0.0280833333333333	2024-04-15
F4	0	0	0	0	0	0	0	0	cannot fit data	23D01	3	43	0.0360833333333333	2024-04-15
F5	0	0	0	0	0	0	0	0	cannot fit data	23G4A09	3	43	0.0330833333333333	2024-04-15
F6	0	0	0	0	0	0	0	0	cannot fit data	18G4A01	3	43	0.0130833333333333	2024-04-15
F7	0	0	0	0	0	0	0	0	cannot fit data	23G3B11	3	43	0.00708333333333333	2024-04-15
F8	0	0	0	0	0	0	0	0	cannot fit data	18G3A05	3	43	0.0200833333333333	2024-04-15
F9	0	0	0	0	0	0	0	0	cannot fit data	23G3A05	3	43	0.0310833333333333	2024-04-15
G1	0	0	0	0	0	0	0	0	cannot fit data	35G3A04	1	43	0.0260833333333333	2024-04-15
G10	0	0.0174848584962174	0	-4.6115470790693	7.47560682788035	0.360767466781776	0.223	0.00381613199321521	questionable fit (k < n0)	23G3B12	1	43	0.0230833333333333	2024-04-15
G11	0	0	0	0	0	0	0	0	cannot fit data	32G2B05	1	43	0.0410833333333333	2024-04-15
G12	0	0	0	0	0	0	0	0	cannot fit data	23G3B04	1	43	0.0170833333333333	2024-04-15
G13	0	0.0248309360073653	0	2.22380185863749	4.09335204744017	2.60498671265166	2.5715	0.014062151248591		30G4B06	1	43	0.0900833333333333	2024-04-15
G14	0	0	0	0	0	0	0	0	cannot fit data	23D08	1	43	0.0230833333333333	2024-04-15
G15	0.00508333333333334	0.00248011071362618	0.00536354921027445	2131.94470340649	129.232930170967	0.135773489369763	0.1295	0.00122812721608944		28G4B03	1	43	0.00508333333333334	2024-04-15
G16	0	0	0	0	0	0	0	0	cannot fit data	19G3B04	1	43	0.0240833333333333	2024-04-15
G17	0	0	0	0	0	0	0	0	cannot fit data	28G4B01	1	43	0.00308333333333334	2024-04-15
G18	0	0	0	0	0	0	0	0	cannot fit data	12G1A05	1	43	0.0290833333333333	2024-04-15
G19	0	0	0	0	0	0	0	0	cannot fit data	28G3A07	1	43	0.00408333333333334	2024-04-15
G2	0	0	0	0	0	0	0	0	cannot fit data	26G3A08	1	43	0.00708333333333333	2024-04-15
G20	0	0	0	0	0	0	0	0	cannot fit data	09D09	1	43	0.0500833333333333	2024-04-15
G21	0	0.0204745833114712	0	1.93611335262164	2.27611256053597	2.5607306405097	2.4955	0.0160481604409385		28D04	1	43	0.0950833333333333	2024-04-15
G22	0	0.0190833342098509	0	-0.0455253020355857	0.0461497451568012	1.37753459803199	1.283	0.00845201352910569	questionable fit	08G1A03	1	43	0.0470833333333333	2024-04-15
G23	0	0	0	0	0	0	0	0	cannot fit data	28D03	1	43	0.00808333333333333	2024-04-15
G24	0	0	0	0	0	0	0	0	cannot fit data	02G3A08	1	43	0.0330833333333333	2024-04-15
G3	0.0560833333333333	0.0351670357648773	0.00708240094798135	1739.26881829275	97.8689551256638	2.01041743435663	2	0.00769845878575212		33G4B03	1	43	0.0560833333333333	2024-04-15
G4	0.0540833333333333	0.0254392195452195	0.000210674997689643	53601.9449364539	3290.12549263704	1.22727736205662	1.146	0.00947087071563216		25G3B04	1	43	0.0540833333333333	2024-04-15
G5	0	0	0	0	0	0	0	0	cannot fit data	33D06	1	43	0.0590833333333333	2024-04-15
G6	0	0	0	0	0	0	0	0	cannot fit data	24G4A05	1	43	0.0180833333333333	2024-04-15
G7	0	0	0	0	0	0	0	0	cannot fit data	32G4A01	1	43	0.0240833333333333	2024-04-15
G8	0	0	0	0	0	0	0	0	cannot fit data	24G2B09	1	43	0.0110833333333333	2024-04-15
G9	0	0	0	0	0	0	0	0	cannot fit data	32G2B08	1	43	0.00708333333333333	2024-04-15
H1	0	0	0	0	0	0	0	0	cannot fit data	35G3A04	2	43	0.0210833333333333	2024-04-15
H10	0	0.0147716525551355	0	-5.18050476124503	6.76586792418233	0.34442320892456	0.2165	0.00359658416228529	questionable fit (k < n0)	23G3B12	2	43	0.0210833333333333	2024-04-15
H11	0	0	0	0	0	0	0	0	cannot fit data	32G2B05	2	43	0.0300833333333333	2024-04-15
H12	0	0	0	0	0	0	0	0	cannot fit data	23G3B04	2	43	0.0150833333333333	2024-04-15
H13	0	0.0264130863016849	0	9.02475662386334	13.3981830629575	2.19223318844635	2.2025	0.0177676802767928		30G4B06	2	43	0.0870833333333333	2024-04-15
H14	0	0	0	0	0	0	0	0	cannot fit data	23D08	2	43	0.0250833333333333	2024-04-15
H15	0.00508333333333334	0.00189159539456219	0.00892947831667286	1433.63243749629	77.6245997782111	0.113360304498537	0.104	0.00116060840255837		28G4B03	2	43	0.00508333333333334	2024-04-15
H16	0	0	0	0	0	0	0	0	cannot fit data	19G3B04	2	43	0.0210833333333333	2024-04-15
H17	0	0	0	0	0	0	0	0	cannot fit data	28G4B01	2	43	0.00408333333333334	2024-04-15
H18	0	0	0	0	0	0	0	0	cannot fit data	12G1A05	2	43	0.0270833333333333	2024-04-15
H19	0.00408333333333334	0.000978640645596886	0.012076263922109	1089.5228490627	57.3974852678522	0.0636501127720695	0.0530000000000003	0.00118131471671027		28G3A07	2	43	0.00408333333333334	2024-04-15
H2	0	0	0	0	0	0	0	0	cannot fit data	26G3A08	2	43	0.00708333333333333	2024-04-15
H20	0	0	0	0	0	0	0	0	cannot fit data	09D09	2	43	0.0440833333333333	2024-04-15
H21	0	0	0	0	0	0	0	0	cannot fit data	28D04	2	43	0.0400833333333333	2024-04-15
H22	0	0	0	0	0	0	0	0	cannot fit data	08G1A03	2	43	0.0350833333333333	2024-04-15
H23	0	0	0	0	0	0	0	0	cannot fit data	28D03	2	43	0.00708333333333333	2024-04-15
H24	0	0	0	0	0	0	0	0	cannot fit data	02G3A08	2	43	0.0310833333333333	2024-04-15
H3	0.0640833333333333	0.030991058934076	0.00811497987070108	1217.2148950216	85.4157609265964	1.81885226232076	1.8025	0.0102383499971537		33G4B03	2	43	0.0640833333333333	2024-04-15
H4	0.0530833333333333	0.0230554552360812	0.00497565000806054	2616.89951308413	139.307865190889	1.24999430694187	1.175	0.00829555775741506		25G3B04	2	43	0.0530833333333333	2024-04-15
H5	0	0	0	0	0	0	0	0	cannot fit data	33D06	2	43	0.0460833333333333	2024-04-15
H6	0	0	0	0	0	0	0	0	cannot fit data	24G4A05	2	43	0.0160833333333333	2024-04-15
H7	0	0	0	0	0	0	0	0	cannot fit data	32G4A01	2	43	0.0220833333333333	2024-04-15
H8	0	0	0	0	0	0	0	0	cannot fit data	24G2B09	2	43	0.0100833333333333	2024-04-15
H9	0	0	0	0	0	0	0	0	cannot fit data	32G2B08	2	43	0.00608333333333333	2024-04-15
I1	0	0	0	0	0	0	0	0	cannot fit data	35G3A04	3	43	0.0230833333333333	2024-04-15
I10	0	0.00818235575732358	0	-76.8895783309138	46.4716745994251	0.347916887372595	0.2085	0.00531151304878357	questionable fit (k < n0)	23G3B12	3	43	0.0190833333333333	2024-04-15
I11	0	0	0	0	0	0	0	0	cannot fit data	32G2B05	3	43	0.0250833333333333	2024-04-15
I12	0	0	0	0	0	0	0	0	cannot fit data	23G3B04	3	43	0.0160833333333333	2024-04-15
I13	0.111083333333333	0.0209256841944893	0.0274404044655727	581.710917436956	25.2600934300944	2.08394159656589	2.054	0.0216979075594271		30G4B06	3	43	0.111083333333333	2024-04-15
I14	0	0	0	0	0	0	0	0	cannot fit data	23D08	3	43	0.0220833333333333	2024-04-15
I15	0	0	0	0	0	0	0	0	cannot fit data	28G4B03	3	43	0.00608333333333333	2024-04-15
I16	0	0	0	0	0	0	0	0	cannot fit data	19G3B04	3	43	0.0230833333333333	2024-04-15
I17	0	0	0	0	0	0	0	0	cannot fit data	28G4B01	3	43	0.00308333333333334	2024-04-15
I18	0	0	0	0	0	0	0	0	cannot fit data	12G1A05	3	43	0.0300833333333333	2024-04-15
I19	0.00408333333333334	0.00109608158122075	0.00423380289023946	3962.78230478662	163.71739510073	0.0583391918612077	0.0480000000000003	0.00113028696091171		28G3A07	3	43	0.00408333333333334	2024-04-15
I2	0	0	0	0	0	0	0	0	cannot fit data	26G3A08	3	43	0.00808333333333333	2024-04-15
I20	0	0	0	0	0	0	0	0	cannot fit data	09D09	3	43	0.0520833333333333	2024-04-15
I21	0	0	0	0	0	0	0	0	cannot fit data	28D04	3	43	0.0390833333333333	2024-04-15
I22	0	0	0	0	0	0	0	0	cannot fit data	08G1A03	3	43	0.0390833333333333	2024-04-15
I23	0	0	0	0	0	0	0	0	cannot fit data	28D03	3	43	0.104083333333333	2024-04-15
I24	0	0	0	0	0	0	0	0	cannot fit data	02G3A08	3	43	0.0280833333333333	2024-04-15
I3	0.0600833333333333	0.0297137258710826	0.00808569637701172	1474.44777904647	85.7251061925375	1.74260032004195	1.734	0.00986601525995271		33G4B03	3	43	0.0600833333333333	2024-04-15
I4	0.0490833333333333	0.0232704776469631	0.00261652573158054	4511.78174379487	264.911279944204	1.19015613315606	1.0885	0.0085768708661917		25G3B04	3	43	0.0490833333333333	2024-04-15
I5	0	0	0	0	0	0	0	0	cannot fit data	33D06	3	43	0.0430833333333333	2024-04-15
I6	0	0	0	0	0	0	0	0	cannot fit data	24G4A05	3	43	0.0160833333333333	2024-04-15
I7	0	0	0	0	0	0	0	0	cannot fit data	32G4A01	3	43	0.0220833333333333	2024-04-15
I8	0	0	0	0	0	0	0	0	cannot fit data	24G2B09	3	43	0.0110833333333333	2024-04-15
I9	0	0	0	0	0	0	0	0	cannot fit data	32G2B08	3	43	0.00708333333333333	2024-04-15
J1	0	0	0	0	0	0	0	0	cannot fit data	35G4A07	1	43	0.0110833333333333	2024-04-15
J10	0	0.0166140594993374	0	-15.3869992674718	11.4224047525943	0.563389737152691	0.3355	0.00669232561972068	questionable fit (k < n0)	30G1B03	1	43	0.0260833333333333	2024-04-15
J11	0	0	0	0	0	0	0	0	cannot fit data	36G4B04	1	43	0.0650833333333333	2024-04-15
J12	0	0	0	0	0	0	0	0	cannot fit data	33G2A09	1	43	0.0570833333333333	2024-04-15
J13	0.105083333333333	0.0323023730650451	0.0173136250799931	883.611110472096	40.0347805475422	2.41748215510044	2.2265	0.0235229652070776		37G4A03	1	43	0.105083333333333	2024-04-15
J14	0	0	0	0	0	0	0	0	cannot fit data	33G1B11	1	43	0.0240833333333333	2024-04-15
J15	0	0	0	0	0	0	0	0	cannot fit data	39G1A08	1	43	0.0410833333333333	2024-04-15
J16	0	0	0	0	0	0	0	0	cannot fit data	32G3B09	1	43	0.0380833333333333	2024-04-15
J17	0	0	0	0	0	0	0	0	cannot fit data	39G1A09	1	43	0.0410833333333333	2024-04-15
J18	0	0	0	0	0	0	0	0	cannot fit data	30G3A10	1	43	0.0460833333333333	2024-04-15
J19	0	0	0	0	0	0	0	0	cannot fit data	39G3A10	1	43	0.0500833333333333	2024-04-15
J2	0	0	0	0	0	0	0	0	cannot fit data	35D01	1	43	0.0320833333333333	2024-04-15
J20	0	0.00667611418306092	0	-29.0488654641325	14.0505032906859	0.269757180424541	0.2155	0.00261475552412083	questionable fit (k < n0)	33G3A09	1	43	0.0130833333333333	2024-04-15
J21	0	0.0186995102603994	0	-25.1529530248422	13.4517666575293	0.730112323418562	0.454	0.00662254736646301	questionable fit (k < n0)	39G3B09	1	43	0.0220833333333333	2024-04-15
J22	0	0	0	0	0	0	0	0	cannot fit data	33G4B08	1	43	0.0150833333333333	2024-04-15
J23	0	0.0170828007944438	0	-0.0397288290969155	0.0695966650550087	1.37052268332169	1.1545	0.01227800954765	questionable fit	54.4B	1	43	0.0470833333333333	2024-04-15
J24	0	0	0	0	0	0	0	0	cannot fit data	35D06	1	43	0.0270833333333333	2024-04-15
J3	0	0	0	0	0	0	0	0	cannot fit data	35G4B10	1	43	0.0230833333333333	2024-04-15
J4	0	0	0	0	0	0	0	0	cannot fit data	28G4B05	1	43	0.0150833333333333	2024-04-15
J5	0.0880833333333333	0.0348826372461818	0.0069813073331435	1923.3947518041	99.286157661224	1.98905680664176	1.8075	0.0177476967131629		36G2A07	1	43	0.0880833333333333	2024-04-15
J6	0	0	0	0	0	0	0	0	cannot fit data	28G4B10	1	43	0.0170833333333333	2024-04-15
J7	0	0.0457036872330447	0	-41.4211212969346	25.19023714079	1.82665427575518	1.496	0.0122190161376242	questionable fit (k < n0)	36G3B02	1	43	0.0570833333333333	2024-04-15
J8	0	0	0	0	0	0	0	0	cannot fit data	30D10	1	43	0.0340833333333333	2024-04-15
J9	0	0	0	0	0	0	0	0	cannot fit data	36G3B05	1	43	0.0530833333333333	2024-04-15
K1	0	0	0	0	0	0	0	0	cannot fit data	35G4A07	2	43	0.0100833333333333	2024-04-15
K10	0	0	0	0	0	0	0	0	cannot fit data	30G1B03	2	43	0.0240833333333333	2024-04-15
K11	0	0	0	0	0	0	0	0	cannot fit data	36G4B04	2	43	0.0600833333333333	2024-04-15
K12	0	0	0	0	0	0	0	0	cannot fit data	33G2A09	2	43	0.0530833333333333	2024-04-15
K13	0.125083333333333	0.0458002888099019	0.00345666208010229	3399.4812950113	200.525004902832	2.39131183840268	2.1885	0.0300852825548945		37G4A03	2	43	0.125083333333333	2024-04-15
K14	0	0	0	0	0	0	0	0	cannot fit data	33G1B11	2	43	0.0230833333333333	2024-04-15
K15	0	0	0	0	0	0	0	0	cannot fit data	39G1A08	2	43	0.0400833333333333	2024-04-15
K16	0	0	0	0	0	0	0	0	cannot fit data	32G3B09	2	43	0.0350833333333333	2024-04-15
K17	0	0	0	0	0	0	0	0	cannot fit data	39G1A09	2	43	0.0360833333333333	2024-04-15
K18	0	0	0	0	0	0	0	0	cannot fit data	30G3A10	2	43	0.0440833333333333	2024-04-15
K19	0	0	0	0	0	0	0	0	cannot fit data	39G3A10	2	43	0.0480833333333333	2024-04-15
K2	0	0.0271054140522583	0	-24.4999503020307	9.48315770083321	1.13884615849388	0.8135	0.00865545350174765	questionable fit (k < n0)	35D01	2	43	0.0320833333333333	2024-04-15
K20	0	0	0	0	0	0	0	0	cannot fit data	33G3A09	2	43	0.00708333333333333	2024-04-15
K21	0	0	0	0	0	0	0	0	cannot fit data	39G3B09	2	43	0.0190833333333333	2024-04-15
K22	0	0	0	0	0	0	0	0	cannot fit data	33G4B08	2	43	0.0150833333333333	2024-04-15
K23	0	0.0208131446971764	0	-0.679422540445555	0.395023823144957	1.29819637432905	1.141	0.00970893961843056	questionable fit	54.4B	2	43	0.0430833333333333	2024-04-15
K24	0	0	0	0	0	0	0	0	cannot fit data	35D06	2	43	0.0300833333333333	2024-04-15
K3	0	0.0129497468676452	0	-29.9347037362782	15.4013655659819	0.517625023635236	0.3645	0.00365994804829755	questionable fit (k < n0)	35G4B10	2	43	0.0160833333333333	2024-04-15
K4	0	0	0	0	0	0	0	0	cannot fit data	28G4B05	2	43	0.0140833333333333	2024-04-15
K5	0.0730833333333333	0.0308639528574772	0.00260329892811372	4164.83743331657	266.257237336236	1.57800762873613	1.418	0.015814296711799		36G2A07	2	43	0.0730833333333333	2024-04-15
K6	0	0	0	0	0	0	0	0	cannot fit data	28G4B10	2	43	0.0190833333333333	2024-04-15
K7	0	0.0376976142459451	0	-45.7444326393683	17.4316403003418	1.63722503084043	1.4095	0.0121052124281286	questionable fit (k < n0)	36G3B02	2	43	0.0490833333333333	2024-04-15
K8	0	0	0	0	0	0	0	0	cannot fit data	30D10	2	43	0.0340833333333333	2024-04-15
K9	0	0	0	0	0	0	0	0	cannot fit data	36G3B05	2	43	0.0470833333333333	2024-04-15
L1	0	0	0	0	0	0	0	0	cannot fit data	35G4A07	3	43	0.0120833333333333	2024-04-15
L10	0	0	0	0	0	0	0	0	cannot fit data	30G1B03	3	43	0.0260833333333333	2024-04-15
L11	0	0	0	0	0	0	0	0	cannot fit data	36G4B04	3	43	0.0640833333333333	2024-04-15
L12	0	0	0	0	0	0	0	0	cannot fit data	33G2A09	3	43	0.0600833333333333	2024-04-15
L13	0	0.0252805050489611	0	-0.455724224174018	0.446070933163959	1.80143825185	1.507	0.0177495358896489	questionable fit	37G4A03	3	43	0.0610833333333333	2024-04-15
L14	0	0	0	0	0	0	0	0	cannot fit data	33G1B11	3	43	0.0260833333333333	2024-04-15
L15	0	0	0	0	0	0	0	0	cannot fit data	39G1A08	3	43	0.0400833333333333	2024-04-15
L16	0	0	0	0	0	0	0	0	cannot fit data	32G3B09	3	43	0.0370833333333333	2024-04-15
L17	0	0	0	0	0	0	0	0	cannot fit data	39G1A09	3	43	0.0380833333333333	2024-04-15
L18	0	0	0	0	0	0	0	0	cannot fit data	30G3A10	3	43	0.0440833333333333	2024-04-15
L19	0	0	0	0	0	0	0	0	cannot fit data	39G3A10	3	43	0.0530833333333333	2024-04-15
L2	0	0	0	0	0	0	0	0	cannot fit data	35D01	3	43	0.0320833333333333	2024-04-15
L20	0	0	0	0	0	0	0	0	cannot fit data	33G3A09	3	43	0.00708333333333333	2024-04-15
L21	0	0	0	0	0	0	0	0	cannot fit data	39G3B09	3	43	0.0210833333333333	2024-04-15
L22	0	0	0	0	0	0	0	0	cannot fit data	33G4B08	3	43	0.0140833333333333	2024-04-15
L23	0	0.0198110482070125	0	-0.326489484330132	0.400502103430665	1.48329328133023	1.318	0.0107295359763694	questionable fit	54.4B	3	43	0.0480833333333333	2024-04-15
L24	0	0	0	0	0	0	0	0	cannot fit data	35D06	3	43	0.0290833333333333	2024-04-15
L3	0	0	0	0	0	0	0	0	cannot fit data	35G4B10	3	43	0.0170833333333333	2024-04-15
L4	0	0.0114930588658045	0	-7.74781739904419	1.61078583746105	0.532934972647941	0.4685	0.00181896026901306	questionable fit (k < n0)	28G4B05	3	43	0.0120833333333333	2024-04-15
L5	0	0.0389908098078402	0	-15.4861666664966	6.72771956508632	1.55994501287268	1.387	0.0141388787591428	questionable fit (k < n0)	36G2A07	3	43	0.0660833333333333	2024-04-15
L6	0	0	0	0	0	0	0	0	cannot fit data	28G4B10	3	43	0.0150833333333333	2024-04-15
L7	0	0	0	0	0	0	0	0	cannot fit data	36G3B02	3	43	0.0630833333333333	2024-04-15
L8	0	0	0	0	0	0	0	0	cannot fit data	30D10	3	43	0.0290833333333333	2024-04-15
L9	0	0	0	0	0	0	0	0	cannot fit data	36G3B05	3	43	0.0520833333333333	2024-04-15
A1	0	0.0296625782182204	0	-0.989057017192109	0.703617670080207	1.94792511950789	1.8735	0.0110016530039206	questionable fit	35G4A05	1	46	0.0728333333333333	2024-04-15
A10	0	0.0470548017861852	0	-51.0120471259698	24.666374360334	1.98592549772117	1.7705	0.0156596110480574	questionable fit (k < n0)	28G2A06	1	46	0.0728333333333333	2024-04-15
A11	0	0	0	0	0	0	0	0	cannot fit data	35G1A07	1	46	0.0338333333333333	2024-04-15
A12	0	0	0	0	0	0	0	0	cannot fit data	28G2A04	1	46	0.0558333333333333	2024-04-15
A13	0	0	0	0	0	0	0	0	cannot fit data	35D10	1	46	0.0838333333333333	2024-04-15
A14	0	0	0	0	0	0	0	0	cannot fit data	28G1B05	1	46	0.0448333333333333	2024-04-15
A15	0.0218333333333333	0.00464606730161756	0.0127833258104753	1053.62833161451	54.2227578985702	0.307864610831897	0.2895	0.00458850313593251		28G4B02	1	46	0.0218333333333333	2024-04-15
A16	0	0	0	0	0	0	0	0	cannot fit data	28G1B03	1	46	0.0148333333333333	2024-04-15
A17	0	0	0	0	0	0	0	0	cannot fit data	28G4A09	1	46	0.0308333333333333	2024-04-15
A18	0	0	0	0	0	0	0	0	cannot fit data	28G1A07	1	46	0.0318333333333333	2024-04-15
A19	0	0	0	0	0	0	0	0	cannot fit data	CONT	1	46	0.0178333333333333	2024-04-15
A2	0	0	0	0	0	0	0	0	cannot fit data	28G2B04	1	46	0.0308333333333333	2024-04-15
A20	0	0	0	0	0	0	0	0	cannot fit data	28G1A03	1	46	0.0188333333333333	2024-04-15
A21	0.0358333333333333	0.00958984569890519	0.00403129108202319	3203.8447034392	171.941734411318	0.507865258066503	0.47	0.007709034755166		28G4A04	1	46	0.0358333333333333	2024-04-15
A22	0	0	0	0	0	0	0	0	cannot fit data	26G3A06	1	46	0.0608333333333333	2024-04-15
A23	0	0	0	0	0	0	0	0	cannot fit data	28G3B02	1	46	0.0348333333333333	2024-04-15
A24	0.0318333333333333	0.0118843929221276	0.00867900582577018	1445.63159866918	79.8648133754922	0.707645340099271	0.732	0.00620862378076582		26G3A01	1	46	0.0318333333333333	2024-04-15
A3	0	0	0	0	0	0	0	0	cannot fit data	35G3A03	1	46	0.0798333333333333	2024-04-15
A4	0	0.0203118134394742	0	-48.1831625400387	38.2272110811288	0.795195656476397	0.67	0.014060021372727	questionable fit (k < n0)	28G2A10	1	46	0.0688333333333333	2024-04-15
A5	0	0.00226338818867349	0	1.8149963492493	0.612036786191032	0.918930015337506	0.8375	0.0186806386746212		35G2B04	1	46	0.0548333333333333	2024-04-15
A6	0	0	0	0	0	0	0	0	cannot fit data	28G2A09	1	46	0.0518333333333333	2024-04-15
A7	0	0	0	0	0	0	0	0	cannot fit data	35G2A08	1	46	0.0568333333333333	2024-04-15
A8	0	0	0	0	0	0	0	0	cannot fit data	28G2A08	1	46	0.0598333333333333	2024-04-15
A9	0	0	0	0	0	0	0	0	cannot fit data	35G1A08	1	46	0.0498333333333333	2024-04-15
B1	0	0	0	0	0	0	0	0	cannot fit data	35G4A05	2	46	0.0968333333333333	2024-04-15
B10	0	0.0148432396895514	0	0.818002211805533	0.735796758733068	2.19483776753779	1.98	0.0166162146004808		28G2A06	2	46	0.0728333333333333	2024-04-15
B11	0	0.0198332271493567	0	-0.14553180310721	0.0534074186078227	0.808212708161542	0.7275	0.00413823660582926	questionable fit (k < n0)	35G1A07	2	46	0.0208333333333333	2024-04-15
B12	0	0.0190871256670105	0	-3.84290521881108	4.26046083108971	1.32931624761881	1.365	0.00485860885159206	questionable fit	28G2A04	2	46	0.0358333333333333	2024-04-15
B13	0	0	0	0	0	0	0	0	cannot fit data	35D10	2	46	0.0798333333333333	2024-04-15
B14	0	0.0378333333333333	0	-0.076462180550111	0.0461554367683876	1.24065629763954	1.251	0.00848528137423861	questionable fit (k < n0)	28G1B05	2	46	0.0388333333333333	2024-04-15
B15	0	0	0	0	0	0	0	0	cannot fit data	28G4B02	2	46	0.0138333333333333	2024-04-15
B16	0.0358333333333333	0.0104153524899652	0.00608464616496969	1537.89656815429	113.917418000492	0.580593280591656	0.5925	0.00690462683506973		28G1B03	2	46	0.0358333333333333	2024-04-15
B17	0	0	0	0	0	0	0	0	cannot fit data	28G4A09	2	46	0.00683333333333333	2024-04-15
B18	0	0.0104150618237167	0	-17.0543565359835	8.09558918467778	0.585274827154688	0.59	0.00223239985939269	questionable fit	28G1A07	2	46	0.0138333333333333	2024-04-15
B19	0	0	0	0	0	0	0	0	cannot fit data	CONT	2	46	0.0748333333333333	2024-04-15
B2	0	0	0	0	0	0	0	0	cannot fit data	28G2B04	2	46	0.0158333333333333	2024-04-15
B20	0	0	0	0	0	0	0	0	cannot fit data	28G1A03	2	46	0.0228333333333333	2024-04-15
B21	0	0.00481172254681381	0	17.0417848157004	4.89318726325066	1.78393498139753	1.77	0.0125020665033997		28G4A04	2	46	0.0738333333333333	2024-04-15
B22	0	0.00658799439486969	0	1.54285305493417	3.13594221229894	0.697976034505738	0.781	0.0205816390991438		26G3A06	2	46	0.0938333333333333	2024-04-15
B23	0	0.0107496210624232	0	2.45592565949999	3.07684779807072	1.28155766263802	1.3965	0.0231707004279195		28G3B02	2	46	0.115833333333333	2024-04-15
B24	0.0238333333333333	0.0138600094126668	0.00661270476552074	1836.89783385553	104.820524299539	0.782979851688971	0.7885	0.00351790254468942		26G3A01	2	46	0.0238333333333333	2024-04-15
B3	0	0.0253543720699146	0	-12.5749648724933	4.41511645067651	1.06878266891375	0.8575	0.00577660263296063	questionable fit (k < n0)	35G3A03	2	46	0.0278333333333333	2024-04-15
B4	0	0.0136721980526432	0	-2.44625092983646	1.08574093337727	0.789001073405963	0.773	0.00210165020891775	questionable fit	28G2A10	2	46	0.0198333333333333	2024-04-15
B5	0.0148333333333333	0.00851327398436271	0.0064450091273602	1996.2319834666	107.547897429255	0.478900014767529	0.4565	0.00330290600764825		35G2B04	2	46	0.0148333333333333	2024-04-15
B6	0	0	0	0	0	0	0	0	cannot fit data	28G2A09	2	46	0.0258333333333333	2024-04-15
B7	0	0	0	0	0	0	0	0	cannot fit data	35G2A08	2	46	0.0868333333333333	2024-04-15
B8	0	0.00905306567946891	0	-25.7826753670838	8.91565894133829	0.390255400160954	0.311	0.00241203464606617	questionable fit (k < n0)	28G2A08	2	46	0.0108333333333333	2024-04-15
B9	0	0	0	0	0	0	0	0	cannot fit data	35G1A08	2	46	0.0148333333333333	2024-04-15
C1	0	0	0	0	0	0	0	0	cannot fit data	35G4A05	3	46	0.0728333333333333	2024-04-15
C10	0	0.0252639146141524	0	-0.583845512157358	0.656365357661342	1.85136086435681	1.5645	0.0190298892587898	questionable fit	28G2A06	3	46	0.0708333333333333	2024-04-15
C11	0	0	0	0	0	0	0	0	cannot fit data	35G1A07	3	46	0.0178333333333333	2024-04-15
C12	0	0.0228333333333333	0	-5.90786220431785	2.35085500460095	0.916301782195279	0.772	0.00432870498146708	questionable fit (k < n0)	28G2A04	3	46	0.0228333333333333	2024-04-15
C13	0	0	0	0	0	0	0	0	cannot fit data	35D10	3	46	0.0838333333333333	2024-04-15
C14	0	0	0	0	0	0	0	0	cannot fit data	28G1B05	3	46	0.0408333333333333	2024-04-15
C15	0	0	0	0	0	0	0	0	cannot fit data	28G4B02	3	46	0.0118333333333333	2024-04-15
C16	0	0.0161252263010946	0	-4.01249824584348	1.7504016076778	0.623399999760312	0.4685	0.00447902126464522	questionable fit (k < n0)	28G1B03	3	46	0.0168333333333333	2024-04-15
C17	0	0.0072629554449713	0	-1.46679950351793	0.928457077132834	0.234636602954063	0.225	0.00117696302305616	questionable fit (k < n0)	28G4A09	3	46	0.00783333333333333	2024-04-15
C18	0	0	0	0	0	0	0	0	cannot fit data	28G1A07	3	46	0.0228333333333333	2024-04-15
C19	0	0.0188740394028295	0	-15.8478619120128	8.3203739619195	0.714778137296302	0.662	0.00291457950656693	questionable fit (k < n0)	CONT	3	46	0.0228333333333333	2024-04-15
C2	0	0	0	0	0	0	0	0	cannot fit data	28G2B04	3	46	0.0178333333333333	2024-04-15
C20	0	0.0217984706582266	0	-9.8006874024805	5.24213155514025	0.798227499249905	0.7125	0.003654305716023	questionable fit (k < n0)	28G1A03	3	46	0.0238333333333333	2024-04-15
C21	0	0.00102177052063395	0	8.70658817542665	1.4421792576314	2.67447734160602	2.7135	0.0163556215155886		28G4A04	3	46	0.0958333333333333	2024-04-15
C22	0	0	0	0	0	0	0	0	cannot fit data	26G3A06	3	46	0.0268333333333333	2024-04-15
C23	0	0.01370568289723	0	0.102116424232457	3.72417341989021	1.22390487299827	1.319	0.0162195098227767		28G3B02	3	46	0.0868333333333333	2024-04-15
C24	0	0	0	0	0	0	0	0	cannot fit data	26G3A01	3	46	0.0658333333333333	2024-04-15
C3	0	0	0	0	0	0	0	0	cannot fit data	35G3A03	3	46	0.0298333333333333	2024-04-15
C4	0	0	0	0	0	0	0	0	cannot fit data	28G2A10	3	46	0.0208333333333333	2024-04-15
C5	0	0	0	0	0	0	0	0	cannot fit data	35G2B04	3	46	0.00883333333333333	2024-04-15
C6	0	0	0	0	0	0	0	0	cannot fit data	28G2A09	3	46	0.0918333333333333	2024-04-15
C7	0	0	0	0	0	0	0	0	cannot fit data	35G2A08	3	46	0.0168333333333333	2024-04-15
C8	0	0.0159920437314741	0	-4.31430058819751	5.36512499626341	0.372911206045333	0.31	0.00217762318898837	questionable fit (k < n0)	28G2A08	3	46	0.0178333333333333	2024-04-15
C9	0	0	0	0	0	0	0	0	cannot fit data	35G1A08	3	46	0.0158333333333333	2024-04-15
D1	0	0	0	0	0	0	0	0	cannot fit data	26G2A07	1	46	0.0998333333333333	2024-04-15
D10	0	0	0	0	0	0	0	0	cannot fit data	18G1A02	1	46	0.00183333333333334	2024-04-15
D11	0	0.0300091330138081	0	-2.38356248622078	0.831664692536668	1.63275337996742	1.571	0.00588256231410482	questionable fit	23G1B05	1	46	0.0428333333333333	2024-04-15
D12	0	0	0	0	0	0	0	0	cannot fit data	04D05	1	46	0.0128333333333333	2024-04-15
D13	0	0.000000138453959166985	0	3.22691057952239	0.175293269037943	2.15713001782041	1.9915	0.0134272245705492		23G1A10	1	46	0.0768333333333333	2024-04-15
D14	0	0	0	0	0	0	0	0	cannot fit data	37G1B08	1	46	0.0228333333333333	2024-04-15
D15	0	0.0137554039493232	0	-36.6712855893443	12.9157659521885	0.598830709123791	0.525	0.00242095496331721	questionable fit (k < n0)	23G1A09	1	46	0.0178333333333333	2024-04-15
D16	0	0.0263433270486654	0	-2.21583892117474	0.762007306503883	1.0995893798514	0.8245	0.00837845751640688	questionable fit (k < n0)	36G2A02	1	46	0.0268333333333333	2024-04-15
D17	0	0	0	0	0	0	0	0	cannot fit data	23G1A04	1	46	0.0308333333333333	2024-04-15
D18	0	0	0	0	0	0	0	0	cannot fit data	35G4A09	1	46	0.0258333333333333	2024-04-15
D19	0	0	0	0	0	0	0	0	cannot fit data	23G1A03	1	46	0.0298333333333333	2024-04-15
D2	0	0	0	0	0	0	0	0	cannot fit data	23D03	1	46	0.0268333333333333	2024-04-15
D20	0	0	0	0	0	0	0	0	cannot fit data	35G4A08	1	46	0.0138333333333333	2024-04-15
D21	0	0.0000500704605715786	0	2.99786818589913	0.296963856475587	2.46674293518051	2.268	0.0161925042153853		23G1A02	1	46	0.0828333333333333	2024-04-15
D22	0	0	0	0	0	0	0	0	cannot fit data	35G4A06	1	46	0.0168333333333333	2024-04-15
D23	0.0278333333333333	0.00880931625698256	0.000498594334900543	14367.1800409955	1390.20267989649	0.427943678981228	0.426	0.00666557238442303		23G1A01	1	46	0.0278333333333333	2024-04-15
D24	0	0	0	0	0	0	0	0	cannot fit data	35G3B03	1	46	0.00283333333333334	2024-04-15
D3	0	0.0199973354840682	0	-7.64186014826138	5.91265044625083	0.620812705683256	0.4775	0.00372978333931504	questionable fit (k < n0)	23G4A10	1	46	0.0218333333333333	2024-04-15
D4	0	0.0263833047275545	0	-14.888006041084	5.87136888552629	1.08289783269252	0.989	0.00392897117141904	questionable fit (k < n0)	23D01	1	46	0.0288333333333333	2024-04-15
D5	0	0	0	0	0	0	0	0	cannot fit data	23G4A09	1	46	0.0238333333333333	2024-04-15
D6	0	0	0	0	0	0	0	0	cannot fit data	18G4A01	1	46	0.00783333333333333	2024-04-15
D7	0.00483333333333333	0.00246847158565213	0.00112772587485877	7642.49141942984	614.641550764057	0.121751570532714	0.116	0.00106284284910722		23G3B11	1	46	0.00483333333333333	2024-04-15
D8	0	0	0	0	0	0	0	0	cannot fit data	18G3A05	1	46	0.0168333333333333	2024-04-15
D9	0	0	0	0	0	0	0	0	cannot fit data	23G3A05	1	46	0.0268333333333333	2024-04-15
E1	0	0	0	0	0	0	0	0	cannot fit data	26G2A07	2	46	0.0218333333333333	2024-04-15
E10	0	0	0	0	0	0	0	0	cannot fit data	18G1A02	2	46	0.00883333333333333	2024-04-15
E11	0	0.0253761561913566	0	-0.870586200621337	0.45405826098991	1.53558728204411	1.4155	0.00772122332661535	questionable fit	23G1B05	2	46	0.0428333333333333	2024-04-15
E12	0	0	0	0	0	0	0	0	cannot fit data	04D05	2	46	0.0108333333333333	2024-04-15
E13	0	0.00000020001154308454	0	3.26922235587821	0.182585565737424	2.19609526902197	1.996	0.0144249278348105		23G1A10	2	46	0.0758333333333333	2024-04-15
E14	0	0	0	0	0	0	0	0	cannot fit data	37G1B08	2	46	0.0228333333333333	2024-04-15
E15	0	0	0	0	0	0	0	0	cannot fit data	23G1A09	2	46	0.0188333333333333	2024-04-15
E16	0	0.0278333333333333	0	-18.6880796236281	5.81498538987365	1.21568632478995	0.884	0.00829385003840164	questionable fit (k < n0)	36G2A02	2	46	0.0278333333333333	2024-04-15
E17	0	0	0	0	0	0	0	0	cannot fit data	23G1A04	2	46	0.0308333333333333	2024-04-15
E18	0	0	0	0	0	0	0	0	cannot fit data	35G4A09	2	46	0.0248333333333333	2024-04-15
E19	0	0	0	0	0	0	0	0	cannot fit data	23G1A03	2	46	0.0298333333333333	2024-04-15
E2	0	0.0304048634395786	0	-21.5148355421783	6.03738255158529	1.35734030884894	1.0945	0.0064328256170066	questionable fit (k < n0)	23D03	2	46	0.0308333333333333	2024-04-15
E20	0	0	0	0	0	0	0	0	cannot fit data	35G4A08	2	46	0.0168333333333333	2024-04-15
E21	0	0.000160960702996812	0	2.97781984945641	0.356346845956686	2.3824166124755	2.2	0.0151062281113677		23G1A02	2	46	0.0808333333333333	2024-04-15
E22	0	0	0	0	0	0	0	0	cannot fit data	35G4A06	2	46	0.0188333333333333	2024-04-15
E23	0	0	0	0	0	0	0	0	cannot fit data	23G1A01	2	46	0.0148333333333333	2024-04-15
E24	0	0	0	0	0	0	0	0	cannot fit data	35G3B03	2	46	0.00183333333333334	2024-04-15
E3	0	0	0	0	0	0	0	0	cannot fit data	23G4A10	2	46	0.0238333333333333	2024-04-15
E4	0	0.0276459914808906	0	-13.7424522998263	5.44867415608163	1.13025903442643	1.0375	0.00407128366733216	questionable fit (k < n0)	23D01	2	46	0.0298333333333333	2024-04-15
E5	0	0	0	0	0	0	0	0	cannot fit data	23G4A09	2	46	0.0218333333333333	2024-04-15
E6	0.0118333333333333	0.00692984712837806	0.000935739028489907	11156.4646385236	740.748391865779	0.340215719710735	0.32	0.00185406127920277		18G4A01	2	46	0.0118333333333333	2024-04-15
E7	0	0.00683333333333333	0	-0.826591153274225	0.696002323173755	0.186225092903098	0.1715	0.000914966677734038	questionable fit (k < n0)	23G3B11	2	46	0.00683333333333333	2024-04-15
E8	0	0	0	0	0	0	0	0	cannot fit data	18G3A05	2	46	0.0268333333333333	2024-04-15
E9	0	0	0	0	0	0	0	0	cannot fit data	23G3A05	2	46	0.0308333333333333	2024-04-15
F1	0	0	0	0	0	0	0	0	cannot fit data	26G2A07	3	46	0.0248333333333333	2024-04-15
F10	0	0	0	0	0	0	0	0	cannot fit data	18G1A02	3	46	0.00283333333333334	2024-04-15
F11	0	0	0	0	0	0	0	0	cannot fit data	23G1B05	3	46	0.0468333333333333	2024-04-15
F12	0	0	0	0	0	0	0	0	cannot fit data	04D05	3	46	0.0148333333333333	2024-04-15
F13	0	0.0000000173485086684095	0	3.18253840303557	0.149022844946363	2.08698503201438	1.8685	0.0150250364280445		23G1A10	3	46	0.0718333333333333	2024-04-15
F14	0	0	0	0	0	0	0	0	cannot fit data	37G1B08	3	46	0.0248333333333333	2024-04-15
F15	0	0	0	0	0	0	0	0	cannot fit data	23G1A09	3	46	0.0218333333333333	2024-04-15
F16	0	0	0	0	0	0	0	0	cannot fit data	36G2A02	3	46	0.0318333333333333	2024-04-15
F17	0	0	0	0	0	0	0	0	cannot fit data	23G1A04	3	46	0.0308333333333333	2024-04-15
F18	0	0	0	0	0	0	0	0	cannot fit data	35G4A09	3	46	0.0268333333333333	2024-04-15
F19	0	0	0	0	0	0	0	0	cannot fit data	23G1A03	3	46	0.0328333333333333	2024-04-15
F2	0	0	0	0	0	0	0	0	cannot fit data	23D03	3	46	0.0288333333333333	2024-04-15
F20	0	0	0	0	0	0	0	0	cannot fit data	35G4A08	3	46	0.0148333333333333	2024-04-15
F21	0	0.00029074068344585	0	2.95542285655097	0.387047796460851	2.61762161834172	2.42	0.0163752773147848		23G1A02	3	46	0.0848333333333333	2024-04-15
F22	0	0	0	0	0	0	0	0	cannot fit data	35G4A06	3	46	0.0198333333333333	2024-04-15
F23	0	0	0	0	0	0	0	0	cannot fit data	23G1A01	3	46	0.0168333333333333	2024-04-15
F24	0	0	0	0	0	0	0	0	cannot fit data	35G3B03	3	46	-0.000166666666666662	2024-04-15
F3	0	0	0	0	0	0	0	0	cannot fit data	23G4A10	3	46	0.0248333333333333	2024-04-15
F4	0	0	0	0	0	0	0	0	cannot fit data	23D01	3	46	0.0318333333333333	2024-04-15
F5	0	0.023428442621885	0	-22.3367428131688	8.26016075857921	0.990726177383176	0.663	0.00799540757230149	questionable fit (k < n0)	23G4A09	3	46	0.0258333333333333	2024-04-15
F6	0	0	0	0	0	0	0	0	cannot fit data	18G4A01	3	46	0.00983333333333333	2024-04-15
F7	0	0	0	0	0	0	0	0	cannot fit data	23G3B11	3	46	0.00583333333333333	2024-04-15
F8	0	0	0	0	0	0	0	0	cannot fit data	18G3A05	3	46	0.0198333333333333	2024-04-15
F9	0	0	0	0	0	0	0	0	cannot fit data	23G3A05	3	46	0.0278333333333333	2024-04-15
G1	0	0	0	0	0	0	0	0	cannot fit data	35G3A04	1	46	0.0268333333333333	2024-04-15
G10	0	0	0	0	0	0	0	0	cannot fit data	23G3B12	1	46	0.0238333333333333	2024-04-15
G11	0	0	0	0	0	0	0	0	cannot fit data	32G2B05	1	46	0.0318333333333333	2024-04-15
G12	0	0	0	0	0	0	0	0	cannot fit data	23G3B04	1	46	0.0188333333333333	2024-04-15
G13	0	0.0233418311679548	0	0.613345548999544	1.48466759451427	2.51361991428613	2.527	0.0109614751900128		30G4B06	1	46	0.0828333333333333	2024-04-15
G14	0	0	0	0	0	0	0	0	cannot fit data	23D08	1	46	0.0228333333333333	2024-04-15
G15	0	0	0	0	0	0	0	0	cannot fit data	28G4B03	1	46	0.00483333333333333	2024-04-15
G16	0	0	0	0	0	0	0	0	cannot fit data	19G3B04	1	46	0.0228333333333333	2024-04-15
G17	0	0	0	0	0	0	0	0	cannot fit data	28G4B01	1	46	0.00383333333333334	2024-04-15
G18	0	0	0	0	0	0	0	0	cannot fit data	12G1A05	1	46	0.0318333333333333	2024-04-15
G19	0	0	0	0	0	0	0	0	cannot fit data	28G3A07	1	46	0.00283333333333334	2024-04-15
G2	0	0	0	0	0	0	0	0	cannot fit data	26G3A08	1	46	0.00583333333333333	2024-04-15
G20	0	0	0	0	0	0	0	0	cannot fit data	09D09	1	46	0.0478333333333333	2024-04-15
G21	0	0.0176406848958481	0	2.45360525861723	1.69959495627249	2.93858029889174	2.89	0.0183708365392009		28D04	1	46	0.0998333333333333	2024-04-15
G22	0	0.0330945775682085	0	-9.95288531300077	3.36559010685839	1.40329642238708	1.13	0.00850326059617015	questionable fit (k < n0)	08G1A03	1	46	0.0368333333333333	2024-04-15
G23	0	0	0	0	0	0	0	0	cannot fit data	28D03	1	46	0.00483333333333333	2024-04-15
G24	0	0	0	0	0	0	0	0	cannot fit data	02G3A08	1	46	0.0188333333333333	2024-04-15
G3	0	0.030776579739148	0	-0.160013171618421	0.0480266093092413	1.62377801843925	1.3115	0.0131101182193093	questionable fit	33G4B03	1	46	0.0518333333333333	2024-04-15
G4	0	0	0	0	0	0	0	0	cannot fit data	25G3B04	1	46	0.0338333333333333	2024-04-15
G5	0	0	0	0	0	0	0	0	cannot fit data	33D06	1	46	0.0348333333333333	2024-04-15
G6	0	0	0	0	0	0	0	0	cannot fit data	24G4A05	1	46	0.0148333333333333	2024-04-15
G7	0	0	0	0	0	0	0	0	cannot fit data	32G4A01	1	46	0.0178333333333333	2024-04-15
G8	0	0	0	0	0	0	0	0	cannot fit data	24G2B09	1	46	0.0128333333333333	2024-04-15
G9	0	0	0	0	0	0	0	0	cannot fit data	32G2B08	1	46	0.0108333333333333	2024-04-15
H1	0	0	0	0	0	0	0	0	cannot fit data	35G3A04	2	46	0.0248333333333333	2024-04-15
H10	0	0	0	0	0	0	0	0	cannot fit data	23G3B12	2	46	0.0228333333333333	2024-04-15
H11	0	0	0	0	0	0	0	0	cannot fit data	32G2B05	2	46	0.0288333333333333	2024-04-15
H12	0	0	0	0	0	0	0	0	cannot fit data	23G3B04	2	46	0.0178333333333333	2024-04-15
H13	0	0.0298908249361768	0	-1.27399826624407	8.42197185444772	2.29537426596735	2.2475	0.0187237011342104	questionable fit	30G4B06	2	46	0.0918333333333333	2024-04-15
H14	0	0	0	0	0	0	0	0	cannot fit data	23D08	2	46	0.0198333333333333	2024-04-15
H15	0	0	0	0	0	0	0	0	cannot fit data	28G4B03	2	46	0.00483333333333333	2024-04-15
H16	0	0	0	0	0	0	0	0	cannot fit data	19G3B04	2	46	0.0238333333333333	2024-04-15
H17	0	0	0	0	0	0	0	0	cannot fit data	28G4B01	2	46	0.00283333333333334	2024-04-15
H18	0	0	0	0	0	0	0	0	cannot fit data	12G1A05	2	46	0.0308333333333333	2024-04-15
H19	0	0	0	0	0	0	0	0	cannot fit data	28G3A07	2	46	0.00283333333333334	2024-04-15
H2	0	0	0	0	0	0	0	0	cannot fit data	26G3A08	2	46	0.00683333333333333	2024-04-15
H20	0	0	0	0	0	0	0	0	cannot fit data	09D09	2	46	0.0458333333333333	2024-04-15
H21	0	0.0235612902872843	0	2.78272150907529	4.41921958065966	2.52331751756593	2.562	0.0128284837558815		28D04	2	46	0.0848333333333333	2024-04-15
H22	0	0	0	0	0	0	0	0	cannot fit data	08G1A03	2	46	0.0348333333333333	2024-04-15
H23	0	0	0	0	0	0	0	0	cannot fit data	28D03	2	46	0.00483333333333333	2024-04-15
H24	0	0	0	0	0	0	0	0	cannot fit data	02G3A08	2	46	0.0198333333333333	2024-04-15
H3	0	0	0	0	0	0	0	0	cannot fit data	33G4B03	2	46	0.0418333333333333	2024-04-15
H4	0	0	0	0	0	0	0	0	cannot fit data	25G3B04	2	46	0.0318333333333333	2024-04-15
H5	0	0	0	0	0	0	0	0	cannot fit data	33D06	2	46	0.0338333333333333	2024-04-15
H6	0	0	0	0	0	0	0	0	cannot fit data	24G4A05	2	46	0.0158333333333333	2024-04-15
H7	0	0	0	0	0	0	0	0	cannot fit data	32G4A01	2	46	0.0178333333333333	2024-04-15
H8	0	0	0	0	0	0	0	0	cannot fit data	24G2B09	2	46	0.00783333333333333	2024-04-15
H9	0	0	0	0	0	0	0	0	cannot fit data	32G2B08	2	46	0.0108333333333333	2024-04-15
I1	0	0	0	0	0	0	0	0	cannot fit data	35G3A04	3	46	0.0298333333333333	2024-04-15
I10	0	0	0	0	0	0	0	0	cannot fit data	23G3B12	3	46	0.0178333333333333	2024-04-15
I11	0	0	0	0	0	0	0	0	cannot fit data	32G2B05	3	46	0.0338333333333333	2024-04-15
I12	0	0	0	0	0	0	0	0	cannot fit data	23G3B04	3	46	0.0148333333333333	2024-04-15
I13	0.0858333333333333	0.0363139235942248	0.0122011524327118	1053.53418911988	56.809976302041	2.36960742818106	2.318	0.0152617320261951		30G4B06	3	46	0.0858333333333333	2024-04-15
I14	0	0	0	0	0	0	0	0	cannot fit data	23D08	3	46	0.0258333333333333	2024-04-15
I15	0	0	0	0	0	0	0	0	cannot fit data	28G4B03	3	46	0.00283333333333334	2024-04-15
I16	0	0	0	0	0	0	0	0	cannot fit data	19G3B04	3	46	0.0198333333333333	2024-04-15
I17	0	0	0	0	0	0	0	0	cannot fit data	28G4B01	3	46	0.00383333333333334	2024-04-15
I18	0	0	0	0	0	0	0	0	cannot fit data	12G1A05	3	46	0.0318333333333333	2024-04-15
I19	0	0	0	0	0	0	0	0	cannot fit data	28G3A07	3	46	0.00183333333333334	2024-04-15
I2	0	0	0	0	0	0	0	0	cannot fit data	26G3A08	3	46	0.00583333333333333	2024-04-15
I20	0	0	0	0	0	0	0	0	cannot fit data	09D09	3	46	0.0458333333333333	2024-04-15
I21	0	0.0258523758022353	0	4.52771433233568	7.22351287731567	2.52750166825974	2.497	0.0159432975804863		28D04	3	46	0.0898333333333333	2024-04-15
I22	0	0	0	0	0	0	0	0	cannot fit data	08G1A03	3	46	0.0328333333333333	2024-04-15
I23	0	0	0	0	0	0	0	0	cannot fit data	28D03	3	46	0.00783333333333333	2024-04-15
I24	0	0	0	0	0	0	0	0	cannot fit data	02G3A08	3	46	0.0188333333333333	2024-04-15
I3	0	0	0	0	0	0	0	0	cannot fit data	33G4B03	3	46	0.0388333333333333	2024-04-15
I4	0	0	0	0	0	0	0	0	cannot fit data	25G3B04	3	46	0.0298333333333333	2024-04-15
I5	0	0.0248110130816811	0	-289.433498374494	124.893883851177	1.15582650503066	0.802	0.0122044973548547	questionable fit (k < n0)	33D06	3	46	0.0358333333333333	2024-04-15
I6	0	0	0	0	0	0	0	0	cannot fit data	24G4A05	3	46	0.0148333333333333	2024-04-15
I7	0	0	0	0	0	0	0	0	cannot fit data	32G4A01	3	46	0.0188333333333333	2024-04-15
I8	0	0	0	0	0	0	0	0	cannot fit data	24G2B09	3	46	0.00783333333333333	2024-04-15
I9	0	0	0	0	0	0	0	0	cannot fit data	32G2B08	3	46	0.0108333333333333	2024-04-15
J1	0	0	0	0	0	0	0	0	cannot fit data	35G4A07	1	46	0.0128333333333333	2024-04-15
J10	0	0	0	0	0	0	0	0	cannot fit data	30G1B03	1	46	0.0198333333333333	2024-04-15
J11	0	0	0	0	0	0	0	0	cannot fit data	36G4B04	1	46	0.0598333333333333	2024-04-15
J12	0	0	0	0	0	0	0	0	cannot fit data	33G2A09	1	46	0.0468333333333333	2024-04-15
J13	0.0908333333333333	0.0232675639130221	0.0268079598801182	557.40108815065	25.8560212585967	2.27495647981272	2.186	0.0149484142256971		37G4A03	1	46	0.0908333333333333	2024-04-15
J14	0	0	0	0	0	0	0	0	cannot fit data	33G1B11	1	46	0.0168333333333333	2024-04-15
J15	0	0	0	0	0	0	0	0	cannot fit data	39G1A08	1	46	0.0448333333333333	2024-04-15
J16	0	0	0	0	0	0	0	0	cannot fit data	32G3B09	1	46	0.0338333333333333	2024-04-15
J17	0	0	0	0	0	0	0	0	cannot fit data	39G1A09	1	46	0.0398333333333333	2024-04-15
J18	0	0	0	0	0	0	0	0	cannot fit data	30G3A10	1	46	0.0428333333333333	2024-04-15
J19	0	0	0	0	0	0	0	0	cannot fit data	39G3A10	1	46	0.0458333333333333	2024-04-15
J2	0	0	0	0	0	0	0	0	cannot fit data	35D01	1	46	0.0268333333333333	2024-04-15
J20	0	0	0	0	0	0	0	0	cannot fit data	33G3A09	1	46	0.00683333333333333	2024-04-15
J21	0	0	0	0	0	0	0	0	cannot fit data	39G3B09	1	46	0.0278333333333333	2024-04-15
J22	0	0	0	0	0	0	0	0	cannot fit data	33G4B08	1	46	0.0138333333333333	2024-04-15
J23	0	0	0	0	0	0	0	0	cannot fit data	54.4B	1	46	0.0348333333333333	2024-04-15
J24	0	0	0	0	0	0	0	0	cannot fit data	35D06	1	46	0.0178333333333333	2024-04-15
J3	0	0	0	0	0	0	0	0	cannot fit data	35G4B10	1	46	0.0178333333333333	2024-04-15
J4	0	0.00683375319928801	0	-0.216845193266184	0.122305420943795	0.423599962835837	0.388	0.00171391736674663	questionable fit	28G4B05	1	46	0.0108333333333333	2024-04-15
J5	0	0	0	0	0	0	0	0	cannot fit data	36G2A07	1	46	0.0358333333333333	2024-04-15
J6	0	0	0	0	0	0	0	0	cannot fit data	28G4B10	1	46	0.0138333333333333	2024-04-15
J7	0	0	0	0	0	0	0	0	cannot fit data	36G3B02	1	46	0.0408333333333333	2024-04-15
J8	0	0	0	0	0	0	0	0	cannot fit data	30D10	1	46	0.0288333333333333	2024-04-15
J9	0	0	0	0	0	0	0	0	cannot fit data	36G3B05	1	46	0.0398333333333333	2024-04-15
K1	0	0	0	0	0	0	0	0	cannot fit data	35G4A07	2	46	0.00983333333333333	2024-04-15
K10	0	0	0	0	0	0	0	0	cannot fit data	30G1B03	2	46	0.0278333333333333	2024-04-15
K11	0	0	0	0	0	0	0	0	cannot fit data	36G4B04	2	46	0.0448333333333333	2024-04-15
K12	0	0	0	0	0	0	0	0	cannot fit data	33G2A09	2	46	0.0508333333333333	2024-04-15
K13	0.0788333333333333	0.0193121826996767	0.0281274450857046	575.413102727336	24.6430907054629	1.96220666125784	1.902	0.0160592379202437		37G4A03	2	46	0.0788333333333333	2024-04-15
K14	0	0	0	0	0	0	0	0	cannot fit data	33G1B11	2	46	0.0218333333333333	2024-04-15
K15	0	0	0	0	0	0	0	0	cannot fit data	39G1A08	2	46	0.0418333333333333	2024-04-15
K16	0	0	0	0	0	0	0	0	cannot fit data	32G3B09	2	46	0.0318333333333333	2024-04-15
K17	0	0	0	0	0	0	0	0	cannot fit data	39G1A09	2	46	0.0398333333333333	2024-04-15
K18	0	0	0	0	0	0	0	0	cannot fit data	30G3A10	2	46	0.0368333333333333	2024-04-15
K19	0	0	0	0	0	0	0	0	cannot fit data	39G3A10	2	46	0.0448333333333333	2024-04-15
K2	0	0	0	0	0	0	0	0	cannot fit data	35D01	2	46	0.0278333333333333	2024-04-15
K20	0	0	0	0	0	0	0	0	cannot fit data	33G3A09	2	46	0.00883333333333333	2024-04-15
K21	0	0	0	0	0	0	0	0	cannot fit data	39G3B09	2	46	0.0278333333333333	2024-04-15
K22	0	0	0	0	0	0	0	0	cannot fit data	33G4B08	2	46	0.0158333333333333	2024-04-15
K23	0	0	0	0	0	0	0	0	cannot fit data	54.4B	2	46	0.0358333333333333	2024-04-15
K24	0	0	0	0	0	0	0	0	cannot fit data	35D06	2	46	0.0208333333333333	2024-04-15
K3	0	0	0	0	0	0	0	0	cannot fit data	35G4B10	2	46	0.0158333333333333	2024-04-15
K4	0	0.00683035140965606	0	-0.20712944751087	0.19191773011792	0.481942387646012	0.456	0.0015629010390233	questionable fit	28G4B05	2	46	0.0118333333333333	2024-04-15
K5	0	0	0	0	0	0	0	0	cannot fit data	36G2A07	2	46	0.0328333333333333	2024-04-15
K6	0	0	0	0	0	0	0	0	cannot fit data	28G4B10	2	46	0.0118333333333333	2024-04-15
K7	0	0	0	0	0	0	0	0	cannot fit data	36G3B02	2	46	0.0448333333333333	2024-04-15
K8	0	0	0	0	0	0	0	0	cannot fit data	30D10	2	46	0.0268333333333333	2024-04-15
K9	0	0	0	0	0	0	0	0	cannot fit data	36G3B05	2	46	0.0418333333333333	2024-04-15
L1	0	0	0	0	0	0	0	0	cannot fit data	35G4A07	3	46	0.00983333333333333	2024-04-15
L10	0	0	0	0	0	0	0	0	cannot fit data	30G1B03	3	46	0.0238333333333333	2024-04-15
L11	0	0	0	0	0	0	0	0	cannot fit data	36G4B04	3	46	0.0608333333333333	2024-04-15
L12	0	0.042246030372205	0	-21.106502502201	6.47620859413105	1.85477941712595	1.296	0.0170876195539396	questionable fit (k < n0)	33G2A09	3	46	0.0498333333333333	2024-04-15
L13	0.0928333333333333	0.0160991424880699	0.0328363392629981	533.986649439795	21.1091490743922	1.88086420471294	1.719	0.0188059054907186		37G4A03	3	46	0.0928333333333333	2024-04-15
L14	0	0	0	0	0	0	0	0	cannot fit data	33G1B11	3	46	0.0208333333333333	2024-04-15
L15	0	0	0	0	0	0	0	0	cannot fit data	39G1A08	3	46	0.0408333333333333	2024-04-15
L16	0	0	0	0	0	0	0	0	cannot fit data	32G3B09	3	46	0.0348333333333333	2024-04-15
L17	0	0	0	0	0	0	0	0	cannot fit data	39G1A09	3	46	0.0408333333333333	2024-04-15
L18	0	0	0	0	0	0	0	0	cannot fit data	30G3A10	3	46	0.0408333333333333	2024-04-15
L19	0	0	0	0	0	0	0	0	cannot fit data	39G3A10	3	46	0.0438333333333333	2024-04-15
L2	0	0	0	0	0	0	0	0	cannot fit data	35D01	3	46	0.0278333333333333	2024-04-15
L20	0	0.1325607989514	0	-9.32692074145233	220.315934509462	2.30609408504137	0.93	0.0731638160284318	questionable fit (k < n0)	33G3A09	3	46	0.262833333333333	2024-04-15
L21	0	0	0	0	0	0	0	0	cannot fit data	39G3B09	3	46	0.0278333333333333	2024-04-15
L22	0	0	0	0	0	0	0	0	cannot fit data	33G4B08	3	46	0.0168333333333333	2024-04-15
L23	0	0	0	0	0	0	0	0	cannot fit data	54.4B	3	46	0.0358333333333333	2024-04-15
L24	0	0	0	0	0	0	0	0	cannot fit data	35D06	3	46	0.0218333333333333	2024-04-15
L3	0	0	0	0	0	0	0	0	cannot fit data	35G4B10	3	46	0.0198333333333333	2024-04-15
L4	0	0.00983982550620395	0	-0.43355783312748	0.131062263503829	0.519802964891151	0.494	0.00143638242052017	questionable fit	28G4B05	3	46	0.0128333333333333	2024-04-15
L5	0	0	0	0	0	0	0	0	cannot fit data	36G2A07	3	46	0.0358333333333333	2024-04-15
L6	0	0	0	0	0	0	0	0	cannot fit data	28G4B10	3	46	0.0118333333333333	2024-04-15
L7	0	0	0	0	0	0	0	0	cannot fit data	36G3B02	3	46	0.0438333333333333	2024-04-15
L8	0	0	0	0	0	0	0	0	cannot fit data	30D10	3	46	0.0288333333333333	2024-04-15
L9	0	0	0	0	0	0	0	0	cannot fit data	36G3B05	3	46	0.0358333333333333	2024-04-15
