sample	k	n0	r	t_mid	t_gen	auc_l	auc_e	sigma	note	StrainID	replicate	Temp	max.OD	date
A1	0.0986666666666667	0.015236604885397	0.0380614454085461	506.476399277027	18.2112679410833	2.08760715537864	2.135	0.00690146535179385		02D05	1	4	0.0986666666666667	2024-02-20
A10	0.141666666666667	0.0301250829056974	0.0315094958496266	576.174245670131	21.9980409673283	3.38242033932775	3.4045	0.00508702271574671		26G1B06	1	4	0.141666666666667	2024-02-20
A11	0.0366666666666667	0.0210264101116659	0.0101840561165188	1329.84724726053	68.0619954004027	1.30157988747687	1.3035	0.00274169680960972		25G4A05	1	4	0.0366666666666667	2024-02-20
A12	0.523058833267434	0.0278122688656147	0.0513564508128381	56.0704342577708	13.4967890029245	4.6096283091258	4.6495	0.0037479346780671		26G3B01	1	4	0.203666666666667	2024-02-20
A13	0.393704243003658	0.0296697644268259	0.0603559024458727	41.5389380064318	11.4843313159233	5.40543230998857	5.444	0.00405939962352728		26G1A06	1	4	0.231666666666667	2024-02-20
A14	0.124666666666667	0.0293793513564356	0.0304462340490022	568.286702996796	22.7662698593313	3.19601468659896	3.226	0.00387169374500859		Grass-36	1	4	0.124666666666667	2024-02-20
A15	0.0106666666666667	0.00483170211701164	0.00348724809120545	2414.99889270457	198.766236995872	0.252456992480994	0.2625	0.00347217917838512		41G3A07	1	4	0.0106666666666667	2024-02-20
A16	0.132666666666667	0.0265839122369829	0.0338689233280558	495.531406368396	20.4655806104639	3.2039985846967	3.2275	0.00365371706248321		Grass-39	1	4	0.132666666666667	2024-02-20
A17	0.473815494088453	0.0230210849195482	0.0488081352593035	60.944775551212	14.2014681953624	3.65519692784863	3.6875	0.00580132739903947		Desert-26	1	4	0.157666666666667	2024-02-20
A18	0.301159594359616	0.0240996732106061	0.0551026286924612	44.3179496495789	12.5792035154718	3.91501229187073	3.911	0.00339925667136832		Grass-40	1	4	0.164666666666667	2024-02-20
A19	0.389204412513652	0.0243245338984113	0.0477054150515072	56.7667785793832	14.5297379723362	3.59957363638301	3.605	0.00429956524349807		Grass-31	1	4	0.152666666666667	2024-02-20
A2	0.224612234167698	0.0301902602010653	0.0552760313398243	33.694740972467	12.5397421587421	4.14625708447049	4.1535	0.00390733175181807		08G1B09	1	4	0.150666666666667	2024-02-20
A20	0.135666666666667	0.0208851269608245	0.0391446244786553	477.337604669303	17.7073401467398	2.95930583242364	2.9845	0.00407361105290395		Grass-42	1	4	0.135666666666667	2024-02-20
A21	0.219581662577473	0.0289555331558446	0.0541718134650504	34.7884377108754	12.7953475474314	3.9411092335965	3.9615	0.00428466765381977		Grass-34	1	4	0.145666666666667	2024-02-20
A22	0.309888888344406	0.0332890270974175	0.0466110573381047	45.4257897679572	14.8708744264699	4.2635990165799	4.3	0.00341663670767521		09G3B12	1	4	0.161666666666667	2024-02-20
A23	0	0.0199380618581081	0	13.7881877537489	17.8190550604348	1.53445092467187	1.523	0.00321671474213886		04G2A10	1	4	0.0466666666666667	2024-02-20
A24	0.225843572356101	0.0272121992556186	0.0633852537208805	31.3603751495571	10.9354643212796	4.36526576109121	4.4155	0.00771441447393716		12G2A10	1	4	0.169666666666667	2024-02-20
A3	0.430588344970416	0.0219094737031115	0.0607366263742801	48.1753882957521	11.4123424684231	4.50613182507466	4.543	0.00391579081910351		02G1B04	1	4	0.211666666666667	2024-02-20
A4	0.453493714888416	0.0232391479624196	0.0478372621408753	61.0097369757966	14.4896917076631	3.57413083613915	3.594	0.00446203049781381		08G4B02	1	4	0.157666666666667	2024-02-20
A5	0.388537986692884	0.0252543127726238	0.0501596396844394	53.1540312628063	13.8188229604643	3.91181596384063	3.922	0.00552187843355838		02G2A03	1	4	0.168666666666667	2024-02-20
A6	0.201666666666667	0.0317005336691552	0.0417431303843964	91.2014386746577	16.6050599027198	4.5615097510465	4.5815	0.00392589048622462		09G1A07	1	4	0.201666666666667	2024-02-20
A7	0	0	0	0	0	0	0	0	cannot fit data	04G1A01	1	4	0.0186666666666667	2024-02-20
A8	0.165666666666667	0.0346825480914967	0.0319930035418694	574.549445393937	21.6655863414893	3.95078237019442	3.974	0.00481389968424816		26G1B04	1	4	0.165666666666667	2024-02-20
A9	0.206666666666667	0.0385811228375262	0.0373515669000862	103.771541117848	18.5573789290844	4.92512179279583	4.946	0.00328059856132784		25G3A08	1	4	0.206666666666667	2024-02-20
B1	0.400936772792816	0.0283279665358695	0.0297246442575408	86.6849586719049	23.3189394818107	2.72236688320096	2.7535	0.0048278960217229		02D05	2	4	0.0946666666666667	2024-02-20
B10	0.270715131156219	0.0267616771835965	0.0462164400259802	47.8186233108348	14.9978488211186	3.47503640522717	3.4895	0.00267659248067774		26G1B06	2	4	0.133666666666667	2024-02-20
B11	0.0336666666666667	0.018620664179513	0.0097595575519009	1441.94824515581	71.0223979800128	1.14005221039046	1.1605	0.00289056676891169		25G4A05	2	4	0.0336666666666667	2024-02-20
B12	0.293045448453546	0.0228940893017975	0.0569535299497756	43.3353933531727	12.1703989405256	3.87666215853971	3.906	0.00311276701616575		26G3B01	2	4	0.164666666666667	2024-02-20
B13	0.29015415663031	0.0294464362608858	0.0501581686998403	43.4790004912654	13.8192282239792	4.08366022582701	4.164	0.00989941820092324		26G1A06	2	4	0.155666666666667	2024-02-20
B14	0.107666666666667	0.0220726404708563	0.0332748619167042	580.869544395183	20.8309558818028	2.61300721132333	2.631	0.0033322984443439		Grass-36	2	4	0.107666666666667	2024-02-20
B15	0	0	0	0	0	0	0	0	cannot fit data	41G3A07	2	4	0.00866666666666667	2024-02-20
B16	0.569701613624691	0.0193158818059017	0.0400684759380471	83.5991795432705	17.2990652709545	2.57002145009314	2.59	0.00381127313963888		Grass-39	2	4	0.107666666666667	2024-02-20
B17	0.182347733688021	0.0176872811739518	0.0629070244612399	35.4656686691222	11.018597469779	3.07593638814329	3.105	0.00451554002092643		Desert-26	2	4	0.120666666666667	2024-02-20
B18	0.182312288971254	0.0219333973646021	0.0572647757043998	34.7426248478222	12.1042503359825	3.23121568145479	3.227	0.00274442447665684		Grass-40	2	4	0.127666666666667	2024-02-20
B19	0.151240535083817	0.0186409109751169	0.0623011027632363	31.4918272042306	11.1257610189361	2.91945485412154	2.9455	0.00426628193649276		Grass-31	2	4	0.109666666666667	2024-02-20
B2	0.320831400188328	0.0200549844495972	0.0489348620420047	55.3366117129268	14.1646906037042	3.04944007429166	3.0525	0.00325990996736588		08G1B09	2	4	0.132666666666667	2024-02-20
B20	0.174413783685569	0.0143745582915089	0.0558169645280558	43.1761043548824	12.418217049613	2.34605308475273	2.352	0.00247112939161806		Grass-42	2	4	0.0966666666666667	2024-02-20
B21	0.185596793895041	0.0230535144497297	0.0611263553982387	31.9522742703709	11.3395797286471	3.54252183707746	3.5735	0.0044328171837192		Grass-34	2	4	0.132666666666667	2024-02-20
B22	0.199930739198285	0.0195567165987773	0.0578445926863565	38.4083231935651	11.982920932961	3.13012456488406	3.1195	0.00401540262518484		09G3B12	2	4	0.127666666666667	2024-02-20
B23	0.0626666666666667	0.0308392867099518	0.0139429663680562	1095.69609847105	49.713035394532	2.10741076735032	2.115	0.00287059487584289		04G2A10	2	4	0.0626666666666667	2024-02-20
B24	0.21644563813266	0.025048900157149	0.0614255274570112	33.1054302571821	11.2843504851472	3.97750429031501	4.0175	0.0126914469499618		12G2A10	2	4	0.176666666666667	2024-02-20
B3	0.24074905585787	0.0271317328356985	0.0732716273408612	28.1620906041569	9.45996705294137	5.07324665155496	5.0995	0.00439902748527981		02G1B04	2	4	0.195666666666667	2024-02-20
B4	0.194819093981094	0.0158389494363325	0.0688127697294002	35.2376866120874	10.0729440667144	3.23009792338991	3.24	0.00361790466413187		08G4B02	2	4	0.135666666666667	2024-02-20
B5	0.226091637899419	0.029398542254184	0.0639429791311954	29.7249136612096	10.8400826795664	4.59628236905648	4.6235	0.00400573689225971		02G2A03	2	4	0.170666666666667	2024-02-20
B6	0.247772006543321	0.0257198141162597	0.0595834803578789	36.1786651296358	11.6332106885443	4.14385670161662	4.143	0.00227108216539773		09G1A07	2	4	0.166666666666667	2024-02-20
B7	0.0206666666666667	0.014695287827909	0.00261428004906325	4169.72067953263	265.138840350449	0.75154073133515	0.7645	0.0026895462900256		04G1A01	2	4	0.0206666666666667	2024-02-20
B8	0.214734957645034	0.0265296522455634	0.0570517253612943	34.3420000792737	12.1494516803903	3.85770896434578	3.88	0.00319739923644332		26G1B04	2	4	0.145666666666667	2024-02-20
B9	0.228642016975487	0.0277017528385686	0.0737216204067371	26.8783020373856	9.4022238894874	5.02185220071015	5.05	0.00412084625327561		25G3A08	2	4	0.190666666666667	2024-02-20
C1	0.213882359588687	0.0230234359659443	0.0336829522263065	62.7920578029588	20.5785756516496	2.29135142920171	2.2925	0.00371777974069618		02D05	3	4	0.0816666666666667	2024-02-20
C10	0.130184032472141	0.0180558454415861	0.0794280163038551	22.9915507062994	8.72673412751847	3.22170098045653	3.2395	0.00728918496409418		26G1B06	3	4	0.128666666666667	2024-02-20
C11	0	0.0177931614326198	0	44.3258131964843	26.3856567360415	1.34102546303458	1.342	0.00757285016978388		25G4A05	3	4	0.0606666666666667	2024-02-20
C12	0.238341644421422	0.0222327117453422	0.0645492523293555	35.2322886796223	10.738268152561	4.02434865822394	4.026	0.00682668506200485		26G3B01	3	4	0.164666666666667	2024-02-20
C13	0.165953478668668	0.0351169927785128	0.0762157549755152	17.2571039491388	9.09453932172715	4.78384732033095	4.815	0.0107604855597659		26G1A06	3	4	0.170666666666667	2024-02-20
C14	0.0967194825318352	0.0174989682506201	0.0833639549881058	18.1144640044308	8.31471084425927	2.75125032478532	2.782	0.00910519529330727		Grass-36	3	4	0.112666666666667	2024-02-20
C15	0	0	0	0	0	0	0	0	cannot fit data	41G3A07	3	4	0.0336666666666667	2024-02-20
C16	0.264664159789294	0.0210563301762247	0.0452245622349775	54.1378029926552	15.3267858505406	2.81524608479729	2.8385	0.00771682767577783		Grass-39	3	4	0.118666666666667	2024-02-20
C17	0.125411687140696	0.0229725645182834	0.0725270043317238	20.612571184829	9.55709100281642	3.30715031479863	3.3395	0.0085639203319952		Desert-26	3	4	0.128666666666667	2024-02-20
C18	0.157886059520066	0.021381198889638	0.0475151469940561	39.0159425146096	14.5879203666707	2.60405855294189	2.626	0.00858479268921914		Grass-40	3	4	0.110666666666667	2024-02-20
C19	0.128997510719477	0.0263443711282291	0.0756837781059551	17.9708403793883	9.15846430908298	3.65147201184606	3.668	0.00861134192543929		Grass-31	3	4	0.136666666666667	2024-02-20
C2	0.209231259721405	0.021983866963151	0.0612790980825201	34.9568107394512	11.311314987478	3.617865756451	3.627	0.00238894938720398		08G1B09	3	4	0.144666666666667	2024-02-20
C20	0.12406830700068	0.0160284636123044	0.0677517135188471	28.1636266116903	10.2306959419872	2.63214745001752	2.637	0.00646752016770292		Grass-42	3	4	0.109666666666667	2024-02-20
C21	0.151303111111282	0.0303676265027847	0.062631900017902	22.063518664473	11.0669990909077	3.81751099218331	3.8275	0.00575454567307344		Grass-34	3	4	0.130666666666667	2024-02-20
C22	0.154120704636572	0.0253184148247846	0.0642331942518689	25.3256376370661	10.7911055745103	3.56667553143947	3.5645	0.00291736392780241		09G3B12	3	4	0.125666666666667	2024-02-20
C23	0	0.0178249699932183	0	15.6382996667395	13.4358769118184	1.64939349934555	1.6345	0.00370957239377859		04G2A10	3	4	0.0496666666666667	2024-02-20
C24	0.604781253422242	0.0312214164550137	0.0294861490508551	98.7161117040284	23.5075519480169	3.06112350732618	3.0665	0.00361696149176266		12G2A10	3	4	0.109666666666667	2024-02-20
C3	0.256724984023994	0.0435129244663497	0.0496758441193751	31.9919927936865	13.9534051780631	5.0753982834801	5.0335	0.0107345601844188		02G1B04	3	4	0.191666666666667	2024-02-20
C4	0.193732797118235	0.0191172462946867	0.0727283160266428	30.4145063533358	9.53063701221986	3.78423368823308	3.7895	0.00870359165301148		08G4B02	3	4	0.160666666666667	2024-02-20
C5	0.221202760288345	0.0295759890463717	0.0666029094789506	28.0556321602246	10.4071606778531	4.71555216578528	4.7115	0.00777489874045195		02G2A03	3	4	0.178666666666667	2024-02-20
C6	0.211762013792574	0.0232138245028866	0.0767104410592745	27.3053525236238	9.03589095550041	4.57530941221868	4.573	0.00588383179422571		09G1A07	3	4	0.175666666666667	2024-02-20
C7	0.0316666666666667	0.00995792126637418	0.0116048156291109	1048.73026825618	59.729271253666	0.639686503603731	0.654	0.00545753609312905		04G1A01	3	4	0.0316666666666667	2024-02-20
C8	0.121955879478954	0.0178980456340941	0.077843051393767	22.6128765932224	8.90441944591405	3.05080203478254	3.0685	0.00465996146462282		26G1B04	3	4	0.110666666666667	2024-02-20
C9	0.168583026667458	0.0340620819883917	0.0847310730636269	16.2105241834973	8.18055473036961	5.04031300128255	5.072	0.00717733516273828		25G3A08	3	4	0.165666666666667	2024-02-20
D1	0	0.0180519766926796	0	15.7755897140234	9.2115181746137	2.30203758868865	2.305	0.0041821615671894		16G1A05	1	4	0.0776666666666667	2024-02-20
D10	0	0.0325403822695437	0	0.28142587609494	10.7085541370305	2.48518544143545	2.4955	0.00874873863678786		30G3A09	1	4	0.0876666666666667	2024-02-20
D11	0	0.0340079480075234	0	6.04551638793804	21.4641767301745	2.29606352348908	2.313	0.00850254223778239		28G1A08	1	4	0.0836666666666667	2024-02-20
D12	0.134966061616197	0.0322657382753329	0.0677075376739283	17.1001541684388	10.2373709689173	3.85781168867274	3.901	0.00958810422707008		32G4B12	1	4	0.141666666666667	2024-02-20
D13	0.103567133069047	0.0183285240599558	0.0561722574087435	27.3621894744423	12.339671085607	2.28138212990263	2.3015	0.00949386037385866		Grass-43	1	4	0.101666666666667	2024-02-20
D14	0.0965288841780975	0.0149833292958291	0.0613728773646276	27.6054128414275	11.2940310170212	2.09901622950529	2.101	0.0115250448107781		Grass-53	1	4	0.105666666666667	2024-02-20
D15	0.116210799305634	0.0331386413187297	0.0566297612070748	16.2283854095033	12.2399806353651	3.31747260418067	3.311	0.0117573105955539		Grass-44	1	4	0.130666666666667	2024-02-20
D16	0.12698714558533	0.0303003010531664	0.0633772880537327	18.308131137953	10.9368387611076	3.50833826741208	3.513	0.00950056398847636		Grass-54	1	4	0.132666666666667	2024-02-20
D17	0.116543707721713	0.026617372940402	0.0480710041734004	25.3255935260644	14.4192365539036	2.71667650525034	2.7265	0.0108993287657957		Grass-45	1	4	0.114666666666667	2024-02-20
D18	0.130669474023	0.0250495406903494	0.0585945674644621	24.55844776571	11.8295468428936	3.09182297776587	3.1145	0.00900825103067448		Grass-55	1	4	0.123666666666667	2024-02-20
D19	0.123030135996796	0.0208787262186875	0.0698571838204612	22.7281616448478	9.92234645961955	3.0598552326638	3.076	0.00798742439271292		Grass-51	1	4	0.121666666666667	2024-02-20
D2	0.243280173408142	0.0276548707409072	0.0583230340446593	35.2131941633354	11.8846214349752	4.22683688205318	4.2235	0.00308174800138048		19G2B10	1	4	0.165666666666667	2024-02-20
D20	0.126811480748206	0.0303936474634154	0.0608421161158677	18.9746450194637	11.3925554338037	3.43869416327006	3.4355	0.00696956081375635		Grass-57	1	4	0.121666666666667	2024-02-20
D21	0.119720785413866	0.00621083525286909	0.0617372070572625	47.063922228173	11.2273815677641	1.29768981264003	1.306	0.00944361061923804		18G1A07	1	4	0.0796666666666667	2024-02-20
D22	0.167553063622101	0.0316617707748908	0.0617467922779936	23.5922419804809	11.2256386929266	4.06429571342902	4.0595	0.00715089853294824		19G3B08	1	4	0.144666666666667	2024-02-20
D23	0	0.00559118503476813	0	2.46812876647752	4.05959486453012	0.600919700196845	0.5965	0.00279443408717564		18G4B09	1	4	0.0206666666666667	2024-02-20
D24	0.199666666666667	0.0412047198669481	0.0364489603992683	89.7501468308372	19.0169259415657	4.95316041721795	4.9615	0.0029467471727911		19G4A01	1	4	0.199666666666667	2024-02-20
D3	0.0546666666666667	0.00593819654288762	0.016596607927142	637.113078842464	41.7643884583413	0.435813324629151	0.429	0.0129471062490578		16G2A12	1	4	0.0546666666666667	2024-02-20
D4	0	0.0102284756851324	0	47.0640448693964	19.2920016128978	0.989353263066478	0.9765	0.0131350678139685		19G3B07	1	4	0.0726666666666667	2024-02-20
D5	0.188552707999341	0.025744498298933	0.0801403987045228	23.0140099657426	8.6491606201708	4.66374179145414	4.6685	0.0117718936695807		26G3B03	1	4	0.191666666666667	2024-02-20
D6	0.14279939279011	0.023339705230765	0.0747792577899122	21.8352391117148	9.26924391931384	3.6479768746162	3.6615	0.00968288588112		28G3A04	1	4	0.145666666666667	2024-02-20
D7	0.156586097298843	0.0231157614330155	0.0834982711701952	20.9988126382622	8.30133571444968	4.11557870310489	4.143	0.0112176357684674		26G3B10	1	4	0.167666666666667	2024-02-20
D8	0	0.0251968086538651	0	2.41563375792563	18.2961418619359	1.7315106436662	1.7275	0.00918431293771435		28G4A10	1	4	0.0726666666666667	2024-02-20
D9	0	0.0224263411867831	0	-15.6454019514691	15.7480004022758	1.35075062714042	1.338	0.00786600845643033	questionable fit	28D10	1	4	0.0566666666666667	2024-02-20
E1	0.102333386778273	0.0343982382928486	0.0684108012335046	9.94796418768273	10.1321307171078	3.38800717302967	3.431	0.0069172260340143		16G1A05	2	4	0.0976666666666667	2024-02-20
E10	0	0.0219538085026552	0	-24.1737085033283	26.9157503094099	1.246292785146	1.2435	0.00967967052172023	questionable fit	30G3A09	2	4	0.0596666666666667	2024-02-20
E11	0	0.0485160165695273	0	-39.0413543040646	10.1234985972563	2.21348418656521	2.197	0.00839895908524078	questionable fit (k < n0)	28G1A08	2	4	0.0716666666666667	2024-02-20
E12	0.0878698763475971	0.0246984928755459	0.0589134265959901	15.9404949791746	11.7655213863782	2.5349518099049	2.5555	0.00959798063641547		32G4B12	2	4	0.101666666666667	2024-02-20
E13	0	0.0221974815993559	0	10.1071033151864	13.6697664185755	1.85649978468567	1.869	0.0107186705198958		Grass-43	2	4	0.0816666666666667	2024-02-20
E14	0	0.0169578026117361	0	18.1569361981576	10.3360677902041	2.06948669152842	2.082	0.0139324826910311		Grass-53	2	4	0.106666666666667	2024-02-20
E15	0	0.0211691352766047	0	13.6188958635033	8.98926867777028	2.56239283724689	2.557	0.015204947683699		Grass-44	2	4	0.122666666666667	2024-02-20
E16	0.100057933306011	0.020276179661989	0.0784892670436473	17.4526798050102	8.83110782744972	2.87876739489577	2.874	0.0155679560477072		Grass-54	2	4	0.137666666666667	2024-02-20
E17	0.094900366827334	0.0284121779693105	0.0571862739850292	14.8673170411113	12.1208662893723	2.78630102706674	2.8025	0.00915650904275051		Grass-45	2	4	0.104666666666667	2024-02-20
E18	0.138646026915012	0.0207354256599475	0.0470589911844994	36.9341342650644	14.7293251111651	2.43076258254244	2.434	0.00710242080713489		Grass-55	2	4	0.0996666666666667	2024-02-20
E19	0.118133723681909	0.0281268002852966	0.071856878268488	16.1872287442631	9.64621894608407	3.47029719836584	3.4745	0.0117215126064535		Grass-51	2	4	0.138666666666667	2024-02-20
E2	0.216883460764247	0.0191500994405222	0.0627321355485979	37.2155600061404	11.04931586496	3.44043952620231	3.448	0.00340529158726492		19G2B10	2	4	0.143666666666667	2024-02-20
E20	0.107303075267145	0.0171588671208457	0.0508878071599667	32.599078640527	13.6210856636252	2.07835987385707	2.0875	0.00857338756052032		Grass-57	2	4	0.0936666666666667	2024-02-20
E21	0.162421582228478	0.00899310208382592	0.0565040741462964	50.2048166538215	12.267207117938	1.65524299972731	1.661	0.00678917579061118		18G1A07	2	4	0.0836666666666667	2024-02-20
E22	0.12299109360534	0.0253197833620059	0.0603760743933822	22.3602119995374	11.480494343566	3.07670344192442	3.101	0.00445184473018211		19G3B08	2	4	0.104666666666667	2024-02-20
E23	0.0186666666666667	0.0112980979570441	0.00835915819120058	1266.64139788396	82.9206918574169	0.667238829170374	0.6635	0.00171170817980113		18G4B09	2	4	0.0186666666666667	2024-02-20
E24	0.19651304936241	0.026374401044849	0.0541397423650509	34.4334811953344	12.802927208006	3.56529718397358	3.5775	0.00601674555318685		19G4A01	2	4	0.131666666666667	2024-02-20
E3	0.0476666666666667	0.00671334915431164	0.00846749763031707	1344.32119436435	81.8597430813796	0.397577411593384	0.394	0.0115782616477126		16G2A12	2	4	0.0476666666666667	2024-02-20
E4	0	0.00641448189419496	0	62.6148562831313	20.8330624275417	0.63014963585566	0.6225	0.0117203600598931		19G3B07	2	4	0.0576666666666667	2024-02-20
E5	0.163595102945016	0.0319327069760352	0.0690446664548465	20.5173017870627	10.0391125940661	4.31253480572592	4.338	0.00877126258952193		26G3B03	2	4	0.158666666666667	2024-02-20
E6	0.143912724316191	0.0285328979666348	0.069056784586903	20.2322160808713	10.0373509236832	3.82138078396665	3.821	0.00901632677232142		28G3A04	2	4	0.144666666666667	2024-02-20
E7	0.122647892660847	0.0314264612546164	0.108425061362453	9.82835145701534	6.39286869520718	4.36470421781457	4.4455	0.0118946084841742		26G3B10	2	4	0.138666666666667	2024-02-20
E8	0	0.0255466002289094	0	-8.12383781733712	9.5020967859224	1.67384634386242	1.66	0.00838403045819689	questionable fit	28G4A10	2	4	0.0656666666666667	2024-02-20
E9	0.0636666666666667	0.0334304200677911	0.00282273829818198	3727.09639120285	245.558428497029	1.71844627974423	1.7205	0.00801810925639201		28D10	2	4	0.0636666666666667	2024-02-20
F1	0.107906721162213	0.0295194964533782	0.0860458951618807	11.3498734637418	8.05555197323366	3.60642438070437	3.624	0.0052440102665355		16G1A05	3	4	0.107666666666667	2024-02-20
F10	0	0.0316666668498189	0	-2.35372780432545	0.590662738967387	1.42564930255613	1.4135	0.0068444247809395	questionable fit (k < n0)	30G3A09	3	4	0.0426666666666667	2024-02-20
F11	0	0.0542229742568417	0	-29.0064689469332	13.7439370992449	2.20044215731722	2.093	0.00931346764508453	questionable fit (k < n0)	28G1A08	3	4	0.0606666666666667	2024-02-20
F12	0	0.0246527313927564	0	2.23677198684802	6.15128793359471	2.29497435172245	2.3285	0.0086583296915617		32G4B12	3	4	0.0686666666666667	2024-02-20
F13	0	0.029733584820301	0	-12.6338728078245	17.5795378019918	1.8250895869178	1.8385	0.00946554764482243	questionable fit	Grass-43	3	4	0.0636666666666667	2024-02-20
F14	0	0.0160586236071225	0	5.20840138130633	5.15600581189053	1.92723525152957	1.975	0.0123850260022328		Grass-53	3	4	0.0716666666666667	2024-02-20
F15	0	0.0372434107822945	0	2.17998856027268	7.25081274050371	3.30243155509363	3.311	0.0115188765076544		Grass-44	3	4	0.110666666666667	2024-02-20
F16	0.0912090718946414	0.0238244256956678	0.103652175555366	10.0307189989851	6.68724198837194	3.21377159120325	3.2675	0.0086921242334214		Grass-54	3	4	0.106666666666667	2024-02-20
F17	0	0.0279453226585316	0	8.65986577267319	8.51304870110238	2.94918490685358	2.972	0.00765567136559706		Grass-45	3	4	0.0986666666666667	2024-02-20
F18	0.125429956890502	0.0243697566223726	0.0623198840973232	22.8237507390185	11.122408050013	3.10381131988928	3.1235	0.00726491729535988		Grass-55	3	4	0.118666666666667	2024-02-20
F19	0.114213173371393	0.0355078425182628	0.0506203274895134	15.7240646375534	13.6930599807664	3.248492825584	3.2545	0.0081751269626815		Grass-51	3	4	0.113666666666667	2024-02-20
F2	0.189363945030948	0.0242622736677598	0.0614496322517555	31.2066774685492	11.2799239826231	3.69671678055149	3.682	0.00282981957347758		19G2B10	3	4	0.140666666666667	2024-02-20
F20	0.0934088287068069	0.0237221457913193	0.0462777713433898	23.2854818179225	14.9779723707234	2.27548154265455	2.278	0.00752523024515733		Grass-57	3	4	0.0896666666666667	2024-02-20
F21	0	0.0108321622361851	0	27.6206213048662	13.0792468493887	1.26654931282397	1.2685	0.00816316527767845		18G1A07	3	4	0.0656666666666667	2024-02-20
F22	0.112402637366384	0.0263464634378224	0.082442801981308	14.3574234341131	8.40761308327561	3.4999429158311	3.5225	0.00569324535465522		19G3B08	3	4	0.115666666666667	2024-02-20
F23	0	0.0116550750719672	0	-6.46884550144351	4.92029439372276	0.745200789726926	0.7435	0.00115149882978279	questionable fit	18G4B09	3	4	0.0176666666666667	2024-02-20
F24	0.143251425901985	0.0277295453444214	0.0668656351930169	21.3407303507401	10.3662692885378	3.69113105876595	3.68	0.00451248480016636		19G4A01	3	4	0.125666666666667	2024-02-20
F3	0.0666666666666667	0.0115475991096664	0.0160587953501095	755.940803109191	43.1630869843061	0.835242460752135	0.834	0.0133659564615049		16G2A12	3	4	0.0666666666666667	2024-02-20
F4	0	0.00762705982051464	0	68.4584594246602	24.1606341023453	0.671689295732436	0.6595	0.0139735921653086		19G3B07	3	4	0.0656666666666667	2024-02-20
F5	0.145829203005053	0.0401211196626307	0.0719915625019052	13.4568338305519	9.6281724756509	4.54748280176382	4.5705	0.0103995314024999		26G3B03	3	4	0.158666666666667	2024-02-20
F6	0.129718267632856	0.0284225793139765	0.0556161815285002	22.8505434278975	12.4630487298871	3.20018663925499	3.2105	0.0106396231326555		28G3A04	3	4	0.121666666666667	2024-02-20
F7	0	0.0392064469380235	0	-0.162693371724443	4.93951400151435	3.34530245820278	3.3505	0.0108066455702892	questionable fit	26G3B10	3	4	0.0976666666666667	2024-02-20
F8	0	0.0196666666666666	0	-0.517660908548782	0.305084910899372	1.23215476538009	1.2055	0.00763057278489829	questionable fit	28G4A10	3	4	0.0466666666666667	2024-02-20
F9	0	0.0350041669009785	0	-30.262465984331	12.2741692698995	1.47124103242685	1.445	0.00720113141772032	questionable fit (k < n0)	28D10	3	4	0.0486666666666667	2024-02-20
G1	0.150666666666667	0.0253745678179664	0.037531004260673	464.987895422715	18.4686552948508	3.42013852761252	3.425	0.00367575437057746		20G2A05	1	4	0.150666666666667	2024-02-20
G10	0	0.0242365864202142	0	-1.90873257349343	4.49485101147955	1.87750610337367	1.892	0.0164741517917109	questionable fit	35G2A07	1	4	0.0886666666666667	2024-02-20
G11	0	0.0137868185123141	0	0.578567634193646	3.66469502400254	1.28452291938165	1.2905	0.0142894392997041		Grass-58	1	4	0.0706666666666667	2024-02-20
G12	0	0	0	0	0	0	0	0	cannot fit data	Mcba15-003	1	4	0.0456666666666667	2024-02-20
G13	0	0.0167927050221788	0	4.54580790017916	5.76062116795687	1.81886714473513	1.855	0.0142554859256366		Grass-59	1	4	0.0816666666666667	2024-02-20
G14	0	0.0246069458431037	0	-0.764053413231443	5.60342465765446	2.01085504508282	2.037	0.0151365847082159	questionable fit	Salt-6	1	4	0.0836666666666667	2024-02-20
G15	0.0952724389101234	0.0202267741207973	0.0616115457349079	21.2799337880015	11.2502806461358	2.44924589246607	2.4775	0.0105773011890072		Pine-20	1	4	0.104666666666667	2024-02-20
G16	0	0.0256048831473201	0	9.32310032796491	9.63555115581893	2.55562430589291	2.589	0.00863290646907529		Salt-5	1	4	0.0896666666666667	2024-02-20
G17	0.0899414000275728	0.0208461724520095	0.0806564108188354	14.8570373364843	8.59382625042469	2.761335921776	2.8075	0.00940223517952676		Salt-11	1	4	0.105666666666667	2024-02-20
G18	0	0.0220370897647932	0	11.2404612219968	8.35221996584273	2.60052085189099	2.6355	0.0121861602936327		Salt-16	1	4	0.106666666666667	2024-02-20
G19	0.115503422443104	0.0281373164137237	0.0347979771035597	32.5596720639188	19.9191803160604	2.38408938658479	2.3995	0.013890852961882		23G1B04	1	4	0.110666666666667	2024-02-20
G2	0.45782967430667	0.0359675701407452	0.0410202580377474	60.0206070851449	16.8976796762737	4.40720542954911	4.4135	0.00305948498214469		23G2B11	1	4	0.171666666666667	2024-02-20
G20	0	0.0343977051433905	0	2.99906160638027	8.57504012659841	2.98502459289952	3	0.0120600088029574		23G3A03	1	4	0.110666666666667	2024-02-20
G21	0	0.0395861545690644	0	-1.02951744429584	5.54686441999937	3.19660038158798	3.2025	0.0100098545193009	questionable fit	23G1B09	1	4	0.101666666666667	2024-02-20
G22	0	0.0196455670414367	0	17.9150832138128	10.5482589381213	2.33288964763075	2.3555	0.00461928932902516		23G3A08	1	4	0.0726666666666667	2024-02-20
G23	0.175053021933515	0.0240235747136034	0.042785361217216	42.9688835676653	16.2005686253512	2.69601483574174	2.6995	0.00403786551546713		23G2A11	1	4	0.0966666666666667	2024-02-20
G24	0.113977127424627	0.0288987371621094	0.0707294722233408	15.266269329876	9.79997671085698	3.41141284245869	3.4445	0.00557886822055239		23G3A10	1	4	0.110666666666667	2024-02-20
G3	0.197476835755831	0.0176681929494364	0.0661468113733362	35.0754197699985	10.4789205430899	3.33050702425514	3.336	0.0116257755456283		23D06	1	4	0.158666666666667	2024-02-20
G4	0.149495379634735	0.01717726430645	0.0493736406964435	41.3504512189566	14.0388104013135	2.26682246387782	2.29	0.0122129102054098		35D02	1	4	0.114666666666667	2024-02-20
G5	0.111666666666667	0.0257321584109549	0.0259435526961738	549.091227080888	26.7175120029792	2.45378367280116	2.4495	0.02031382106033		33G1A03	1	4	0.111666666666667	2024-02-20
G6	0	0	0	0	0	0	0	0	cannot fit data	35D04	1	4	0.0716666666666667	2024-02-20
G7	0.26066648255526	0.0226365395959969	0.0732904435262546	32.1028358726614	9.45753835302746	4.78626319153629	4.789	0.0139080986882643		33G3A07	1	4	0.199666666666667	2024-02-20
G8	0	0	0	0	0	0	0	0	cannot fit data	35G1B04	1	4	0.0726666666666667	2024-02-20
G9	0	0	0	0	0	0	0	0	cannot fit data	33G4B08	1	4	0.0726666666666667	2024-02-20
H1	0.478943957527428	0.035101860155166	0.0438499236287649	57.8613262629253	15.807260838768	4.63125518515446	4.636	0.00479509025109159		20G2A05	2	4	0.182666666666667	2024-02-20
H10	0	0	0	0	0	0	0	0	cannot fit data	35G2A07	2	4	0.0376666666666667	2024-02-20
H11	0	0	0	0	0	0	0	0	cannot fit data	Grass-58	2	4	0.0576666666666667	2024-02-20
H12	0	0	0	0	0	0	0	0	cannot fit data	Mcba15-003	2	4	0.0766666666666667	2024-02-20
H13	0	0.0287565026393083	0	1.47034307625371	5.05883668528944	2.69670906353673	2.7135	0.0167435027582614		Grass-59	2	4	0.108666666666667	2024-02-20
H14	0	0.0285481998372907	0	-53.2457003899364	31.6088428334197	1.17513455456812	1.1595	0.0140718841535796	questionable fit (k < n0)	Salt-6	2	4	0.0686666666666667	2024-02-20
H15	0	0.0161846367562893	0	-1.52868778051361	4.35466212846589	1.28099829053715	1.2685	0.0116751848401237	questionable fit	Pine-20	2	4	0.0586666666666667	2024-02-20
H16	0	0.0140163703412498	0	8.73412906857413	5.99539248091541	1.92490112386946	1.955	0.00953972773009286		Salt-5	2	4	0.0726666666666667	2024-02-20
H17	0.0616666666666667	0.0271329595277055	0.0100396991034839	1202.7110344068	69.0406329328551	1.67330994690672	1.683	0.00751533255224708		Salt-11	2	4	0.0616666666666667	2024-02-20
H18	0	0.0262697689488271	0	7.73432310728282	14.9876325231569	2.03786186728431	2.0515	0.00720195206913945		Salt-16	2	4	0.0726666666666667	2024-02-20
H19	0.0636666666666667	0.0286991489834038	0.00674107870779268	1808.66368737201	102.824371381196	1.62654278011201	1.6415	0.00875647500692046		23G1B04	2	4	0.0636666666666667	2024-02-20
H2	0.488962572375558	0.0339126955782515	0.0406672589793335	63.8503221592987	17.0443545485126	4.20865098554044	4.2115	0.00296714352323947		23G2B11	2	4	0.167666666666667	2024-02-20
H20	0	0.0297460731172595	0	-4.747162225803	5.86758882840828	2.06492172623392	2.0685	0.00890899901340551	questionable fit	23G3A03	2	4	0.0686666666666667	2024-02-20
H21	0	0.0354682854093453	0	-4.4616712388259	4.61411541985553	2.42611838384345	2.4215	0.00989584176567725	questionable fit	23G1B09	2	4	0.0796666666666667	2024-02-20
H22	0	0.0143427236832168	0	14.0499141729621	8.47984671684678	1.86572357727249	1.895	0.00654910541085127		23G3A08	2	4	0.0596666666666667	2024-02-20
H23	0.140843946901478	0.0357707458168294	0.0467515325021373	23.0479472945352	14.8261916446965	3.44846277754557	3.4455	0.0030069041186583		23G2A11	2	4	0.107666666666667	2024-02-20
H24	0.166765725296969	0.024222587731465	0.0509238524530216	34.8041048175047	13.6114442873188	3.03774019750099	3.037	0.0104752689049044		23G3A10	2	4	0.131666666666667	2024-02-20
H3	0.227320708764203	0.0256274622268257	0.0574302414886373	35.9232938686959	12.0693760394005	3.87618803532782	3.9015	0.0115635853593151		23D06	2	4	0.169666666666667	2024-02-20
H4	0.092260969887091	0.0167620227095258	0.0397788525730456	37.8342470846375	17.4250169556079	1.65865451727562	1.6445	0.0169776919378834		35D02	2	4	0.100666666666667	2024-02-20
H5	0.155666666666667	0.0393384575959108	0.0253560097620674	546.207061107162	27.3366033166975	3.68830857143444	3.683	0.0255293829625689		33G1A03	2	4	0.155666666666667	2024-02-20
H6	0	0.0221282851217802	0	-3.65887639426259	2.61521384402455	1.42788137060172	1.4055	0.0224601430047912	questionable fit	35D04	2	4	0.102666666666667	2024-02-20
H7	0.391002050969514	0.0426505267036187	0.0549485993968301	38.2206734455874	12.6144649393908	6.27608117432246	6.231	0.0203717490498385		33G3A07	2	4	0.239666666666667	2024-02-20
H8	0	0	0	0	0	0	0	0	cannot fit data	35G1B04	2	4	0.0466666666666667	2024-02-20
H9	0	0.0233918421264878	0	-0.724877014276552	2.84635483705767	1.95643357174346	1.9495	0.0160694842730005	questionable fit	33G4B08	2	4	0.0926666666666667	2024-02-20
I1	0.463697035964689	0.0421191787395518	0.0442229666556943	52.0883482106612	15.6739186214386	5.36436199404604	5.37	0.00435033945269141		20G2A05	3	4	0.204666666666667	2024-02-20
I10	0	0	0	0	0	0	0	0	cannot fit data	35G2A07	3	4	0.0856666666666667	2024-02-20
I11	0	0.0279216205736993	0	-32.4253933509424	33.4310217611138	0.989073381353132	0.9635	0.0179629721476732	questionable fit (k < n0)	Grass-58	3	4	0.0806666666666667	2024-02-20
I12	0	0	0	0	0	0	0	0	cannot fit data	Mcba15-003	3	4	0.0726666666666667	2024-02-20
I13	0	0	0	0	0	0	0	0	cannot fit data	Grass-59	3	4	0.0926666666666667	2024-02-20
I14	0	0.0250819929128901	0	-61.1748061739627	38.8273199356006	1.03816297372358	1.0225	0.0150112701495965	questionable fit (k < n0)	Salt-6	3	4	0.0676666666666667	2024-02-20
I15	0	0	0	0	0	0	0	0	cannot fit data	Pine-20	3	4	0.0516666666666667	2024-02-20
I16	0.0756666666666667	0.0343745487048126	0.00654872717915519	1471.412996318	105.844565149432	1.93873015626929	1.9325	0.0106841465268832		Salt-5	3	4	0.0756666666666667	2024-02-20
I17	0	0.0259311321670193	0	9.40488939907099	14.72351728711	2.07248575375301	2.087	0.00909502311713138		Salt-11	3	4	0.0806666666666667	2024-02-20
I18	0.0944269699273886	0.0301092053630574	0.039739323054791	19.0995935511455	17.4423499767286	2.47105722886201	2.4945	0.00663390324298307		Salt-16	3	4	0.0846666666666667	2024-02-20
I19	0.192812793389714	0.0314230922414841	0.022203294812577	73.6953192665378	31.2182127207226	2.3458503468276	2.371	0.00973955503579476		23G1B04	3	4	0.0906666666666667	2024-02-20
I2	0.271949757753969	0.0312272968712743	0.0600776748271887	33.9951912106963	11.5375167656498	4.87907408235968	4.895	0.00391913260036635		23G2B11	3	4	0.189666666666667	2024-02-20
I20	0	0.0284156953289307	0	1.32746485736748	5.33328510920648	2.61116614178264	2.615	0.0103861968159362		23G3A03	3	4	0.0886666666666667	2024-02-20
I21	0	0.0422254029847066	0	-6.06198729047114	4.80136772479935	2.72739737540757	2.7345	0.0102504071536096	questionable fit	23G1B09	3	4	0.0836666666666667	2024-02-20
I22	0	0.0274362093646278	0	0.84147850579013	9.93256440203518	2.15748804083137	2.1755	0.00676378436680172		23G3A08	3	4	0.0626666666666667	2024-02-20
I23	0.44751642314051	0.0381575437668119	0.0250296652806817	94.8022565449879	27.6930263663944	3.23339271470417	3.2485	0.00464063777384033		23G2A11	3	4	0.104666666666667	2024-02-20
I24	0.150365708914267	0.0284164964036146	0.0486313812423865	29.9525695987915	14.2530843840357	3.14100216264867	3.127	0.00499807394066958		23G3A10	3	4	0.107666666666667	2024-02-20
I3	0.300905124315318	0.0359772620243662	0.0548251783440835	36.4170350738452	12.6428623033334	5.12024444832259	5.141	0.0109691925729584		23D06	3	4	0.207666666666667	2024-02-20
I4	0.0867104070223175	0.0225670682546346	0.0442733307599561	23.5949846699365	15.6560884094782	2.09812987872207	2.1035	0.0146924001487576		35D02	3	4	0.105666666666667	2024-02-20
I5	0.131775492405613	0.0306085421749526	0.045140378469096	26.483894004992	15.3553692739747	3.00095974851285	3.0075	0.0180330827340703		33G1A03	3	4	0.121666666666667	2024-02-20
I6	0	0	0	0	0	0	0	0	cannot fit data	35D04	3	4	0.0696666666666667	2024-02-20
I7	0.466429842939473	0.0585476295603561	0.0450721963477175	43.0673007713969	15.3785978214272	6.99918856618391	6.9045	0.0181781335236168		33G3A07	3	4	0.254666666666667	2024-02-20
I8	0	0	0	0	0	0	0	0	cannot fit data	35G1B04	3	4	0.0706666666666667	2024-02-20
I9	0	0.0239747975265176	0	2.51722585047389	3.86891875405547	2.63287361196844	2.6595	0.0213677444034059		33G4B08	3	4	0.122666666666667	2024-02-20
J1	0.209666666666667	0.0334906568792431	0.0384763674098371	492.891957212343	18.0148810093421	4.64797818839205	4.7	0.00867942233771347		23G3B01	1	4	0.209666666666667	2024-02-20
J10	0	0	0	0	0	0	0	0	cannot fit data	Mmlr14-006	1	4	0.0796666666666667	2024-02-20
J11	0	0	0	0	0	0	0	0	cannot fit data	Mcba15-005	1	4	0.0826666666666667	2024-02-20
J12	0	0	0	0	0	0	0	0	cannot fit data	Mmlr14-014	1	4	0.0776666666666667	2024-02-20
J13	0	0	0	0	0	0	0	0	cannot fit data	Mcba15-007	1	4	0.0516666666666667	2024-02-20
J14	0	0	0	0	0	0	0	0	cannot fit data	Wood-18	1	4	0.0526666666666667	2024-02-20
J15	0	0	0	0	0	0	0	0	cannot fit data	Mcba15-009	1	4	0.0566666666666667	2024-02-20
J16	0.0716666666666667	0.0254647445297827	0.00725789294686478	1484.54125679109	95.5025357406748	1.46225186222927	1.452	0.0126701705671959		Wood-21	1	4	0.0716666666666667	2024-02-20
J17	0	0.0339118874250936	0	-18.150474939235	14.4250975852583	1.99953629415556	2.001	0.00832052401633668	questionable fit	Mmlr14-002	1	4	0.0696666666666667	2024-02-20
J18	0.101875616787512	0.0314639340431499	0.0859780757443646	9.36886818682881	8.06190618432603	3.53989756902588	3.5675	0.0144447010957249		23G4A03	1	4	0.137666666666667	2024-02-20
J19	0.145533031715339	0.0274870658875198	0.0509361102987237	28.6115001383492	13.6081686743425	3.12821147802961	3.1545	0.00983838273417255		23G3B05	1	4	0.118666666666667	2024-02-20
J2	0.270477463441417	0.0346198566541391	0.0621136354562762	30.8917814675491	11.1593400622617	5.32339040709228	5.363	0.0047178438687228		23G3B08	1	4	0.202666666666667	2024-02-20
J20	0.0746666666666667	0.0405296765742741	0.00424816923409937	2148.85631235515	163.163740040336	2.15794394420902	2.1455	0.00844976794100984		23G4A04	1	4	0.0746666666666667	2024-02-20
J21	0	0.0382248478760044	0	-6.58869198862862	11.2121014424349	2.56511364851913	2.559	0.00813529816049871	questionable fit	23G3B06	1	4	0.0856666666666667	2024-02-20
J22	0.101887116793302	0.0528002791447542	0.0653477261852486	-1.11596156830801	10.6070588989585	3.92738260952099	3.914	0.00580740505106707	questionable fit	24G4A10	1	4	0.103666666666667	2024-02-20
J23	0	0.022200355433016	0	12.0703232615033	8.2181438226716	2.74627879165557	2.7685	0.00446790098665251		23G3B07	1	4	0.0796666666666667	2024-02-20
J24	0.0376666666666667	0.0337982778457989	0.00105110751000743	9165.86729262996	659.444608625284	1.66393708137911	1.663	0.00223522188516035		24G2B02	1	4	0.0376666666666667	2024-02-20
J3	0.119498948816461	0.0131368220444313	0.0282966896825152	73.9107809201543	24.4956985547411	1.16487969904081	1.161	0.0125234320054816		35G2B08	1	4	0.0756666666666667	2024-02-20
J4	0.238247760497089	0.038120705742838	0.0614654478835396	26.9776745047063	11.2770215532029	5.27340418192516	5.2515	0.0145955169275087		35G3B09	1	4	0.217666666666667	2024-02-20
J5	0.160167863630424	0.0386296284884655	0.063294153542705	18.1092452018189	10.9512038910873	4.44452359041465	4.4315	0.016232250976011		35G3B01	1	4	0.164666666666667	2024-02-20
J6	0.12554436396214	0.0385337123453588	0.0793109389937858	10.2696683508809	8.73961636760163	4.23396107127186	4.22	0.017614712004292		35G3B10	1	4	0.146666666666667	2024-02-20
J7	0.103139718497897	0.0379651815083204	0.0849904615218912	6.35835342478168	8.15558791125531	3.77260887731888	3.738	0.0148338910161265		35G3B02	1	4	0.118666666666667	2024-02-20
J8	0.102588689455234	0.0373242311350663	0.0976192497014738	5.72433062943944	7.10051739466996	3.87851995727417	3.8635	0.0141664103791159		35G3B11	1	4	0.124666666666667	2024-02-20
J9	0.0986877314212688	0.0417126217261082	0.0968181926641424	3.22058003336936	7.15926585166116	3.87248751980421	3.8595	0.0180301601782262		35G3B04	1	4	0.132666666666667	2024-02-20
K1	0.175666666666667	0.031340234414216	0.0362115009618801	444.217375271236	19.1416307567483	4.05633972187728	4.0855	0.00352754379531007		23G3B01	2	4	0.175666666666667	2024-02-20
K10	0	0	0	0	0	0	0	0	cannot fit data	Mmlr14-006	2	4	0.0626666666666667	2024-02-20
K11	0	0	0	0	0	0	0	0	cannot fit data	Mcba15-005	2	4	0.0656666666666667	2024-02-20
K12	0	0	0	0	0	0	0	0	cannot fit data	Mmlr14-014	2	4	0.0466666666666667	2024-02-20
K13	0	0	0	0	0	0	0	0	cannot fit data	Mcba15-007	2	4	0.0406666666666667	2024-02-20
K14	0.0546666666666667	0.0170095952167435	0.00575405900936182	1860.88785012147	120.462299644859	0.940346987434254	0.937	0.0101034616127172		Wood-18	2	4	0.0546666666666667	2024-02-20
K15	0	0	0	0	0	0	0	0	cannot fit data	Mcba15-009	2	4	0.0446666666666667	2024-02-20
K16	0	0.027110614824467	0	-16.1329010401482	12.9657249681991	0.903045468966277	0.7975	0.00914609132134572	questionable fit (k < n0)	Wood-21	2	4	0.0406666666666667	2024-02-20
K17	0	0.0281738212230934	0	-2.63664782895154	8.91992483688327	2.07478561032359	2.0725	0.0099440643248954	questionable fit	Mmlr14-002	2	4	0.0796666666666667	2024-02-20
K18	0.113448183497382	0.0301018610329726	0.0755844499566935	13.4739022248976	9.17049976492635	3.56065811517806	3.5765	0.00964993844973835		23G4A03	2	4	0.130666666666667	2024-02-20
K19	0.112433974009169	0.0323363624550138	0.0720982460167928	12.5808007242703	9.61392570352544	3.5703106925242	3.5885	0.0096399486389071		23G3B05	2	4	0.127666666666667	2024-02-20
K2	0.264508063248781	0.0289440717262348	0.0546293094132856	38.3789804139914	12.6881922543831	4.23273038209888	4.2485	0.0020955883038668		23G3B08	2	4	0.166666666666667	2024-02-20
K20	0	0.0312549885431161	0	-10.3373118105436	20.5555315471365	1.92169984327232	1.9175	0.00962885120609661	questionable fit	23G4A04	2	4	0.0766666666666667	2024-02-20
K21	0.132988714928078	0.0392389541366688	0.0402950079861957	21.614566554633	17.2018127108302	3.33410405140668	3.3325	0.00944255318320567		23G3B06	2	4	0.122666666666667	2024-02-20
K22	0.122474962429383	0.0441124514254612	0.0641563906796395	8.95629481470045	10.804023936152	4.0792811009881	4.107	0.0055152684585864		24G4A10	2	4	0.115666666666667	2024-02-20
K23	0.110365415157566	0.0311156531879793	0.0899038277538164	10.3988164026776	7.70987396062812	3.78438122875693	3.8015	0.00378523208517274		23G3B07	2	4	0.109666666666667	2024-02-20
K24	0.239657932638851	0.0234192467483585	0.0311343745439376	71.3945490321012	22.2630835118194	2.24021478115303	2.246	0.0476705197896693		24G2B02	2	4	0.225666666666667	2024-02-20
K3	0	0.00980436834150406	0	30.8843409075818	13.618419941252	1.15624519471199	1.147	0.0122833035076397		35G2B08	2	4	0.0766666666666667	2024-02-20
K4	0.240536922929799	0.025929733659214	0.0662192849550184	31.915460940097	10.4674519066581	4.53039117941185	4.516	0.0133271917644954		35G3B09	2	4	0.201666666666667	2024-02-20
K5	0.215904487830383	0.0391224079954406	0.0515764688195141	29.2424515256504	13.4392135876059	4.56139170256165	4.5395	0.0149539805094583		35G3B01	2	4	0.178666666666667	2024-02-20
K6	0.144989181619004	0.0310213747247527	0.0672615593956558	19.3459615032147	10.305249934552	3.92847107140724	3.9035	0.0173359494381787		35G3B10	2	4	0.150666666666667	2024-02-20
K7	0.141628698518945	0.0382155560069793	0.0731167248575476	13.6150709909641	9.4800086014574	4.41149514353221	4.407	0.0122802680525112		35G3B02	2	4	0.143666666666667	2024-02-20
K8	0.135342893351671	0.0310624089593574	0.071946564141548	16.8331299159397	9.63419433339783	3.91762651908392	3.895	0.0155335917767329		35G3B11	2	4	0.135666666666667	2024-02-20
K9	0.124302018139358	0.0398053108917671	0.0911811955681406	8.25512561608672	7.60186545307963	4.45004393802673	4.4295	0.0136861729050754		35G3B04	2	4	0.142666666666667	2024-02-20
L1	0.182666666666667	0.0312027281658574	0.0370502259071789	492.096256842972	18.7083118547367	4.14386571089373	4.193	0.00538979843216836		23G3B01	3	4	0.182666666666667	2024-02-20
L10	0.0376666666666667	0.00575225668947362	0.0194525849555465	613.566048987132	35.6326515033319	0.456558389068702	0.4545	0.00754418964730935		Mmlr14-006	3	4	0.0376666666666667	2024-02-20
L11	0	0.0200718305359225	0	6.71307511546462	8.30188410293552	2.0021739275355	2.004	0.0101260448680893		Mcba15-005	3	4	0.0826666666666667	2024-02-20
L12	0	0.0134558675300089	0	19.247396552826	11.4117275597622	1.52971398201261	1.5455	0.0100219276326489		Mmlr14-014	3	4	0.0766666666666667	2024-02-20
L13	0	0.0257980445306821	0	10.4601351998159	12.5805620467593	2.26633191720226	2.29	0.00984287439849153		Mcba15-007	3	4	0.0906666666666667	2024-02-20
L14	0	0.0293729500390944	0	3.27465774139277	16.6760299469246	2.08719537559736	2.094	0.0127971325856791		Wood-18	3	4	0.0936666666666667	2024-02-20
L15	0	0	0	0	0	0	0	0	cannot fit data	Mcba15-009	3	4	0.0646666666666667	2024-02-20
L16	0.0726666666666667	0.0240759153452771	0.00779987388700666	1369.25264212669	88.8664599711821	1.40169624196843	1.3945	0.0119734697317445		Wood-21	3	4	0.0726666666666667	2024-02-20
L17	0	0.0258769279961845	0	3.30887957668452	7.41436930334534	2.38220779371227	2.395	0.0126083524163274		Mmlr14-002	3	4	0.0966666666666667	2024-02-20
L18	0.0928097942644233	0.0234632180073499	0.0866948232583315	12.499970955484	7.99525455510209	3.03097237883382	3.032	0.0122844887244955		23G4A03	3	4	0.125666666666667	2024-02-20
L19	0.131114172347954	0.0359126508248769	0.0605954824401999	16.0887620778109	11.4389250262013	3.78371144597333	3.793	0.0117352482663166		23G3B05	3	4	0.141666666666667	2024-02-20
L2	0.318384142591719	0.039412809274257	0.0520588843462409	37.5923952501376	13.3146760493341	5.3095087660452	5.322	0.00265772098439771		23G3B08	3	4	0.202666666666667	2024-02-20
L20	0	0.0197835563083827	0	17.7461732220989	13.6194985356184	1.87861364694905	1.8615	0.011052269796466		23G4A04	3	4	0.0886666666666667	2024-02-20
L21	0.129394296804467	0.034778275659495	0.0679845809277639	14.7214835420554	10.1956527656828	3.89872908716859	3.9115	0.0105731756884243		23G3B06	3	4	0.144666666666667	2024-02-20
L22	0.181782888577114	0.0444997038731204	0.0596448887299546	18.8878430901107	11.6212335259473	4.93088255232118	4.975	0.00435475900778179		24G4A10	3	4	0.150666666666667	2024-02-20
L23	0.145092584307668	0.036408520259396	0.058562892844584	18.674664195262	11.8359450309164	3.94815482303518	3.95	0.00501906414939316		23G3B07	3	4	0.126666666666667	2024-02-20
L24	0.100666666666667	0.0281081199625544	0.0145388139839546	864.809062265071	47.6756344310421	1.95159014591842	1.965	0.0150755437473624		24G2B02	3	4	0.100666666666667	2024-02-20
L3	0.163456729359409	0.0108953453103515	0.0363417338781775	72.6226046335166	19.0730355046754	1.2309057537989	1.2335	0.0119266423737225		35G2B08	3	4	0.0796666666666667	2024-02-20
L4	0.362267881502698	0.0359661399343255	0.0620275620401106	35.5526564304913	11.1748254769665	6.11702370271808	6.0985	0.0148193184148235		35G3B09	3	4	0.262666666666667	2024-02-20
L5	0.30998693977539	0.0342788903974806	0.0524075976159121	39.7807356984082	13.2260819440708	4.81682845067304	4.801	0.0129431536652435		35G3B01	3	4	0.205666666666667	2024-02-20
L6	0.303801485229075	0.0369845852461291	0.050491867232144	39.1362322836652	13.7278975517601	4.88531702874697	4.872	0.0119825424416834		35G3B10	3	4	0.201666666666667	2024-02-20
L7	0.429009856577013	0.0443283751405451	0.0385429359530212	56.0619118168448	17.9837670229585	4.90573313102511	4.899	0.00900029012898924		35G3B02	3	4	0.186666666666667	2024-02-20
L8	0.465226093778571	0.0443155201974571	0.0428058383527217	52.5882805873486	16.1928187189884	5.43040010584832	5.437	0.00795788548310699		35G3B11	3	4	0.205666666666667	2024-02-20
L9	0.271684086715653	0.041181820848325	0.0493013085595728	34.933429263851	14.0594073628368	4.96991559359252	4.969	0.00893870388040296		35G3B04	3	4	0.186666666666667	2024-02-20
M1	0.140932972572374	0.0176149971406044	0.0627680916841337	31.0032611158115	11.0429863639642	2.75958525549501	2.7825	0.00337089168874155		36G1B07	1	4	0.100666666666667	2024-02-20
M10	0.131149478908091	0.0305980599789319	0.0733025122413066	16.230448095868	9.45598123947178	3.85755140024026	3.8565	0.0132400935577451		41G1B04	1	4	0.156666666666667	2024-02-20
M11	0.136175534429537	0.036365295522885	0.0381904793592067	26.437371017668	18.1497376359285	3.12601132476852	3.133	0.0103320081298453		Wood-51	1	4	0.120666666666667	2024-02-20
M13	0.125728416069598	0.0317699199874868	0.031667692653275	34.2409924149435	21.8881491666953	2.55397701923187	2.546	0.0127496470971185		Napa-12	1	4	0.111666666666667	2024-02-20
M15	0.102249865864847	0.0266610883137509	0.0734083341580217	14.1959724755953	9.44234995263411	3.14750513214006	3.1525	0.0126222649701484		Napa-18	1	4	0.130666666666667	2024-02-20
M17	0.117456904027218	0.0339394541652745	0.0566060833406943	15.9077851695317	12.2451005201704	3.37441953225254	3.355	0.0160174524116071		S.11	1	4	0.147666666666667	2024-02-20
M19	0.125711409956246	0.0378171555971493	0.0560644333942126	15.0428985793745	12.3634029382967	3.66882387257796	3.6805	0.012279916830754		23G4B04	1	4	0.141666666666667	2024-02-20
M2	0.295317929769818	0.0351454542814593	0.0444352506249232	45.0509328456555	15.5990383943321	4.21428443323072	4.2035	0.00297512473810829		25G2A02	1	4	0.157666666666667	2024-02-20
M21	0.239190796699342	0.0318847270179475	0.0449682598289243	41.6309011636077	15.4141428464639	3.74201204064265	3.74	0.00597024509911245		23G4B10	1	4	0.139666666666667	2024-02-20
M23	0.236352016926588	0.0565708973157234	0.0354745758572989	32.5936366985068	19.5392661873737	4.86177353405298	4.819	0.00491867600003126		25D05	1	4	0.149666666666667	2024-02-20
M3	0.305080464119534	0.0419806672953592	0.0725436519501723	25.2995838594993	9.55489780189235	7.04385107775538	7.0465	0.0109646993649756		36G1B08	1	4	0.263666666666667	2024-02-20
M4	0.136965679060275	0.00945749681039992	0.071127324059846	36.5734664021748	9.74516038276284	2.13429859151161	2.1665	0.015062452487516		37G2B01	1	4	0.129666666666667	2024-02-20
M5	0.258032668418275	0.0325641658086988	0.0725148575624214	26.6837453833086	9.55869188549779	5.70780192752902	5.7135	0.0165119916585682		36G4B07	1	4	0.245666666666667	2024-02-20
M6	0.235607839708196	0.0190751817111154	0.0619849953540372	39.1926024060844	11.1824995162285	3.49119990288287	3.513	0.0128323108672645		40G1B01	1	4	0.169666666666667	2024-02-20
M7	0.225012835415487	0.0214420925033552	0.0442914146676236	50.8147608929629	15.6496961264736	2.70580849674578	2.734	0.0129432817862742		37G2A11	1	4	0.131666666666667	2024-02-20
M8	0.327836920678991	0.0293644124630791	0.0536165627175057	43.2495898762404	12.9278555996212	4.49258484596856	4.5105	0.0130374676946978		40G3B03	1	4	0.199666666666667	2024-02-20
M9	0.114918451862676	0.0189001820375869	0.065170880261224	24.9400794325096	10.635841924823	2.68741499102694	2.7285	0.0119273234666819		Wood-3	1	4	0.121666666666667	2024-02-20
N1	0.112698466206743	0.0194461675446703	0.0642832936210744	24.3867202690071	10.7826954954391	2.67653361266492	2.6845	0.00210675371341796		36G1B07	2	4	0.0926666666666667	2024-02-20
N10	0.157547367796354	0.0358600451919305	0.0568529390354071	21.4910806311298	12.1919322434371	4.01526506755931	3.9885	0.00408985607806893		41G1B04	2	4	0.131666666666667	2024-02-20
N11	0.100285274186627	0.0304711796973194	0.0880144906148676	9.41952400612946	7.87537569913354	3.49394201138076	3.517	0.00374870915347012		Wood-51	2	4	0.0976666666666667	2024-02-20
N13	0.0881037068384541	0.0233869460863324	0.0996579036426504	10.2133616799749	6.95526551557222	3.07664811094754	3.1025	0.00421959384196916		Napa-12	2	4	0.0856666666666667	2024-02-20
N15	0.100087232564584	0.0341989338325218	0.0718582982632979	9.12582696120422	9.64602832675171	3.39123681149012	3.379	0.00337042453384591		Napa-18	2	4	0.0976666666666667	2024-02-20
N17	0.346717844918768	0.0288900319687445	0.0428656952775367	55.942476398691	16.1702073434741	3.64252393196491	3.641	0.00603949474897541		S.11	2	4	0.141666666666667	2024-02-20
N19	0.14894129789275	0.0381331371346446	0.0593478245968341	17.9739828157995	11.6794033356519	4.12026824757026	4.126	0.00259609479576117		23G4B04	2	4	0.128666666666667	2024-02-20
N2	0.278989115442133	0.0498407523120357	0.0495012055642368	30.8181726365612	14.0026323128729	5.68913773370684	5.685	0.00236836238608158		25G2A02	2	4	0.195666666666667	2024-02-20
N21	0.942006962360444	0.0453784459573637	0.0258524371585961	115.40901866588	26.8116764507624	4.07881921853263	4.054	0.0048691671018437		23G4B10	2	4	0.138666666666667	2024-02-20
N23	0.222320886742333	0.0570479973107781	0.0386102587068884	27.5498027502586	17.9524096386405	4.99458037435756	4.9525	0.00585172472570687		25D05	2	4	0.152666666666667	2024-02-20
N3	0.303193634925949	0.0475702921030407	0.0651927984849044	25.7926739163858	10.6322660887221	6.92139405497538	6.9255	0.00511714457111779		36G1B08	2	4	0.251666666666667	2024-02-20
N4	0.177636366085877	0.0262592364133712	0.0370727146123366	47.2519074588844	18.6969631926897	2.62168594543672	2.634	0.00299277102872446		37G2B01	2	4	0.0876666666666667	2024-02-20
N5	0.253218698361496	0.0369917182875232	0.0672527079251805	26.2537329212296	10.3066062608376	5.69646204638386	5.6885	0.0104789813974155		36G4B07	2	4	0.218666666666667	2024-02-20
N6	0.267250324015399	0.0166727840556096	0.0663191989775509	40.8628385507092	10.4516820354627	3.59914982222164	3.6335	0.00811375686225432		40G1B01	2	4	0.162666666666667	2024-02-20
N7	0.140195772807293	0.0245039608707558	0.0485578113476238	31.9638601115431	14.2746792189155	2.78420421183252	2.791	0.00517850505538778		37G2A11	2	4	0.102666666666667	2024-02-20
N8	0.277512922838884	0.0238120681251359	0.0596160084186184	39.6867113734727	11.6268633031035	4.10400261874142	4.1255	0.00431935736732748		40G3B03	2	4	0.167666666666667	2024-02-20
N9	0.121504486021875	0.0282117766203431	0.0490871599412655	24.3648738967379	14.1207432124678	2.89264625865034	2.904	0.00321611434135733		Wood-3	2	4	0.0916666666666667	2024-02-20
O1	0.109407208508286	0.0197157975921051	0.0453791493245336	33.3843805133264	15.2745741354214	2.12182357969336	2.1285	0.00379138147827552		36G1B07	3	4	0.0776666666666667	2024-02-20
O10	0.200666666666667	0.0398253573365085	0.0371933473114451	91.137318250114	18.6363215646001	4.92387876785379	4.9125	0.00522632767276156		41G1B04	3	4	0.200666666666667	2024-02-20
O11	0.113156037862751	0.0214006759851234	0.0479452591938947	30.3617800835006	14.4570535692966	2.34403923696549	2.3525	0.00260980239263195		Wood-51	3	4	0.0776666666666667	2024-02-20
O13	0.0948734813125562	0.0185425702816503	0.064381180441668	21.9786090676457	10.7663012048679	2.40121427817498	2.411	0.00228026587874903		Napa-12	3	4	0.0776666666666667	2024-02-20
O15	0.137280855504949	0.0286248739766078	0.0551148553543125	24.2023804742686	12.5764129489947	3.27864652970338	3.266	0.00489805246834409		Napa-18	3	4	0.110666666666667	2024-02-20
O17	0.163666666666667	0.0340776383838474	0.0336798393337182	125.284446692347	20.5804776469348	3.96880233138035	3.9535	0.00361787941716109		S.11	3	4	0.163666666666667	2024-02-20
O19	0.151528643996151	0.035279700041536	0.0537831763551273	22.170989370596	12.8878066996849	3.79417756005059	3.798	0.00181146691542865		23G4B04	3	4	0.123666666666667	2024-02-20
O2	0.193448392333226	0.0429969368522321	0.0504009042951104	24.8509747507306	13.7526734937411	4.55380004747521	4.5215	0.00402385113615722		25G2A02	3	4	0.150666666666667	2024-02-20
O21	0.158666666666667	0.0385833315480867	0.0291982315167664	611.593837952852	23.7393549044887	4.04534873913958	4.0245	0.00551660262594111		23G4B10	3	4	0.158666666666667	2024-02-20
O23	0.219244670343008	0.0370406735741518	0.03711795162598	42.9202112805447	18.6741765155702	3.58417977334844	3.5555	0.00424204893772024		25D05	3	4	0.123666666666667	2024-02-20
O3	0.243908385892264	0.0359237015000499	0.0584227166809359	30.0579510412658	11.8643435283133	4.965673523986	4.978	0.00463088603066704		36G1B08	3	4	0.178666666666667	2024-02-20
O4	0.0586666666666667	0.0182371761523562	0.0244022028348716	705.077941310423	28.4051069180284	1.66376966604388	1.667	0.00178256809865248		37G2B01	3	4	0.0586666666666667	2024-02-20
O5	0.18708580641723	0.0274514066298071	0.059327758163934	29.6736105290602	11.6833536612768	3.84438735746782	3.831	0.00453083899192918		36G4B07	3	4	0.145666666666667	2024-02-20
O6	0.385338741251888	0.025411235686341	0.055336600382498	47.9015912316247	12.5260167008593	4.37069174676334	4.4095	0.00424904005286781		40G1B01	3	4	0.188666666666667	2024-02-20
O7	0.167268478410137	0.0265717548414778	0.0378199309226168	44.0708862490769	18.3275633680609	2.64131983423286	2.6465	0.00219945197562886		37G2A11	3	4	0.0876666666666667	2024-02-20
O8	0.315459808518402	0.0293695852945232	0.0602414069857284	37.7870922296659	11.5061585584174	4.97282799501203	5.011	0.00457490437497535		40G3B03	3	4	0.200666666666667	2024-02-20
O9	0.105257673970851	0.025530572250494	0.0506696675802083	22.473660934181	13.6797262279789	2.61335003808766	2.6055	0.00195591626446141		Wood-3	3	4	0.0846666666666667	2024-02-20
A1	0.343298331068721	0.0258252503349043	0.0811314696118003	30.925611642242	8.54350579222257	6.47575897233005	6.4445	0.0130226193603219		02D05	1	9	0.262	2024-02-20
A10	0.34379988420025	0.0406103056689912	0.0714494010377102	28.1365047680228	9.70123150779262	7.26665305479872	7.2405	0.00506238582353275		26G1B06	1	9	0.278	2024-02-20
A11	0.101542622385868	0.0204502139408589	0.0923856317168923	14.9113664074427	7.50275954906099	3.16324247234869	3.154	0.0034058833023712		25G4A05	1	9	0.093	2024-02-20
A12	0.328911150098132	0.0299030062147892	0.103545328340477	22.2367520519464	6.69414247527175	8.38422384918902	8.3555	0.00581069258750721		26G3B01	1	9	0.314	2024-02-20
A13	0.254982773334184	0.0311704343863079	0.144528841778696	13.6397543507036	4.79590905198908	8.54349081290507	8.5095	0.0074743612697224		26G1A06	1	9	0.259	2024-02-20
A14	0.260674348522828	0.031596046967407	0.111991996391069	17.689048506489	6.18925640131926	7.67736109804654	7.6775	0.00650765350983262		Grass-36	1	9	0.262	2024-02-20
A15	0	0.00353972141053305	0	27.0752771799154	8.6007679758836	0.757928387846523	0.7575	0.00299701894624066		41G3A07	1	9	0.029	2024-02-20
A16	0.267805579048628	0.0330545356677772	0.117646438482127	16.663205402496	5.89178210154869	8.14862310750341	8.1325	0.00597501683311539		Grass-39	1	9	0.267	2024-02-20
A17	0.294298102280602	0.0399465751000343	0.0940938956812087	19.6736921478396	7.36654780357205	8.09049889291115	8.068	0.00772702766602833		Desert-26	1	9	0.279	2024-02-20
A18	0.294366353098723	0.0253069798893453	0.109756531502138	21.5372315297062	6.31531600965763	7.69168839920624	7.6795	0.00465822944510499		Grass-40	1	9	0.282	2024-02-20
A19	0.298304760945417	0.0247329017008397	0.116124699279639	20.696974302842	5.96899010167324	8.02792486108633	8.011	0.00633032253948294		Grass-31	1	9	0.297	2024-02-20
A2	0.292682093930827	0.0283412425725121	0.114675022132973	19.4717319779038	6.044447759131	8.18483679973816	8.169	0.00588545407436546		08G1B09	1	9	0.286	2024-02-20
A20	0.299146130528212	0.0209906910704713	0.11738023488412	22.014788415085	5.90514392175337	7.70587227951508	7.688	0.0047404027841249		Grass-42	1	9	0.281	2024-02-20
A21	0.319209853175804	0.0362066004752801	0.0954422674701285	21.544091626699	7.26247603847935	8.29991351025499	8.2965	0.004644986097312		Grass-34	1	9	0.296	2024-02-20
A22	0.266875021221912	0.0232298104700438	0.0993117920537716	23.6656360370339	6.97950531579016	6.47916189578445	6.482	0.00343672656680433		09G3B12	1	9	0.243	2024-02-20
A23	0.13103096850049	0.022196045264418	0.0689190854375266	23.0693446769124	10.0574053784893	3.22751343740695	3.2295	0.00321765314838205		04G2A10	1	9	0.107	2024-02-20
A24	0.268160301072023	0.0400289792096899	0.0959141257871783	18.1445407534706	7.22674762315985	7.70922302909725	7.7165	0.00855830741915591		12G2A10	1	9	0.262	2024-02-20
A3	0.318504103947397	0.0370787686211732	0.093868104805032	21.5922399470999	7.38426733979174	8.26420112832042	8.2435	0.00384215976038976		02G1B04	1	9	0.295	2024-02-20
A4	0.312221275087049	0.0283997832444719	0.109531653187399	21.0164268574608	6.3282819202412	8.29763792711039	8.287	0.00647879895375904		08G4B02	1	9	0.3	2024-02-20
A5	0.286334860619942	0.0352563915094203	0.111806091033194	17.5582445091646	6.19954757522252	8.4638086281422	8.4545	0.00630220943935481		02G2A03	1	9	0.28	2024-02-20
A6	0.305903251126464	0.0336721339841927	0.110467723791007	18.9193795128862	6.27465794326773	8.68221638226491	8.659	0.00582373856356081		09G1A07	1	9	0.298	2024-02-20
A7	0	0.00968478964879849	0	17.4649675489793	8.2349480118591	1.49997879628093	1.4935	0.00265162865830262		04G1A01	1	9	0.048	2024-02-20
A8	0.341627860125904	0.0400327873988822	0.0781407582471934	25.8429344794994	8.87049468303363	7.73721207944139	7.7025	0.00628475754714188		26G1B04	1	9	0.288	2024-02-20
A9	0.334330300163131	0.0459865148558758	0.0891058807068664	20.6025152824982	7.77891621811368	8.91776897796369	8.8905	0.00615337776848659		25G3A08	1	9	0.308	2024-02-20
B1	0.302343694952307	0.0297227747913659	0.069927301868683	31.6924666078409	9.91239704717353	5.68249701340319	5.6575	0.00490111265265487		02D05	2	9	0.221	2024-02-20
B10	0.278537076000434	0.0341474044307506	0.0851271385135011	23.1192710367789	8.14249360032245	6.87386643682234	6.857	0.00486879468146247		26G1B06	2	9	0.256	2024-02-20
B11	0.100262240338765	0.0190911183922687	0.100851514297491	14.3511610279491	6.87294767350055	3.19655740862358	3.1885	0.00346273939540372		25G4A05	2	9	0.097	2024-02-20
B12	0.291255224404276	0.0277128652470709	0.117331027142386	19.1962638613938	5.90762049426862	8.22418535925614	8.2095	0.0067235055406531		26G3B01	2	9	0.296	2024-02-20
B13	0.237699994727509	0.0283021573925074	0.165140556062026	12.1187549775717	4.19731649867767	8.35033559396231	8.332	0.00567155135257063		26G1A06	2	9	0.241	2024-02-20
B14	0.24145117083944	0.0280045990746161	0.125619663350614	16.1679927208943	5.51782389851913	7.48384961729729	7.488	0.00595283148528641		Grass-36	2	9	0.246	2024-02-20
B15	0	0.00523124300396176	0	30.1030839482454	11.4584891540496	0.759973283972209	0.7605	0.00307876979319932		41G3A07	2	9	0.028	2024-02-20
B16	0.238810461245998	0.0278070329669382	0.128227487279876	15.8046098459773	5.40560526657631	7.48780260162124	7.4745	0.0043981512553291		Grass-39	2	9	0.246	2024-02-20
B17	0.274308622536157	0.0319035016887739	0.0995042597289515	20.3799778072779	6.9660050981543	7.4066653312209	7.396	0.00629341972754776		Desert-26	2	9	0.266	2024-02-20
B18	0.274831231002285	0.0261373630729972	0.109982590989664	20.4837588177738	6.30233543620631	7.43093405122535	7.4165	0.00529553869082764		Grass-40	2	9	0.272	2024-02-20
B19	0.294837641589431	0.0287277110259169	0.112701834930743	19.7516508907569	6.15027413693748	8.16669848547945	8.1625	0.00526280490315033		Grass-31	2	9	0.289	2024-02-20
B2	0.277164817908202	0.0197430153318854	0.117303479948189	21.8912194343066	5.9090078219853	7.16982034823641	7.163	0.00436670157304969		08G1B09	2	9	0.274	2024-02-20
B20	0.280942018266524	0.013665291811982	0.109817912289211	27.0759597820836	6.31178617505044	5.99581278985235	5.983	0.00357653954481702		Grass-42	2	9	0.256	2024-02-20
B21	0.303934219049725	0.0382641971553231	0.0839436425018819	23.08382508654	8.25729215341598	7.5073005315383	7.5035	0.00599544332276403		Grass-34	2	9	0.277	2024-02-20
B22	0.326696416567796	0.0367527182762852	0.0963368827262818	21.4401225390826	7.19503435178982	8.52513013712759	8.5165	0.00481919840581428		09G3B12	2	9	0.31	2024-02-20
B23	0.181101504352041	0.0212356238032702	0.0710905588314986	28.3955438077975	9.75020019469628	3.79736411012439	3.783	0.00461672204931839		04G2A10	2	9	0.136	2024-02-20
B24	0.21243376518255	0.0318575163794614	0.0871388093588021	19.9093811945568	7.95451746082332	5.77351316984853	5.764	0.00482849235449073		12G2A10	2	9	0.195	2024-02-20
B3	0.290925994487628	0.0278173277239394	0.0943179196718101	23.8227052751231	7.34905077393383	7.02408761348453	7.0115	0.0054066941689736		02G1B04	2	9	0.272	2024-02-20
B4	0.267872242095399	0.0165502555133653	0.131750876850205	20.6475543582937	5.26104415493207	7.25190313898589	7.2485	0.00471944380177847		08G4B02	2	9	0.269	2024-02-20
B5	0.26781752027398	0.0311087744189289	0.124208972510492	16.3381155876614	5.58049202525523	8.25520474533868	8.2405	0.00577013282141015		02G2A03	2	9	0.269	2024-02-20
B6	0.268951600921636	0.0239305954018846	0.135028362611306	17.227389239614	5.13334507769487	8.12172592498528	8.1065	0.00591104521741137		09G1A07	2	9	0.276	2024-02-20
B7	0	0.0144365319959323	0	15.3443671761069	11.2477081363018	1.51532916945125	1.5085	0.00313307096014721		04G1A01	2	9	0.047	2024-02-20
B8	0.295687533724008	0.0348572531969547	0.0862841307592599	23.3253631948166	8.03331011694242	7.25129495560388	7.233	0.00557181876670867		26G1B04	2	9	0.268	2024-02-20
B9	0.279053878950356	0.0451463632260368	0.0989419964319724	16.6260651360656	7.00559121056869	8.38104793274882	8.3595	0.00681033619745531		25G3A08	2	9	0.277	2024-02-20
C1	0.285745785810589	0.0328569043780682	0.0696040731923556	29.3199548969302	9.95842841904361	5.82550219612823	5.811	0.00354300746568348		02D05	3	9	0.22	2024-02-20
C10	0.245081371744885	0.0316721031711718	0.0865879163080245	22.032814564072	8.00512600504406	6.25645033160245	6.248	0.00488367185525006		26G1B06	3	9	0.23	2024-02-20
C11	0.096674481887799	0.0172880740878801	0.102147621578214	14.9226211921971	6.78573979355165	3.0429976686836	3.0345	0.00350300121309994		25G4A05	3	9	0.092	2024-02-20
C12	0.263785982910908	0.021998187785248	0.12940038292198	18.5246776796979	5.35660841883185	7.64214224270101	7.6295	0.00715718364647125		26G3B01	3	9	0.274	2024-02-20
C13	0.221823070979114	0.0304733859921565	0.157739459365199	11.6473637017285	4.39425355804707	7.86057901447787	7.8565	0.00572364004525493		26G1A06	3	9	0.228	2024-02-20
C14	0.230242882765265	0.0245570313450488	0.125706367723219	16.9072723028456	5.5140180494764	6.9886986657912	6.998	0.00594327420648784		Grass-36	3	9	0.234	2024-02-20
C15	0	0.00633674442296128	0	20.3748067243946	11.8833633976593	0.710516626970363	0.7045	0.0029420746132618		41G3A07	3	9	0.025	2024-02-20
C16	0.230210775043561	0.0248820105271145	0.129933354335619	16.2426911942963	5.33463623797121	7.13658691532199	7.1325	0.00352031792928467		Grass-39	3	9	0.235	2024-02-20
C17	0.25598691333673	0.0327668797093879	0.0958899155002004	20.0098178477784	7.22857223248358	6.97582467666894	6.9725	0.0051011712871103		Desert-26	3	9	0.246	2024-02-20
C18	0.271638521041927	0.0240876740831833	0.107705896899419	21.6322022229688	6.43555460298744	7.07153502655582	7.0705	0.0052039789474032		Grass-40	3	9	0.265	2024-02-20
C19	0.275365589690445	0.0273280829980659	0.115448253367569	19.105227254166	6.00396420336543	7.7907272187051	7.7845	0.00549066118857266		Grass-31	3	9	0.273	2024-02-20
C2	0.29350008062461	0.0274549004547448	0.114752926437868	19.7914034975602	6.04034426028555	8.1265764146978	8.1305	0.00511546511731152		08G1B09	3	9	0.292	2024-02-20
C20	0.306066175657125	0.0220570467438694	0.104736103674189	24.3982176250871	6.61803481554149	7.24197057539242	7.237	0.00468737246865064		Grass-42	3	9	0.285	2024-02-20
C21	0.279235935878971	0.0311468412746461	0.0819663970450472	25.3161682409569	8.4564797959706	6.42443967683577	6.414	0.00538119791228088		Grass-34	3	9	0.246	2024-02-20
C22	0.311213479750463	0.0270691476456294	0.104651322846096	22.4659148176901	6.62339626207414	7.87465060915682	7.868	0.00397542499011626		09G3B12	3	9	0.297	2024-02-20
C23	0.15802542127693	0.0229881406357267	0.0763684243312846	23.184613933068	9.07635828065651	3.88591018450325	3.87	0.00380469192460238		04G2A10	3	9	0.132	2024-02-20
C24	0.288519519618654	0.0380736902748955	0.0892747583726869	21.1002435819499	7.76420113809022	7.58398173282187	7.5855	0.00740159548466812		12G2A10	3	9	0.27	2024-02-20
C3	0.305103300620239	0.0405629007685961	0.0902119644107356	20.785935852899	7.68353937404624	8.09921637576027	8.08	0.00515052039630107		02G1B04	3	9	0.287	2024-02-20
C4	0.3039825278409	0.0292242164844625	0.118175803264254	18.9623771052501	5.86539004951793	8.64879049869515	8.6455	0.00590415191618183		08G4B02	3	9	0.305	2024-02-20
C5	0.251435639300493	0.0281043248072893	0.12951985738655	16.0032056372445	5.35166726204199	7.84557124167379	7.838	0.00440882246264539		02G2A03	3	9	0.252	2024-02-20
C6	0.244898831842232	0.0191964978002253	0.143218421663393	17.2079062199962	4.83979066735599	7.42202604098196	7.412	0.00520629912477489		09G1A07	3	9	0.25	2024-02-20
C7	0	0.0102080258018509	0	12.6082714800588	9.84459384366515	1.10718186290556	1.1015	0.00223468877762916		04G1A01	3	9	0.032	2024-02-20
C8	0.255304000983015	0.0282910534323626	0.0943289199945753	22.0765957259569	7.34819375224276	6.52550300896513	6.514	0.00492345743742403		26G1B04	3	9	0.243	2024-02-20
C9	0.250363840841247	0.036532929638031	0.109958337787532	16.0694638347479	6.30372552465538	7.70212395934305	7.689	0.00703332967307887		25G3A08	3	9	0.261	2024-02-20
D1	0.336891496416249	0.0329073629948071	0.0581264484971303	38.2490094073957	11.9248156128817	5.29384426809332	5.2765	0.0059558068353047		16G1A05	1	9	0.209	2024-02-20
D10	0.236982133540464	0.0279958592207676	0.13497561059794	14.8931496106961	5.13535132376371	7.64501891251004	7.6395	0.00390778301124041		30G3A09	1	9	0.236	2024-02-20
D11	0.168086706106351	0.0412706063907235	0.0920634559003748	12.1936272695479	7.52901543594046	5.5705376581835	5.566	0.00428666292988875		28G1A08	1	9	0.169	2024-02-20
D12	0.298300852204438	0.0347414494213182	0.122814068980352	16.4992929148088	5.64387440555232	9.14613891999472	9.14	0.00595286798041975		32G4B12	1	9	0.297	2024-02-20
D13	0.207086161612914	0.0247951605509593	0.123348709585948	16.1733011132569	5.61941168972643	6.40955795056519	6.4015	0.00460940500635003		Grass-43	1	9	0.21	2024-02-20
D14	0.294978419530528	0.0258211661330908	0.105343223265446	22.252036466243	6.57989341007102	7.51854395781249	7.5175	0.00606075519242216		Grass-53	1	9	0.288	2024-02-20
D15	0.299313685561229	0.0363663825653708	0.0985981773451766	20.0643551891703	7.03002022170599	8.15559476669289	8.1475	0.00513598850875912		Grass-44	1	9	0.288	2024-02-20
D16	0.281759170426936	0.0399403332201948	0.0962173295883865	18.7159857372744	7.20397441422661	7.9733333752244	7.9675	0.00559213241582535		Grass-54	1	9	0.277	2024-02-20
D17	0.296524539442475	0.0328914793692268	0.115040591257042	18.0922624884605	6.02524007383799	8.64663234590742	8.65	0.00577691963190734		Grass-45	1	9	0.293	2024-02-20
D18	0.300931919339032	0.0294213936421161	0.101535926519761	21.8866257378521	6.82661993954468	7.7554702512175	7.748	0.00462830878127499		Grass-55	1	9	0.29	2024-02-20
D19	0.288688080572888	0.0333910669309788	0.108812206974327	18.6940351293415	6.37012335135788	8.24133245760752	8.238	0.00637041284638127		Grass-51	1	9	0.289	2024-02-20
D2	0.287337669919407	0.0259980157933282	0.0955526213645545	24.1521442915092	7.25408859182873	6.86040362654888	6.85	0.00706626747592615		19G2B10	1	9	0.277	2024-02-20
D20	0.329505724756513	0.0322827737601778	0.106251853389076	20.8932709904606	6.52362437407808	8.78140649648015	8.7765	0.00609409561652512		Grass-57	1	9	0.319	2024-02-20
D21	0.28795510428004	0.0125802226255803	0.119209816363822	25.8871921926295	5.81451428835774	6.4267283832378	6.427	0.00433949706865463		18G1A07	1	9	0.274	2024-02-20
D22	0.362927487909465	0.0424285955882209	0.0946259078334156	21.3689496607203	7.32513110236362	9.48511923382377	9.4725	0.00457875593896707		19G3B08	1	9	0.339	2024-02-20
D23	0	0.00900397746621527	0	18.4647475262089	7.99922239178039	1.51545915040602	1.5075	0.00293320703990075		18G4B09	1	9	0.055	2024-02-20
D24	0.344761476068308	0.0382047754938817	0.0900330027450625	23.1297651723704	7.69881220692662	8.51225267493438	8.4885	0.00586707121298865		19G4A01	1	9	0.303	2024-02-20
D3	0	0.00856775168235423	0	-0.933183370630877	2.77835319435479	0.701173004055746	0.689	0.00244582129500973	questionable fit	16G2A12	1	9	0.02	2024-02-20
D4	0	0.0109995327244466	0	15.7981013732714	7.96672136334519	1.65013345100595	1.642	0.00257496882499591		19G3B07	1	9	0.052	2024-02-20
D5	0.239643080005954	0.029792480825673	0.157638592556117	12.3836414231665	4.39706527012537	8.33892971046371	8.3455	0.00464766008413891		26G3B03	1	9	0.237	2024-02-20
D6	0.220208588080767	0.031779916559366	0.127882177395142	13.9181630746358	5.42020158460547	7.25863322602046	7.2455	0.00498001215514406		28G3A04	1	9	0.23	2024-02-20
D7	0.255671679686034	0.0302852804013864	0.12203500374608	16.447366728194	5.67990461164885	7.84706483708195	7.8415	0.00584507993978252		26G3B10	1	9	0.262	2024-02-20
D8	0.219667435898992	0.0221420998042446	0.129278647197671	16.9276685878476	5.36165248929392	6.67537034660714	6.6855	0.00568528657207552		28G4A10	1	9	0.225	2024-02-20
D9	0.244139804600221	0.0241439167172883	0.0728779724952736	30.3188511765569	9.51106564613744	4.78344515546012	4.777	0.00415940880655116		28D10	1	9	0.19	2024-02-20
E1	0.378138638228775	0.0372478881660519	0.0515300777180675	42.9645537762682	13.4513125392961	5.33913140192267	5.3245	0.00468396636780896		16G1A05	2	9	0.208	2024-02-20
E10	0.215721232339343	0.0218166676893285	0.128477191320488	17.0045113082926	5.39509911008934	6.53837863590105	6.5305	0.00366729218677169		30G3A09	2	9	0.219	2024-02-20
E11	0.156139729447355	0.035088189559621	0.0924901275446107	13.3890161382598	7.49428289225377	5.04182032988937	5.039	0.00453025464551724		28G1A08	2	9	0.155	2024-02-20
E12	0.283927519090894	0.0328056611389907	0.121268601124619	16.7837114974079	5.71580090915414	8.62824050548355	8.6245	0.00582094670487544		32G4B12	2	9	0.282	2024-02-20
E13	0.189092573315372	0.0301342870260907	0.114325782673287	14.5459593733611	6.06291218264193	6.07449938212312	6.059	0.00350149245216194		Grass-43	2	9	0.188	2024-02-20
E14	0.258466197207348	0.0206425021466089	0.114908895257761	21.2705679166345	6.03214554456463	6.82335249014039	6.8205	0.00539081577115668		Grass-53	2	9	0.258	2024-02-20
E15	0.253206822414823	0.0346977639451215	0.0962833506103219	19.1118424346944	7.19903468425451	7.08516583108255	7.0795	0.00487277188018045		Grass-44	2	9	0.246	2024-02-20
E16	0.233404403513318	0.0283861515489661	0.105566399473381	18.7294216179106	6.56598296444435	6.64356006487957	6.644	0.00576281732214255		Grass-54	2	9	0.235	2024-02-20
E17	0.250894590492287	0.025916490942154	0.116534744754014	18.544886202779	5.94798728931073	7.22384271839839	7.2185	0.00445380997038304		Grass-45	2	9	0.246	2024-02-20
E18	0.258193429273479	0.0213164651206062	0.110158761664755	21.8599142446348	6.29225646770969	6.67529987960729	6.666	0.00423752775702639		Grass-55	2	9	0.251	2024-02-20
E19	0.264177456285282	0.0354928263620294	0.104870918501077	17.7648228637984	6.60952712598606	7.7275754964008	7.732	0.00588510301106865		Grass-51	2	9	0.262	2024-02-20
E2	0.28272219729977	0.0315500654275246	0.102580763984681	20.2237022332265	6.75708732938911	7.68194493829491	7.6725	0.00784534748567487		19G2B10	2	9	0.286	2024-02-20
E20	0.27762483960091	0.0223141406875668	0.115225436123844	21.1521060238619	6.01557437209395	7.35859830377935	7.352	0.00497619039006935		Grass-57	2	9	0.274	2024-02-20
E21	0.275163154453923	0.01469046917621	0.115518220810351	24.8904376503912	6.00032770326251	6.38777177627225	6.386	0.004524201091396		18G1A07	2	9	0.266	2024-02-20
E22	0.33119949605091	0.0341839446601344	0.0928825061036697	23.2770250314472	7.46262358367352	8.14168143832302	8.1335	0.00436195775307254		19G3B08	2	9	0.304	2024-02-20
E23	0	0.0102480856667373	0	12.436735906169	6.39561400376496	1.67104769672549	1.663	0.00272774542263519		18G4B09	2	9	0.052	2024-02-20
E24	0.313727140417403	0.0290917862120399	0.0939312102649783	24.2810991375496	7.37930639459014	7.45801575769227	7.4245	0.00662357073807253		19G4A01	2	9	0.272	2024-02-20
E3	0	0.00975528619648916	0	-1.53996186828279	2.09481247939251	0.727359588901194	0.7115	0.00229210580101575	questionable fit	16G2A12	2	9	0.022	2024-02-20
E4	0	0.0112204930890144	0	17.4825274139235	8.33131257050124	1.71341816056923	1.705	0.00263535180649319		19G3B07	2	9	0.055	2024-02-20
E5	0.225015939299982	0.0322294395551729	0.156700517330467	11.4147871453668	4.42338795281806	8.01491532243035	8.027	0.00608859237408014		26G3B03	2	9	0.222	2024-02-20
E6	0.204335986855106	0.0305458968752964	0.134866716313941	12.8913780282387	5.13949771674167	6.94188285545681	6.9295	0.00463747291298786		28G3A04	2	9	0.211	2024-02-20
E7	0.243768038353046	0.0342614707351826	0.132958487607317	13.6187895925539	5.21326011624849	8.12221635864152	8.1175	0.00545601256770869		26G3B10	2	9	0.251	2024-02-20
E8	0.211491294145972	0.0235152831198478	0.130739595491926	15.8992674763111	5.30173875750405	6.62250682354463	6.6265	0.00494973478903269		28G4A10	2	9	0.215	2024-02-20
E9	0.232068031394261	0.0308662251507364	0.0720497111451296	26.0187839317329	9.62040193559889	5.24262863966314	5.228	0.00340286830694062		28D10	2	9	0.193	2024-02-20
F1	0.39601650834861	0.034823616857095	0.055965201067172	41.7959070023167	12.3853245828242	5.58804507554811	5.565	0.00586718964250212		16G1A05	3	9	0.226	2024-02-20
F10	0.202496666309883	0.028531137680159	0.129081328635865	14.0055974501732	5.36984851244673	6.66488430229082	6.6575	0.00391022151359338		30G3A09	3	9	0.196	2024-02-20
F11	0.181644768717543	0.0475790335693138	0.0884978585615594	11.7057979067805	7.83236105173991	6.05030071397459	6.037	0.00430223659459487		28G1A08	3	9	0.179	2024-02-20
F12	0.277536026954325	0.0269424255976395	0.127404896243214	17.5042747228829	5.44050661315826	8.28550420594556	8.2775	0.00462964233560408		32G4B12	3	9	0.275	2024-02-20
F13	0.191541675329804	0.0220171149012265	0.12191070500755	16.7432196747043	5.68569577640467	5.82952545113623	5.824	0.0039077941525082		Grass-43	3	9	0.193	2024-02-20
F14	0.255977788801821	0.0188504656786325	0.109741466226979	23.0729522237733	6.31618297432171	6.34893001067618	6.3415	0.00411575595014788		Grass-53	3	9	0.25	2024-02-20
F15	0.266641522350159	0.028413967656177	0.0982158122855286	21.6497266216359	7.05738887079464	6.91693785380665	6.907	0.00514561973111011		Grass-44	3	9	0.254	2024-02-20
F16	0.26308657562748	0.0437285227178613	0.0912509130954075	17.6732999361188	7.5960574754493	7.63014197269361	7.6265	0.00625549108016975		Grass-54	3	9	0.257	2024-02-20
F17	0.288394755798507	0.0276964285199737	0.11014913150174	20.3547717852896	6.29280658966428	7.830117933116	7.8245	0.0052195072974398		Grass-45	3	9	0.279	2024-02-20
F18	0.29616437886054	0.0369592652593365	0.0922292602110624	21.1191472315492	7.51548021716438	7.79156182207316	7.7845	0.00444105403905954		Grass-55	3	9	0.278	2024-02-20
F19	0.277668783005372	0.0312066129411181	0.108685831257473	19.0142400706581	6.37753028651825	7.85101952455662	7.848	0.00635281637010142		Grass-51	3	9	0.279	2024-02-20
F2	0.266418923585338	0.0334080516181417	0.103181098119509	18.8240696342332	6.71777285949322	7.5512513887753	7.543	0.00806823479774732		19G2B10	3	9	0.272	2024-02-20
F20	0.302729760233338	0.0284817876944218	0.107393964272105	21.0884090832035	6.45424708230075	8.02085550201167	8.0155	0.00510822605572173		Grass-57	3	9	0.293	2024-02-20
F21	0.276426866479702	0.0105233935309784	0.115730062379123	27.905736492303	5.9893442231911	5.68461425668879	5.683	0.00396502090886286		18G1A07	3	9	0.256	2024-02-20
F22	0.382206749937696	0.0438596048398024	0.0914338574014247	22.3448813122416	7.58085899752431	9.67837123611499	9.659	0.00484222358068325		19G3B08	3	9	0.352	2024-02-20
F23	0	0.00656606817363687	0	15.6451631310108	7.42630713122933	1.06730882903686	1.063	0.00283959432706944		18G4B09	3	9	0.035	2024-02-20
F24	0.360036991543817	0.0349619075319744	0.090064303246489	24.7578340189094	7.69613659990166	8.42441788887379	8.3915	0.0059009721772477		19G4A01	3	9	0.317	2024-02-20
F3	0	0.0107591538820867	0	-1.64494773768768	3.5358335088954	0.838967961165095	0.8325	0.00210270434259943	questionable fit	16G2A12	3	9	0.022	2024-02-20
F4	0	0.00988153346526698	0	12.5350529052447	6.79779107725366	1.511058208921	1.503	0.00245320417786149		19G3B07	3	9	0.044	2024-02-20
F5	0.230040105086501	0.0316114189639518	0.159515000169165	11.5156026381551	4.34534169090598	8.18396863130749	8.1875	0.00504698134644542		26G3B03	3	9	0.227	2024-02-20
F6	0.197934084032369	0.0258804690678293	0.135164346187063	14.0149203721041	5.12818061947086	6.53634324824001	6.528	0.00454041904830559		28G3A04	3	9	0.206	2024-02-20
F7	0.270366796793178	0.0359366396414238	0.112822849145595	16.622522322047	6.14367732962898	8.21018256189627	8.2125	0.00738930862693404		26G3B10	3	9	0.274	2024-02-20
F8	0.200697128002539	0.0206835609782897	0.112115162973057	19.2988435632232	6.18245705736092	5.63582077881852	5.6385	0.00345499966514883		28G4A10	3	9	0.199	2024-02-20
F9	0.235697685154424	0.0270969601075292	0.0741399611797964	27.5290199430675	9.34917107494834	5.06681665081478	5.061	0.00316156326827506		28D10	3	9	0.192	2024-02-20
G1	0.341882148845894	0.0302487282063415	0.109810732812893	21.2399404194185	6.31219884253938	9.02098401007032	8.9965	0.00381111221944265		20G2A05	1	9	0.329	2024-02-20
G10	0.255092101450685	0.0413789997551466	0.0843856002399788	19.4566485840682	8.21404574463829	7.00648808901067	6.9975	0.00461999014605028		35G2A07	1	9	0.238	2024-02-20
G11	0.236981222324468	0.0260861408561632	0.11449880594535	18.2530863681049	6.05375029754268	6.87563513316926	6.865	0.00515798117547217		Grass-58	1	9	0.239	2024-02-20
G12	0.222605925066666	0.0270193716464789	0.133415387010701	14.8367364301711	5.19540658758009	7.18630329716478	7.1825	0.0043202413019324		Mcba15-003	1	9	0.226	2024-02-20
G13	0.268166351063247	0.0365531051802762	0.112505928802375	16.4107155685845	6.16098358494075	8.18913536771443	8.1855	0.00539804848070016		Grass-59	1	9	0.266	2024-02-20
G14	0.237021752956126	0.0346469201013906	0.108218707137165	16.3087584119755	6.40505878231751	7.23523219687514	7.222	0.00488280205110975		Salt-6	1	9	0.233	2024-02-20
G15	0.232160017449391	0.0276519275655368	0.11303404595999	17.7018532643263	6.13219826533766	6.8393505657594	6.827	0.00484668224990201		Pine-20	1	9	0.234	2024-02-20
G16	0.246926912869176	0.030972264884045	0.154189181520747	12.5947636571798	4.49543329644484	8.53467596377662	8.529	0.0104917623230872		Salt-5	1	9	0.257	2024-02-20
G17	0.239032027660762	0.0384485168170941	0.0913801537923484	18.0773448449122	7.58531422627114	6.85832335579665	6.85	0.00331330743381504		Salt-11	1	9	0.228	2024-02-20
G18	0.29229852119356	0.0403315689326806	0.0916304129394102	19.9951453651108	7.56459736810619	7.94827904804351	7.9405	0.00441100452636266		Salt-16	1	9	0.275	2024-02-20
G19	0.311515393960432	0.0419672206193198	0.075904055422936	24.5027523588012	9.1318859934129	7.36337207406145	7.3445	0.00469994950250802		23G1B04	1	9	0.267	2024-02-20
G2	0.27285617831949	0.0484327622511876	0.110422779818578	13.8862472912106	6.27721183707538	8.88177287823594	8.871	0.00596844115658235		23G2B11	1	9	0.277	2024-02-20
G20	0.340889914993146	0.0589441732979835	0.0764712073426028	20.4668387070771	9.06415897756836	9.05178707789013	9.0385	0.00603007603936513		23G3A03	1	9	0.31	2024-02-20
G21	0.289671116185391	0.0558650908812455	0.0846541307807383	16.9105998005496	8.18799005042362	8.51029324191122	8.495	0.00668050081722538		23G1B09	1	9	0.279	2024-02-20
G22	0.208375978226441	0.0332029162888785	0.126999447148989	13.0956215626212	5.45787557442498	7.00782599016599	6.994	0.0043919524833073		23G3A08	1	9	0.209	2024-02-20
G23	0.342606354922724	0.0352050325001402	0.0989471128001965	21.9002356975516	7.00522896468555	8.81880673681726	8.7915	0.00471522116983136		23G2A11	1	9	0.319	2024-02-20
G24	0.087	0.0456824422333358	0.0119917555362734	1275.60549940718	57.8019772387179	2.96456081694393	2.8785	0.0097539823138559		23G3A10	1	9	0.087	2024-02-20
G3	0.255002565631389	0.0277104870826736	0.117310041317294	17.9390009570367	5.9086773201721	7.47857438826594	7.4625	0.00538255649629367		23D06	1	9	0.26	2024-02-20
G4	0.118310215521737	0.0215995529547371	0.120341681308846	12.4566237278374	5.75982629643546	4.02051226910074	4.014	0.0030483141208614		35D02	1	9	0.118	2024-02-20
G5	0.220284122913014	0.0324631765800586	0.115750166918741	15.16527123834	5.98830393952303	6.97163852199138	6.9685	0.00487581041724297		33G1A03	1	9	0.219	2024-02-20
G6	0.108885040170705	0.0251303462675433	0.117615714806217	10.2351636191787	5.89332115782292	3.87994108177357	3.8735	0.00357857261806219		35D04	1	9	0.105	2024-02-20
G7	0.32161685867904	0.0490831888438365	0.0945308897085829	18.1342371862045	7.33249398896762	9.23828707753738	9.2805	0.0179493160797034		33G3A07	1	9	0.305	2024-02-20
G8	0.297393609929017	0.0439345752063044	0.101602753899053	17.2485542347737	6.82212985337603	8.80331547207013	8.7885	0.00673980071769706		35G1B04	1	9	0.287	2024-02-20
G9	0.275094825442477	0.0345654900209284	0.1124345550732	17.2543598501102	6.1648945923135	8.2053867175161	8.2	0.00592189395041613		33G4B08	1	9	0.277	2024-02-20
H1	0.352297152660254	0.0320356620541344	0.102388530720861	22.4858007295521	6.76977368148444	8.90413513786737	8.8845	0.00430092649969497		20G2A05	2	9	0.327	2024-02-20
H10	0.256511958828843	0.023044466205683	0.0923670412880229	25.06973433883	7.50426960628244	5.93587109706198	5.9265	0.00339784483153095		35G2A07	2	9	0.231	2024-02-20
H11	0.235532039053616	0.0218989175154558	0.118234794402408	19.2652506639504	5.86246361795024	6.63911540149257	6.634	0.00428898144802112		Grass-58	2	9	0.237	2024-02-20
H12	0.207379600678433	0.0173263906833653	0.140276443265798	17.0739521021493	4.94129423602905	6.30363142877286	6.299	0.0041283086996248		Mcba15-003	2	9	0.211	2024-02-20
H13	0.26716695628601	0.0324542787744363	0.114965762170608	17.2097308619835	6.02916179106719	7.99164794237461	7.985	0.00506548031613438		Grass-59	2	9	0.267	2024-02-20
H14	0.217853519546996	0.0238251735385554	0.113314406227961	18.5083397447069	6.11702610139	6.26902385081864	6.263	0.00400862696438191		Salt-6	2	9	0.213	2024-02-20
H15	0.238356715687378	0.0260134551313027	0.113264488111265	18.5370564474539	6.11972200747542	6.85298638393915	6.8425	0.00481304252107754		Pine-20	2	9	0.239	2024-02-20
H16	0.245075454277115	0.0205161624729348	0.133508636207582	17.9233857636004	5.19177785234974	7.24336496181766	7.23	0.00628845416628594		Salt-5	2	9	0.237	2024-02-20
H17	0.242761990879731	0.0345964296026288	0.0890302828710574	20.1569981227717	7.78552149007356	6.55951803319391	6.5485	0.00361255605654975		Salt-11	2	9	0.228	2024-02-20
H18	0.287958236447898	0.0344883983662862	0.0944121168826669	21.1267569422252	7.34171845147135	7.58144279234944	7.5705	0.00409482046475306		Salt-16	2	9	0.273	2024-02-20
H19	0.301125077559916	0.0323583553488044	0.0846087580632526	25.0207139406327	8.19238098308636	6.99102377437152	6.986	0.00453582619107018		23G1B04	2	9	0.268	2024-02-20
H2	0.254843442018199	0.0326510027750615	0.111010613268146	17.2746391110328	6.24397217665713	7.58997167124409	7.5775	0.00455596868903407		23G2B11	2	9	0.255	2024-02-20
H20	0.297705489888133	0.0391062516515285	0.080265671592503	23.5343097508288	8.63566163227228	7.24830855700129	7.2405	0.00383764235457967		23G3A03	2	9	0.265	2024-02-20
H21	0.290654656974524	0.0454326203165276	0.0871872308581781	19.3369338536077	7.95009973062963	8.02765453567204	8.0175	0.00628305577539193		23G1B09	2	9	0.277	2024-02-20
H22	0.277119791720014	0.0262568048087826	0.0987154802193695	22.8635035755498	7.02166650073125	6.91184528485636	6.9025	0.00517437021165724		23G3A08	2	9	0.264	2024-02-20
H23	0.35214478750239	0.0333193920466748	0.0891875767710121	25.3230787717255	7.77179070959167	8.08376955036518	8.0575	0.0045617655586594		23G2A11	2	9	0.312	2024-02-20
H24	0.316389468400091	0.0283904442334447	0.0861292962026676	26.9003065864288	8.04775159115346	6.88335973194856	6.876	0.00582064103731424		23G3A10	2	9	0.275	2024-02-20
H3	0.232528774446108	0.0278899290180095	0.127782238111822	15.5966984827585	5.42444075798214	7.33092925745289	7.314	0.0048583448717907		23D06	2	9	0.234	2024-02-20
H4	0.100833235650876	0.0183836720697579	0.0991932115775207	15.1293001693423	6.98784896200525	3.14812188719032	3.135	0.00486883409901316		35D02	2	9	0.097	2024-02-20
H5	0.218148266687842	0.0266769168827831	0.122763927149951	16.0547123129561	5.64617959568281	6.77187860862657	6.772	0.00536073089137568		33G1A03	2	9	0.215	2024-02-20
H6	0.0929041288033444	0.0149313277736273	0.119277858869791	13.8575468735956	5.81119737667841	3.04866460348179	3.035	0.00551797953897228		35D04	2	9	0.093	2024-02-20
H7	0.310325409198153	0.0473569900410168	0.0851864547640651	20.124320430829	8.13682389388907	8.37142543169589	8.4085	0.0136899275122252		33G3A07	2	9	0.293	2024-02-20
H8	0.278224291385784	0.0239935357507692	0.115256079052835	20.4801161933829	6.01397502202203	7.53814131845773	7.5155	0.00581074229687766		35G1B04	2	9	0.269	2024-02-20
H9	0.272899543924593	0.0302813933111173	0.113973356353924	18.2582617163539	6.08165980834591	7.91428811694504	7.909	0.00543145008267871		33G4B08	2	9	0.272	2024-02-20
I1	0.348123538805502	0.0335283699822075	0.101950383832543	21.9606303006257	6.79886778747652	8.95115981040557	8.9305	0.00526746849560712		20G2A05	3	9	0.33	2024-02-20
I10	0.257073965503864	0.0391185079151496	0.0894623371934924	19.2002027847621	7.74792166518947	7.13992813583792	7.1335	0.00490094589578919		35G2A07	3	9	0.244	2024-02-20
I11	0.219606808210825	0.0228192846055255	0.12152653591041	17.7287912937047	5.70366937037467	6.49457224218856	6.4865	0.00356173475591645		Grass-58	3	9	0.219	2024-02-20
I12	0.215618433811568	0.0271865564123694	0.145295577423538	13.3246584735576	4.77060068070354	7.28623223821617	7.285	0.00412321959165438		Mcba15-003	3	9	0.218	2024-02-20
I13	0.256988971465799	0.0359845010000024	0.113840837922103	15.9441431108622	6.08873927152785	7.95543209252124	7.949	0.00431663435726796		Grass-59	3	9	0.255	2024-02-20
I14	0.231709336655804	0.0350982410072188	0.112288286447582	15.3451146406691	6.17292508852666	7.27957485608152	7.273	0.00418610608202213		Salt-6	3	9	0.231	2024-02-20
I15	0.224911437599524	0.0245501639973189	0.120517955557009	17.4198405621968	5.75140175052228	6.70836033412414	6.704	0.00439074261203446		Pine-20	3	9	0.227	2024-02-20
I16	0.241941397974383	0.0314387740532433	0.151148123169975	12.580084388522	4.58588016855796	8.3542866245285	8.3545	0.00840294421861855		Salt-5	3	9	0.237	2024-02-20
I17	0.219875880320457	0.0334771451180454	0.0951002411968773	18.0548979109178	7.28859540035221	6.33260740438252	6.3235	0.0035386574652367		Salt-11	3	9	0.211	2024-02-20
I18	0.271770457288765	0.0354239772906985	0.100104239767124	18.9593363169579	6.92425397937626	7.65765315352697	7.642	0.00408885895453835		Salt-16	3	9	0.263	2024-02-20
I19	0.278256005264196	0.0333382342366793	0.0864448132783262	23.0692569803588	8.01837790230653	6.87928947189633	6.868	0.00417730867560471		23G1B04	3	9	0.253	2024-02-20
I2	0.266047145112239	0.04737869613099	0.110523771922943	13.8376020425952	6.27147597752277	8.67127441571645	8.658	0.00663312552879882		23G2B11	3	9	0.273	2024-02-20
I20	0.321953298981892	0.0528105589848338	0.0843071616561626	19.3166355899336	8.22168801491466	8.87638180166186	8.865	0.00569965014540469		23G3A03	3	9	0.303	2024-02-20
I21	0.261469449025033	0.0443111216336943	0.0944100122563163	16.8349836061409	7.3418821160419	7.77678257279035	7.7645	0.00716955030667963		23G1B09	3	9	0.262	2024-02-20
I22	0.273878191908578	0.0364269743737208	0.0986614279206767	19.0008667785606	7.02551336594512	7.70046902167845	7.6855	0.00496062366540165		23G3A08	3	9	0.268	2024-02-20
I23	0.339361818093103	0.0328190902193255	0.0901048478531171	24.797187273708	7.69267355836245	7.93000364522657	7.8985	0.00507716039559513		23G2A11	3	9	0.303	2024-02-20
I24	0.415104439065428	0.0431891237830367	0.0739742979923383	29.1057507868437	9.37010825884061	8.46602175101514	8.446	0.00515492360890063		23G3A10	3	9	0.332	2024-02-20
I3	0.232992522286772	0.0265368255908589	0.128392700361198	15.9787310843919	5.39864944510057	7.27077872847448	7.263	0.00508156455378269		23D06	3	9	0.239	2024-02-20
I4	0.126917703821398	0.0295797122010768	0.123581856333803	9.63815141784141	5.60881023414722	4.60521382393789	4.6035	0.00343697791568281		35D02	3	9	0.127	2024-02-20
I5	0.207626009220397	0.0258400108792416	0.133499404666658	14.6135937226524	5.19213686600851	6.74311119677177	6.738	0.00399981732218891		33G1A03	3	9	0.208	2024-02-20
I6	0.111461007797476	0.0264234623799627	0.142668295585446	8.19271389610619	4.85845280281497	4.22822977795619	4.238	0.00438961475318185		35D04	3	9	0.11	2024-02-20
I7	0.32100461007604	0.0433958402590924	0.0946932365514456	19.5985404800997	7.31992279283186	8.84739759097423	8.8975	0.0136756067996679		33G3A07	3	9	0.308	2024-02-20
I8	0.301610029114276	0.0430333367195622	0.103271923744963	17.3640344773711	6.71186471040974	8.91141350246826	8.9025	0.00637928752433017		35G1B04	3	9	0.295	2024-02-20
I9	0.252279097294081	0.0313049169036147	0.116970037663566	16.7074468653237	5.92585241832274	7.66348612120513	7.6655	0.00586454281303469		33G4B08	3	9	0.256	2024-02-20
J1	0.408123250790933	0.0337706583676752	0.0845206013446294	28.4617684407066	8.20092580427422	8.40414881242771	8.3745	0.0050068613815994		23G3B01	1	9	0.338	2024-02-20
J10	0.0952298256261719	0.00976757243223384	0.100271986404884	21.6312343014114	6.91267028221736	2.47352460950796	2.47	0.00245895097931604		Mmlr14-006	1	9	0.089	2024-02-20
J11	0.209040374068978	0.021886192410735	0.146119821410239	14.6871026998139	4.74369030751754	6.81648385040406	6.814	0.00450571083839399		Mcba15-005	1	9	0.214	2024-02-20
J12	0.172142878356129	0.0270749681082806	0.109816223856124	15.2854678971037	6.31188321925978	5.40589631103843	5.3965	0.00425286050972861		Mmlr14-014	1	9	0.176	2024-02-20
J13	0.231592100734503	0.025657348366028	0.125880440385334	16.5452977410533	5.50639303801403	7.10339493850122	7.0985	0.00405303178130014		Mcba15-007	1	9	0.234	2024-02-20
J14	0.195167669425091	0.0280371749123727	0.125845548128015	14.1859893581278	5.50791975457764	6.38073850502812	6.378	0.00426212414693976		Wood-18	1	9	0.2	2024-02-20
J15	0.228933036921767	0.0276140158361675	0.124295697931129	15.9825914211476	5.57659832236519	7.12720559171533	7.117	0.00492972678841929		Mcba15-009	1	9	0.235	2024-02-20
J16	0.211811687870956	0.0293217838001872	0.1194248277414	15.3097490004282	5.80404588952703	6.6953072253573	6.7105	0.00670452214789227		Wood-21	1	9	0.215	2024-02-20
J17	0.210938365426376	0.0351150687060238	0.0676427388337231	23.8140734150314	10.2471779308614	5.08881828889035	5.077	0.00397179686903622		Mmlr14-002	1	9	0.177	2024-02-20
J18	0.288359177750504	0.047205703905833	0.0842635598651653	19.3549717528593	8.22594228951503	7.94155377331923	7.943	0.00689108588426854		23G4A03	1	9	0.275	2024-02-20
J19	0.253686243203896	0.0295691650296055	0.118551134840639	17.0849186055137	5.84682028975682	7.63163461824892	7.623	0.00468146677456657		23G3B05	1	9	0.255	2024-02-20
J2	0.290933547588267	0.0541803785821318	0.114466908976343	12.8831931122892	6.05543721551175	9.73812257871997	9.7175	0.00576677891400176		23G3B08	1	9	0.298	2024-02-20
J20	0.160301023217797	0.0342044635944313	0.11062326212803	11.7940095470699	6.26583565902922	5.48223691435822	5.4665	0.0050194934064923		23G4A04	1	9	0.159	2024-02-20
J21	0.22610228797111	0.0271982576787331	0.111010560121925	17.9232455998409	6.24397516595402	6.61038942488497	6.598	0.00365191065217449		23G3B06	1	9	0.224	2024-02-20
J22	0.351001938502089	0.0592441376961327	0.091626559537934	17.3995093076416	7.56491550108872	10.2579478216927	10.251	0.00639451212150804		24G4A10	1	9	0.336	2024-02-20
J23	0.242085594803195	0.034070809894107	0.0971745132359098	18.6177228509782	7.13301417705276	6.87453128220038	6.8785	0.00705659970263536		23G3B07	1	9	0.24	2024-02-20
J24	0.127097035457207	0.0338680707736518	0.0775426015903944	13.0584443523834	8.93892088147078	4.03867398471035	4.0185	0.00424375118682179		24G2B02	1	9	0.117	2024-02-20
J3	0	0.0137745670046474	0	14.8909734741971	7.70133446486969	2.06322627993768	2.0565	0.0027546808225782		35G2B08	1	9	0.064	2024-02-20
J4	0.289011907022585	0.0537575606957156	0.108671961940578	13.5838435790225	6.3783442222103	9.46178517950249	9.4495	0.00646765404886313		35G3B09	1	9	0.29	2024-02-20
J5	0.270407548348924	0.033520109798638	0.109744256081148	17.8181492507285	6.31602240801936	7.92347766091304	7.9095	0.00582254521832733		35G3B01	1	9	0.271	2024-02-20
J6	0.271286249018277	0.0445668577232207	0.112863817975539	14.4131453097413	6.14144721482105	8.73395583266804	8.7275	0.00665701791487169		35G3B10	1	9	0.275	2024-02-20
J7	0.264958654530882	0.0370404118386687	0.111262647794889	16.3305250010152	6.22982819748952	8.10171344378748	8.093	0.00585695021046564		35G3B02	1	9	0.268	2024-02-20
J8	0.280536576439026	0.057190811952345	0.106169512689489	12.8316292903527	6.52868382835264	9.32601770362556	9.3175	0.00717923944263377		35G3B11	1	9	0.286	2024-02-20
J9	0.25655864985158	0.0383451855193815	0.115088851860182	15.1087161823404	6.0227134892442	8.12770508194551	8.125	0.00611433723260102		35G3B04	1	9	0.262	2024-02-20
K1	0.424708552512329	0.0313828062072657	0.0874769969145207	28.9033466946395	7.92376516122591	8.57481430381761	8.5465	0.00746559616400976		23G3B01	2	9	0.343	2024-02-20
K10	0	0.00998552999860993	0	19.8207937932996	6.87760307703324	2.29715555219817	2.2865	0.0033535985318454		Mmlr14-006	2	9	0.08	2024-02-20
K11	0.204671715919411	0.0233560203316202	0.140772429711556	14.5581411768397	4.92388447070361	6.68149832215887	6.68	0.00472873314849689		Mcba15-005	2	9	0.211	2024-02-20
K12	0.163460258966247	0.0259052290165097	0.118746383336381	14.0600426479542	5.83720666756159	5.33456274832076	5.3275	0.00407139748322162		Mmlr14-014	2	9	0.169	2024-02-20
K13	0.216977734144079	0.0236813370683674	0.133855322407127	15.6851250798102	5.17833111224152	6.8455706341503	6.8395	0.00463582801381562		Mcba15-007	2	9	0.223	2024-02-20
K14	0.183563209914853	0.0273361308592443	0.131402053080884	13.265403706219	5.27501027806072	6.16521510145058	6.1625	0.00438584339885758		Wood-18	2	9	0.189	2024-02-20
K15	0.217495975815769	0.0256743836156252	0.133214570167909	15.0964866821697	5.20323850226198	6.97155174773552	6.965	0.00489417970961371		Mcba15-009	2	9	0.224	2024-02-20
K16	0.193324869585166	0.0271515735891347	0.12262363241051	14.7736301413082	5.65263943771848	6.21146584487674	6.2135	0.00589177360144933		Wood-21	2	9	0.2	2024-02-20
K17	0.189913962510332	0.0243590925234559	0.0761303085323118	25.1725958833645	9.10474676804645	4.39701558503547	4.385	0.00347659131939726		Mmlr14-002	2	9	0.164	2024-02-20
K18	0.240260658416654	0.0425963540318761	0.103433859212023	14.8384823655261	6.70135665284521	7.58813080468293	7.585	0.00752510684457515		23G4A03	2	9	0.25	2024-02-20
K19	0.252596336316316	0.0354294409325498	0.119832366155248	15.1304950406695	5.78430688468541	8.02480342531497	8.0195	0.00649461839870802		23G3B05	2	9	0.26	2024-02-20
K2	0.238230547544571	0.0318891277692225	0.120292293420907	15.5227487305061	5.76219108346864	7.49189467430521	7.4835	0.00617212599028961		23G3B08	2	9	0.248	2024-02-20
K20	0.154511533318516	0.0299398876472359	0.133768374683843	10.6578957441073	5.18169696087119	5.52879231020271	5.5255	0.00710714130495077		23G4A04	2	9	0.156	2024-02-20
K21	0.27261112548329	0.0494808909098177	0.102526072727973	14.6905954713876	6.76069181347688	8.63395570480286	8.6235	0.00677180593424353		23G3B06	2	9	0.276	2024-02-20
K22	0.343534958720072	0.0566572011296287	0.0905858477542626	17.9060762575608	7.65182639169294	9.89532150369285	9.879	0.00610091926885743		24G4A10	2	9	0.323	2024-02-20
K23	0.270925018518642	0.0358365730908865	0.108874097653435	17.2767708825993	6.36650218462753	8.05686694620157	8.0655	0.00872929104823995		23G3B07	2	9	0.276	2024-02-20
K24	0.123774363142278	0.0408621104021404	0.066609997066629	10.6227240082001	10.4060533115863	4.02986307211291	4.0105	0.00381204963459764		24G2B02	2	9	0.11	2024-02-20
K3	0	0.0132435853181029	0	13.4381801467477	7.00508232827455	2.05829782388399	2.0505	0.00273207722197899		35G2B08	2	9	0.061	2024-02-20
K4	0.25701354692615	0.040439002509363	0.118505173092335	14.1609014399501	5.84908795517196	8.36479303619248	8.355	0.00564704284597372		35G3B09	2	9	0.259	2024-02-20
K5	0.261957601572763	0.0330135976811819	0.110549522346349	17.517560279939	6.27001515563616	7.74604387046501	7.73	0.00585509340143948		35G3B01	2	9	0.264	2024-02-20
K6	0.239228540458765	0.0411076145062914	0.121669488936641	12.9258717449531	5.69696796310947	8.04738862032387	8.0385	0.00625266056585203		35G3B10	2	9	0.249	2024-02-20
K7	0.245841913713425	0.0362381222361419	0.118346425207402	14.830252567074	5.85693382242182	7.86383664057913	7.857	0.00539734488759968		35G3B02	2	9	0.248	2024-02-20
K8	0.24688245637557	0.0416490038877282	0.119738651377514	13.3195977524033	5.78883403634284	8.21319548366368	8.207	0.00538275408709986		35G3B11	2	9	0.253	2024-02-20
K9	0.254488997278667	0.0389592929377502	0.11515601804574	14.8544682079905	6.0192006663918	8.11605297715982	8.106	0.00580850170792169		35G3B04	2	9	0.259	2024-02-20
L1	0.451023808093395	0.0380162884343062	0.0754599277436423	31.6121570830683	9.1856327097841	8.38868168076242	8.357	0.0138871298625945		23G3B01	3	9	0.331	2024-02-20
L10	0.0889018811824191	0.0101125749726841	0.102066776477692	20.1142590594649	6.79111464553247	2.4230752885179	2.414	0.00262576973560827		Mmlr14-006	3	9	0.086	2024-02-20
L11	0.209558314025702	0.0239998901796426	0.137690532003586	14.8544747525966	5.03409472295372	6.77658185107005	6.772	0.00463435141487563		Mcba15-005	3	9	0.216	2024-02-20
L12	0.176915214347303	0.027069111788879	0.117587931333044	14.5526456127376	5.89471362155991	5.69668106332451	5.6805	0.0041958246563442		Mmlr14-014	3	9	0.184	2024-02-20
L13	0.218542662692678	0.0255602976998952	0.127164807009024	15.897154115525	5.45077837857101	6.83082724209574	6.819	0.00414241698204605		Mcba15-007	3	9	0.223	2024-02-20
L14	0.202694314383568	0.0300568271885241	0.130066670532418	13.4400620051675	5.32916832361898	6.77227465100695	6.7485	0.00556387671916924		Wood-18	3	9	0.211	2024-02-20
L15	0.211534753510512	0.0285502263727675	0.125088910686058	14.8513303285946	5.54123604369354	6.79345262164797	6.7855	0.00446592508768413		Mcba15-009	3	9	0.217	2024-02-20
L16	0.209061497076248	0.0287646659478871	0.122058194010513	15.037554932559	5.67882546664786	6.66801899216274	6.6615	0.00576472392123646		Wood-21	3	9	0.214	2024-02-20
L17	0.184718690067741	0.0406050253706834	0.0955357026531365	13.2590273024383	7.25537324068856	6.00608483459911	5.9935	0.00352721745757197		Mmlr14-002	3	9	0.181	2024-02-20
L18	0.253545108355579	0.0433187140360869	0.0982711903613888	16.0738897730907	7.05341186985648	7.72091800615341	7.7145	0.00686784857616993		23G4A03	3	9	0.259	2024-02-20
L19	0.250132910488537	0.0442741335750296	0.114361438851892	13.4380066030127	6.06102185770532	8.26062653293	8.2655	0.0069251853568522		23G3B05	3	9	0.257	2024-02-20
L2	0.280284625879875	0.056989438568166	0.108900826801322	12.5401127224605	6.36493955940774	9.40739240089518	9.368	0.00859017457188813		23G3B08	3	9	0.291	2024-02-20
L20	0.16266319969637	0.0302003203787605	0.131810966444257	11.2164409158943	5.25864576566229	5.73951781985542	5.73	0.00491149062176944		23G4A04	3	9	0.159	2024-02-20
L21	0.245874500010132	0.0394133552730475	0.10556632604071	15.6868915546959	6.56598753178779	7.61367932727894	7.6035	0.00466562528459219		23G3B06	3	9	0.245	2024-02-20
L22	0.356910655279676	0.0588108892785328	0.0874459949213301	18.5611838210063	7.92657435235917	10.0718791853424	10.052	0.00673874784257732		24G4A10	3	9	0.332	2024-02-20
L23	0.275587429806279	0.0486071665469333	0.100662862408742	15.3094403534934	6.88582823867474	8.57793938512451	8.571	0.00880318954801801		23G3B07	3	9	0.281	2024-02-20
L24	0.112821412983571	0.0362839240583268	0.0761043271574604	9.80766692532147	9.10785505173469	3.81257748769921	3.7905	0.00421095331239166		24G2B02	3	9	0.105	2024-02-20
L3	0	0.0168484995551944	0	14.821808154421	8.91102342987083	2.14781045389153	2.1395	0.00263477929029345		35G2B08	3	9	0.065	2024-02-20
L4	0.2757524061228	0.041140409217745	0.115171616657614	15.1160701916635	6.01838543797258	8.73462035520435	8.7195	0.00602981504472271		35G3B09	3	9	0.28	2024-02-20
L5	0.254684415091188	0.0359743962854969	0.112630652018259	16.0252935935677	6.15416112878026	7.85999824565439	7.8515	0.00488639899199835		35G3B01	3	9	0.256	2024-02-20
L6	0.244249465474759	0.0421969360765757	0.123336992293008	12.698380813554	5.61994554653364	8.27210089341012	8.2615	0.00598098791869049		35G3B10	3	9	0.253	2024-02-20
L7	0.240985051442473	0.0383712653697164	0.121042767660923	13.7471472737149	5.72646506647684	7.94039840384957	7.94	0.00500667953056061		35G3B02	3	9	0.242	2024-02-20
L8	0.250462631908587	0.0412871437928474	0.123979983204908	13.0877771601832	5.59079911645372	8.40676750532838	8.398	0.0054175817881642		35G3B11	3	9	0.256	2024-02-20
L9	0.255180533601334	0.0394167869697504	0.11778760763157	14.4326919180072	5.88472076560085	8.24338356859709	8.2325	0.00598623105164898		35G3B04	3	9	0.259	2024-02-20
M1	0.395732695756546	0.0376934468195673	0.0526318820878568	42.7717244769176	13.1697205774039	5.56451996145129	5.536	0.00700412853197233		36G1B07	1	9	0.218	2024-02-20
M10	0.230142342945348	0.0359024653604042	0.132717783472345	12.7208868875424	5.22271516615843	7.84109360237141	7.8195	0.00560783475422499		41G1B04	1	9	0.244	2024-02-20
M11	0.250654688717197	0.0561275953932555	0.0975815461854702	12.737488912199	7.1032608895385	8.2685370755012	8.24	0.00669886930008646		Wood-51	1	9	0.253	2024-02-20
M13	0.224443597859626	0.0485400736478642	0.0884478654233722	14.5571174966776	7.83678811514633	7.01611835769638	6.9905	0.00662024728731369		Napa-12	1	9	0.227	2024-02-20
M15	0.257539441018911	0.0503726186652098	0.0948166365876226	14.9138028692565	7.31039620794173	8.04524298528529	8.026	0.00662897187590674		Napa-18	1	9	0.257	2024-02-20
M17	0.250478570646	0.0327915385364213	0.118197647719794	16.014598637231	5.86430604950076	7.76210184804576	7.7575	0.00411046755904668		S.11	1	9	0.252	2024-02-20
M19	0.231825280715202	0.0509028269088131	0.0855565440383327	14.8223617633234	8.10162668853698	7.17373368696089	7.158	0.0048737903798872		23G4B04	1	9	0.223	2024-02-20
M2	0.263432367487516	0.048875328622985	0.108036947453872	13.6925645467346	6.41583455378441	8.596459385815	8.575	0.00900992739681836		25G2A02	1	9	0.275	2024-02-20
M21	0.217664264300495	0.0446024020369421	0.100233359824316	13.5270473162629	6.91533419387377	7.07308808342723	7.044	0.00519898829299161		23G4B10	1	9	0.22	2024-02-20
M23	0.326236567774186	0.0620631969448548	0.0731374825838903	19.8045157237336	9.47731800537283	8.79115622300843	8.755	0.00844180581337023		25D05	1	9	0.298	2024-02-20
M3	0.322478025580207	0.0745301666403902	0.0991839594686603	12.1190414207555	6.9885008046988	10.8076017874284	10.775	0.00586672225518485		36G1B08	1	9	0.325	2024-02-20
M4	0.202026353625931	0.0280852621698276	0.0575858350340994	31.665282358955	12.0367652939217	3.93115142531288	3.9125	0.00524080645684061		37G2B01	1	9	0.144	2024-02-20
M5	0.28779544230102	0.05937326071234	0.0921189989456918	14.6262078085449	7.5244758246731	9.0241311273581	8.996	0.00663346775630884		36G4B07	1	9	0.288	2024-02-20
M6	0.227679068704735	0.0224202921251274	0.145288206294344	15.2407763651721	4.77084271489785	7.30950890464307	7.307	0.00427832907189526		40G1B01	1	9	0.232	2024-02-20
M7	0.189839993185508	0.0314748192487393	0.0857334707070439	18.8457989995175	8.08490750279396	5.30800012622825	5.3035	0.00388940326419986		37G2A11	1	9	0.181	2024-02-20
M8	0.225739213776112	0.0281206020018783	0.144843679731355	13.4616608650447	4.78548447433496	7.59975029897066	7.593	0.00394410396865944		40G3B03	1	9	0.23	2024-02-20
M9	0.201479590901325	0.0339617570340138	0.104177775789519	15.3185716042449	6.6535033533484	6.29082679778652	6.278	0.00494481722891587		Wood-3	1	9	0.206	2024-02-20
N1	0.647743674261973	0.0295310132928121	0.0473548765188952	64.2255185581891	14.6372925348748	4.57348362475776	4.5585	0.00621051116450012		36G1B07	2	9	0.197	2024-02-20
N10	0.242986891191478	0.0392111325978113	0.117881132500424	13.9806891094327	5.8800519290689	7.94052079376435	7.9205	0.00675298886960034		41G1B04	2	9	0.255	2024-02-20
N11	0.231858059067757	0.0355718161118605	0.106457081767581	16.0442156282472	6.51104810550072	7.11782967524555	7.1005	0.00745033212459774		Wood-51	2	9	0.236	2024-02-20
N13	0.223305547858499	0.0409135110319079	0.106033626155678	14.0964533757226	6.53705061017406	7.20169154373053	7.1775	0.00656399588578004		Napa-12	2	9	0.231	2024-02-20
N15	0.262909337686147	0.0497732200898922	0.0870944821768364	16.6997252272072	7.95856595315167	7.7870288866253	7.765	0.00668946973341824		Napa-18	2	9	0.256	2024-02-20
N17	0.261940683680198	0.0324985687012074	0.114511104984823	17.067818245483	6.05310009585369	7.86467055038089	7.8615	0.0043021460722993		S.11	2	9	0.261	2024-02-20
N19	0.207818549409422	0.0444276327351363	0.0903528821288103	14.4133084184614	7.67155584004249	6.53475984588047	6.52	0.0061485940033059		23G4B04	2	9	0.204	2024-02-20
N2	0.288959661021505	0.0564780566362141	0.104222726590174	13.5762991688334	6.65063372680268	9.41975340784957	9.3805	0.0097078855188832		25G2A02	2	9	0.299	2024-02-20
N21	0.221980795582574	0.0445594278987338	0.102134276323996	13.5283061170942	6.78662644420278	7.22842199709742	7.195	0.00643484242174277		23G4B10	2	9	0.225	2024-02-20
N23	0.332814087421178	0.0605291207841697	0.0674769933952797	22.284997139905	10.2723483321122	8.36940273049727	8.3365	0.00576907564314663		25D05	2	9	0.289	2024-02-20
N3	0.317574167065294	0.0517633568198835	0.115336488225875	14.1854701801337	6.00978225730684	10.3038837856296	10.291	0.00609159048744689		36G1B08	2	9	0.317	2024-02-20
N4	0.205300022026223	0.0232036153655458	0.0797150012294373	25.8449240510643	8.69531668907481	4.64610254572004	4.619	0.00508331231452087		37G2B01	2	9	0.176	2024-02-20
N5	0.28977471374138	0.042717843389136	0.11061892349241	15.8652949074639	6.2660814142483	8.96788373071307	8.958	0.00454302334184416		36G4B07	2	9	0.287	2024-02-20
N6	0.245342738535035	0.0251816586137944	0.131266698008845	16.517849508333	5.28044958145621	7.55125092525495	7.544	0.00449952362013889		40G1B01	2	9	0.248	2024-02-20
N7	0.233625705468424	0.0325025639925316	0.0709953967261344	25.6720642516704	9.76326934595167	5.33682849387222	5.3195	0.00445293801806329		37G2A11	2	9	0.194	2024-02-20
N8	0.244137088934388	0.0284849865428324	0.135600673770663	14.9283130779943	5.11167947242092	7.87085866241255	7.8705	0.00427917011341103		40G3B03	2	9	0.248	2024-02-20
N9	0.207798095765266	0.0327844447833337	0.0898254207863391	18.6462785627931	7.71660376864453	5.8624049126696	5.8595	0.00446093424454158		Wood-3	2	9	0.201	2024-02-20
O1	0.50313982863441	0.0323559327586996	0.0463250908283927	57.8002487219291	14.962672887737	4.61840139102794	4.6135	0.00470908142573626		36G1B07	3	9	0.189	2024-02-20
O10	0.262166576301127	0.0393260146871336	0.103555574215236	16.7501393077329	6.69348015124004	7.87884618726544	7.86	0.00840858518928731		41G1B04	3	9	0.268	2024-02-20
O11	0.245912902264413	0.0429714403388727	0.0886718652512762	17.5070395924901	7.8169910895155	7.14568501249355	7.122	0.00766568876414877		Wood-51	3	9	0.24	2024-02-20
O13	0.262046078006987	0.056780863850734	0.0892135367980658	14.404803932036	7.76952921537994	8.22926489666464	8.207	0.00888266143169517		Napa-12	3	9	0.264	2024-02-20
O15	0.312221965087175	0.0512264117782962	0.0724378221364604	22.4778723040106	9.56885726429179	7.82629753958305	7.817	0.00786857233266578		Napa-18	3	9	0.276	2024-02-20
O17	0.270836801381544	0.0326035187657691	0.103972280303235	19.128465267079	6.66665363631905	7.6116924820207	7.604	0.00406439525051727		S.11	3	9	0.262	2024-02-20
O19	0.207840114560039	0.0476214599273327	0.0867743444940325	13.9817359886347	7.98792759082857	6.56902804208039	6.549	0.00751099418551506		23G4B04	3	9	0.205	2024-02-20
O2	0.302012689259271	0.061251587411369	0.0974796545132739	14.0420624594432	7.11068565046626	9.66457067534711	9.629	0.00876685082115452		25G2A02	3	9	0.308	2024-02-20
O21	0.225772676234244	0.0415433152760401	0.0908080943374263	16.4021158537157	7.63309907137063	6.76556920463545	6.7315	0.00716630014837541		23G4B10	3	9	0.222	2024-02-20
O23	0.367929988433712	0.0685671326089233	0.0636623369386869	23.1509424518352	10.8878689330477	9.03128409886727	9.0155	0.00510673008283802		25D05	3	9	0.308	2024-02-20
O3	0.321068504747224	0.0576338185077746	0.107722278976457	14.1075361508856	6.43457590338795	10.3685134992566	10.358	0.0056635957011345		36G1B08	3	9	0.319	2024-02-20
O4	0.22601523415175	0.0330482493862069	0.0796945600331849	22.141417355195	8.69754698779086	5.73606816583182	5.71	0.00604824505171176		37G2B01	3	9	0.2	2024-02-20
O5	0.30707842578267	0.0453148520966188	0.101510442293313	17.2771079173898	6.82833376449199	9.08222813764534	9.075	0.00567346488589069		36G4B07	3	9	0.303	2024-02-20
O6	0.259629540350422	0.0254224061917465	0.122257615464354	18.1630811739678	5.66956240662196	7.58231542960727	7.571	0.00516017118735366		40G1B01	3	9	0.254	2024-02-20
O7	0.196424778330934	0.0260531932855331	0.0752408049402099	24.9577540262806	9.21238390672128	4.57920415870651	4.56	0.00538263203390025		37G2A11	3	9	0.166	2024-02-20
O8	0.250316545388464	0.0251577364043701	0.125095559159606	17.5197307235183	5.54094154274154	7.46147619341488	7.444	0.00404730769772486		40G3B03	3	9	0.248	2024-02-20
O9	0.225068124510821	0.0391037237512789	0.0769081727296652	20.2753167475204	9.01265959076132	6.00934648288652	5.994	0.00409642959089396		Wood-3	3	9	0.207	2024-02-20
A1	0.280595373199022	0.0223679816274604	0.12454409255258	19.6413170999846	5.56547618079366	7.83510543178229	7.83678571428571	0.0106805524634598		02D05	1	16	0.280380952380952	2024-02-20
A10	0.356212176865208	0.0317778325707461	0.113499685075021	20.4697856876891	6.10704056228692	9.64832460324478	9.65828571428571	0.00555929611739536		26G1B06	1	16	0.341380952380952	2024-02-20
A11	0.106500388310819	0.0289609771824718	0.138151803783735	7.12865848566478	5.01728650351181	4.11087755846924	4.13378571428571	0.00474027088679551		25G4A05	1	16	0.108380952380952	2024-02-20
A12	0.35115428460427	0.0320224968525126	0.136937708146078	16.7898637556693	5.06176998245459	10.7498372837271	10.7482857142857	0.00462021341065515		26G3B01	1	16	0.349380952380952	2024-02-20
A13	0.320815944622521	0.0457212303582426	0.162762301750755	11.0256041189223	4.25864695389595	11.5637121164773	11.5277857142857	0.00697599383497616		26G1A06	1	16	0.332380952380952	2024-02-20
A14	0.311259189055871	0.0219645678715255	0.15417859102216	16.7209662409482	4.49574208691738	9.60432736624717	9.61928571428571	0.00883543778488016		Grass-36	1	16	0.320380952380952	2024-02-20
A15	0	0.00507415278155163	0	9.23507921045193	5.45960578259026	0.787663711748241	0.801285714285714	0.00385791169641314		41G3A07	1	16	0.0253809523809524	2024-02-20
A16	0.316869450407556	0.0249400897464687	0.150889338982322	16.3035727726625	4.5937452257058	9.88898643809581	9.90078571428572	0.00873986592136222		Grass-39	1	16	0.323380952380952	2024-02-20
A17	0.299264772419032	0.0279302625729609	0.146797774878212	15.4882567820387	4.72178260968195	9.54705304989015	9.52728571428571	0.00642628563809431		Desert-26	1	16	0.307380952380952	2024-02-20
A18	0.309204327016339	0.0241829173413731	0.15921965954587	15.4938015646624	4.35340197647046	9.90385130329751	9.90078571428572	0.00539009629551653		Grass-40	1	16	0.314380952380952	2024-02-20
A19	0.301251620716349	0.0221173646732608	0.172253332226942	14.7186112798971	4.02399867450304	9.89836799264354	9.88278571428572	0.00665488613891518		Grass-31	1	16	0.311380952380952	2024-02-20
A2	0.312610215999917	0.0275097476205943	0.149429376684071	15.6482031168695	4.63862726286693	9.93736460784463	9.93228571428572	0.0075232226206299		08G1B09	1	16	0.322380952380952	2024-02-20
A20	0.29430406624151	0.0187342343387964	0.150010580788904	17.9219925168906	4.62065526921297	8.74445867359657	8.75478571428572	0.00718828768485018		Grass-42	1	16	0.293380952380952	2024-02-20
A21	0.347546942133602	0.0294926577101324	0.132693180652643	17.9216499375784	5.22368351674703	10.2693306870647	10.2747857142857	0.00415605985265688		Grass-34	1	16	0.343380952380952	2024-02-20
A22	0.31751480024179	0.0310083317381251	0.143563037743716	15.4880059268695	4.82817298556559	10.1164430882187	10.1017857142857	0.010083062024124		09G3B12	1	16	0.328380952380952	2024-02-20
A23	0.136619736182889	0.0246882095792185	0.112812266296667	13.3989111259387	6.1442536641995	4.51000171643192	4.51278571428571	0.0040932762199791		04G2A10	1	16	0.139380952380952	2024-02-20
A24	0.342427698127081	0.0309728938448754	0.144865447032603	15.9330044155662	4.78476541341117	10.7791250137783	10.7917857142857	0.0105072011525923		12G2A10	1	16	0.356380952380952	2024-02-20
A3	0.341628426546579	0.0320210842767036	0.14080166099385	16.1142295572583	4.92286224230139	10.6813758042044	10.6827857142857	0.00600462629607784		02G1B04	1	16	0.340380952380952	2024-02-20
A4	0.300479946550063	0.0227460285291086	0.160039347662411	15.6353609438495	4.33110476069971	9.58767114610927	9.59028571428571	0.00910139931552879		08G4B02	1	16	0.308380952380952	2024-02-20
A5	0.301691093564476	0.0304855010252967	0.152691383397525	14.3140099612177	4.5395304249446	9.96378489981437	9.95128571428572	0.00690385570368317		02G2A03	1	16	0.307380952380952	2024-02-20
A6	0.320921175525626	0.0295102416013403	0.140743415340682	16.2707223889539	4.92489953353855	9.98871305571881	9.99428571428571	0.0081346086962149		09G1A07	1	16	0.322380952380952	2024-02-20
A7	0	0.0114273210217212	0	9.40467643338923	5.95687289584519	1.64981865902387	1.64828571428571	0.00297148767162868		04G1A01	1	16	0.0473809523809524	2024-02-20
A8	0.35247728564205	0.0314640233288908	0.121120062358435	19.1763248473576	5.72281063155904	9.97491948190349	9.99078571428571	0.00596292529624751		26G1B04	1	16	0.339380952380952	2024-02-20
A9	0.338529215513247	0.044485667697458	0.119288842107379	15.8318312236731	5.81066232444442	10.5505666691824	10.5512857142857	0.00695432962416033		25G3A08	1	16	0.338380952380952	2024-02-20
B1	0.299702068657494	0.0257149137074921	0.121318261927574	19.5025057601174	5.71346118504194	8.39580037756996	8.39428571428572	0.00630056342095381		02D05	2	16	0.298380952380952	2024-02-20
B10	0.347159058494578	0.0308096374966856	0.117236123646602	19.8660595908356	5.91240275607692	9.59918155463069	9.61178571428571	0.00504764626825314		26G1B06	2	16	0.337380952380952	2024-02-20
B11	0	0.0121259459063745	0	11.3601929060728	4.63353536749137	2.78902195994994	2.81378571428571	0.00444858428862055		25G4A05	2	16	0.0793809523809524	2024-02-20
B12	0.346702223978123	0.0357413931919338	0.136798737499625	15.8141625243365	5.06691211650872	10.913995520667	10.9177857142857	0.00632448926782382		26G3B01	2	16	0.351380952380952	2024-02-20
B13	0.294194122562274	0.0324623603336223	0.165592597334279	12.6046630709103	4.18585849680648	10.2104312546831	10.1742857142857	0.00760064288698302		26G1A06	2	16	0.307380952380952	2024-02-20
B14	0.314754670772434	0.0276896230163177	0.164638195834127	14.2047907097636	4.21012376288605	10.4684676660068	10.4462857142857	0.0104018647746439		Grass-36	2	16	0.330380952380952	2024-02-20
B15	0	0.00562522872263925	0	10.0805189505696	6.13599209870719	0.825201176032604	0.836285714285714	0.00356394053373203		41G3A07	2	16	0.0253809523809524	2024-02-20
B16	0.305163068852373	0.023399642874769	0.151944918172238	16.3766388065254	4.56183193816475	9.50643537859006	9.50628571428572	0.0107833462224411		Grass-39	2	16	0.317380952380952	2024-02-20
B17	0.295739056761638	0.0258770015628392	0.13878900713722	16.8929540346993	4.99425130892846	9.03268192219895	9.02378571428572	0.00721805087017953		Desert-26	2	16	0.298380952380952	2024-02-20
B18	0.304832305372374	0.0256826012012593	0.146905580333266	16.2412785138481	4.71831756824682	9.51789748896205	9.51378571428572	0.0065709270961695		Grass-40	2	16	0.306380952380952	2024-02-20
B19	0.308032798634724	0.023775419970905	0.155785620835183	15.9271940804598	4.44936558871038	9.73397311328783	9.71778571428571	0.00650768086378694		Grass-31	2	16	0.313380952380952	2024-02-20
B2	0.311308280243029	0.031530271417324	0.140844181898562	15.4997412880142	4.92137602857574	9.90417535359265	9.90278571428571	0.00813976349940924		08G1B09	2	16	0.320380952380952	2024-02-20
B20	0.311917872671863	0.0193787861568637	0.143675390281446	18.8927227609536	4.82439740864554	8.97272520223634	8.98728571428571	0.00723025171166903		Grass-42	2	16	0.311380952380952	2024-02-20
B21	0.313662556931809	0.031153788558286	0.122349897707029	18.020233518933	5.66528614694642	9.19997213465209	9.19728571428571	0.00525868470397231		Grass-34	2	16	0.310380952380952	2024-02-20
B22	0.305653289398262	0.0282943146700057	0.138791866267065	16.4465813221755	4.99414842672541	9.45791307806583	9.45128571428572	0.01025523201139		09G3B12	2	16	0.310380952380952	2024-02-20
B23	0.11301608700554	0.0148823661196597	0.112843025659639	16.7148479599523	6.14257883026495	3.42322895153189	3.41678571428571	0.00504183939219177		04G2A10	2	16	0.119380952380952	2024-02-20
B24	0.331996624712123	0.0254242133968902	0.14049908914364	17.7207695197159	4.93346387357218	9.89767025427371	9.91528571428571	0.00916443793051263		12G2A10	2	16	0.334380952380952	2024-02-20
B3	0.348697163705603	0.0282318905677883	0.131509350405381	18.4726158304987	5.27070644348332	10.1262796163484	10.1277857142857	0.00449973414513654		02G1B04	2	16	0.342380952380952	2024-02-20
B4	0.304688705992047	0.0324339677952432	0.149541340088217	14.2270485331139	4.63515426671344	10.0739239909413	10.0652857142857	0.00902742307535988		08G4B02	2	16	0.316380952380952	2024-02-20
B5	0.380165407821264	0.0382214686667504	0.123655222738113	17.7206379947039	5.60548244717451	11.2572804826682	11.2562857142857	0.0108231940217757		02G2A03	2	16	0.380380952380952	2024-02-20
B6	0.377826188628988	0.0362809179052934	0.137204424767326	16.3419533506893	5.05193022554044	11.7187763981217	11.7022857142857	0.0104059249395854		09G1A07	2	16	0.388380952380952	2024-02-20
B7	0	0.0130476375698036	0	10.0228356458109	6.70750050725712	1.75449965895074	1.76128571428571	0.00248953301551642		04G1A01	2	16	0.0513809523809524	2024-02-20
B8	0.345047625174858	0.0404185697242945	0.120513475362985	16.7599971098485	5.7516155639209	10.4881621143221	10.4877857142857	0.00744884485062966		26G1B04	2	16	0.345380952380952	2024-02-20
B9	0.34311801612375	0.0346734235224431	0.138257238334414	15.8079877059127	5.01346033603951	10.8100673643413	10.7962857142857	0.00717534979256857		25G3A08	2	16	0.346380952380952	2024-02-20
C1	0.275735832511385	0.0239710219579034	0.129923174680696	18.1003095378365	5.33505421387255	8.09457842458131	8.09128571428571	0.00631210892494594		02D05	3	16	0.276380952380952	2024-02-20
C10	0.334028430092632	0.0276681659645767	0.112607033454429	21.3528334800905	6.15545192246322	8.78846328413031	8.80228571428571	0.00461590491671329		26G1B06	3	16	0.319380952380952	2024-02-20
C11	0.103606050595611	0.0207035761370102	0.162000895727346	8.56389378954592	4.27866264225192	3.94431986386707	3.95978571428571	0.00368346855716632		25G4A05	3	16	0.105380952380952	2024-02-20
C12	0.315671751026025	0.034021951526783	0.130523585454496	16.1936901800233	5.31051287126643	9.80232473118849	9.80178571428571	0.00701008316630993		26G3B01	3	16	0.318380952380952	2024-02-20
C13	0.27141208831836	0.0320441442169683	0.174681848653553	11.5117136653113	3.96805498626631	9.71080212370695	9.68878571428571	0.00711380426878953		26G1A06	3	16	0.281380952380952	2024-02-20
C14	0.295171014993851	0.026254877324811	0.160205325726245	14.5222875078815	4.32661759162976	9.71862837517744	9.70428571428572	0.00948231811270594		Grass-36	3	16	0.309380952380952	2024-02-20
C15	0	0.0071189692932479	0	11.0814375184194	10.2836965507021	0.716289383710752	0.719285714285714	0.00287744919034469		41G3A07	3	16	0.0243809523809524	2024-02-20
C16	0.311106705948938	0.0304473876960698	0.141773799346877	15.6667970593976	4.88910633525472	9.85536623512396	9.86328571428571	0.00932507399764751		Grass-39	3	16	0.318380952380952	2024-02-20
C17	0.292175997253849	0.0238488207211328	0.143569706568452	16.8592130699768	4.82794871653137	8.94844850244665	8.95328571428571	0.00616967037591653		Desert-26	3	16	0.295380952380952	2024-02-20
C18	0.310607312623192	0.0322176231028429	0.137672578544442	15.6640364525701	5.03475120382225	9.8228728863018	9.82528571428571	0.00522332515862987		Grass-40	3	16	0.314380952380952	2024-02-20
C19	0.315072004346705	0.0295141703204238	0.163704912517059	13.8638117014691	4.23412571988465	10.5732444274063	10.5767857142857	0.00594555621363806		Grass-31	3	16	0.320380952380952	2024-02-20
C2	0.305490450473708	0.0288703224813066	0.137060413080998	16.4878462815642	5.05723837378426	9.43486986580614	9.43428571428571	0.0079015136834348		08G1B09	3	16	0.312380952380952	2024-02-20
C20	0.315768749228179	0.0230531299473617	0.133769044231779	18.9984164119201	5.18167102516589	9.02711773040554	9.04328571428571	0.0067715989740864		Grass-42	3	16	0.318380952380952	2024-02-20
C21	0.330248953592205	0.0320269109670304	0.129662848126419	17.2081813230722	5.34576550319284	9.95572203974272	9.95728571428571	0.00517359772297785		Grass-34	3	16	0.333380952380952	2024-02-20
C22	0.320144238928383	0.0360047890389666	0.127372758462221	16.2186420774685	5.44187932277161	9.91824429769183	9.91278571428571	0.011814061446991		09G3B12	3	16	0.328380952380952	2024-02-20
C23	0.177799365711227	0.0276675562767608	0.0886189722887745	19.0845495149524	7.82165672494204	4.95083592134971	4.92828571428571	0.00750349576846242		04G2A10	3	16	0.181380952380952	2024-02-20
C24	0.338697607969675	0.033285169081264	0.135283804805923	16.3844534097491	5.12365232153494	10.483644516713	10.5182857142857	0.00950668061632185		12G2A10	3	16	0.350380952380952	2024-02-20
C3	0.352848900291404	0.0333422558925225	0.135284870445274	16.7051387500095	5.12361196250943	10.8210063688228	10.8017857142857	0.00457024441758035		02G1B04	3	16	0.349380952380952	2024-02-20
C4	0.310253941994924	0.0323927784152522	0.120173914713162	17.8839648600298	5.7678671965908	9.12722662322797	9.12528571428571	0.0107902312839513		08G4B02	3	16	0.314380952380952	2024-02-20
C5	0.374655588979204	0.0394056824434581	0.125895468085398	17.0059037515311	5.50573575920754	11.3409118985956	11.3182857142857	0.0127746863240644		02G2A03	3	16	0.386380952380952	2024-02-20
C6	0.330226022246483	0.0267846581211137	0.138286551571195	17.5531105512015	5.01239760977832	9.88753665974426	9.86278571428571	0.0104418679663135		09G1A07	3	16	0.342380952380952	2024-02-20
C7	0	0.00889483259469753	0	12.5826768753496	6.14356757623597	1.53757837362477	1.53878571428571	0.00288588935880748		04G1A01	3	16	0.0493809523809524	2024-02-20
C8	0.307187688758767	0.0317077427498096	0.128790845453903	16.7865497367187	5.38196001522511	9.37097848478168	9.38528571428571	0.00825851077960119		26G1B04	3	16	0.310380952380952	2024-02-20
C9	0.314416336355291	0.0456705267758263	0.143052024856419	12.3892886333569	4.84542026759603	10.8650591528992	10.8422857142857	0.00980352465263997		25G3A08	3	16	0.329380952380952	2024-02-20
D1	0.37127471933615	0.0293945362504872	0.0952064913341212	25.7718931155555	7.2804613513945	8.37470227924183	8.35528571428572	0.00639343837973627		16G1A05	1	16	0.339380952380952	2024-02-20
D10	0.287365328909151	0.0277806262334591	0.156503820765718	14.2791668980843	4.42894733923185	9.5128646631725	9.49328571428572	0.00793085195138316		30G3A09	1	16	0.304380952380952	2024-02-20
D11	0.154402614226048	0.0342467366596597	0.105988611991378	11.842768537255	6.53982694495831	5.24866584140103	5.24428571428571	0.00328713130650076		28G1A08	1	16	0.154380952380952	2024-02-20
D12	0.276227869172509	0.0399238846252993	0.134945518914047	13.1767568396319	5.13649646270539	9.31815304007642	9.31078571428571	0.00568030652552822		32G4B12	1	16	0.284380952380952	2024-02-20
D13	0.280390272937578	0.0217091311804909	0.146684473954194	16.8924710283801	4.72542977368141	8.5880417071246	8.60178571428571	0.00716004590175324		Grass-43	1	16	0.288380952380952	2024-02-20
D14	0.280932190100757	0.0231006884994032	0.150642593189466	16.0143542650473	4.60126957379286	8.84078384196029	8.84728571428571	0.0072264177322296		Grass-53	1	16	0.292380952380952	2024-02-20
D15	0.307523897686078	0.0322814421474878	0.147514928006023	14.5284268928777	4.69882736567275	10.0770131358314	10.0857857142857	0.00714821766354169		Grass-44	1	16	0.317380952380952	2024-02-20
D16	0.308741636490768	0.0320558225952616	0.125091669233961	17.2305940968975	5.54111384718625	9.28125732799876	9.26978571428571	0.00539134182611126		Grass-54	1	16	0.307380952380952	2024-02-20
D17	0.311415606968817	0.0241880920140684	0.149778598936719	16.5204789455018	4.62781188688244	9.65365216339324	9.67228571428572	0.00741200718279766		Grass-45	1	16	0.320380952380952	2024-02-20
D18	0.317621660529366	0.0283716026351389	0.130666495566776	17.7696877722342	5.3047047565894	9.42071030944447	9.43278571428571	0.00672027029779936		Grass-55	1	16	0.320380952380952	2024-02-20
D19	0.318315547179574	0.0292339877588134	0.138537115780272	16.5398048832267	5.00333197104605	9.82214375482563	9.82028571428572	0.00753368853094137		Grass-51	1	16	0.331380952380952	2024-02-20
D2	0.365473769713421	0.0331689178361945	0.133109892533973	17.3123086844132	5.2073303295849	11.00013367879	10.9847857142857	0.00768717430136923		19G2B10	1	16	0.367380952380952	2024-02-20
D20	0.321438508964221	0.024642492196157	0.141603251620289	17.574263191416	4.89499480152215	9.62928586031683	9.64378571428571	0.00903140995291254		Grass-57	1	16	0.326380952380952	2024-02-20
D21	0.284778669128011	0.0140390374798596	0.148237510576325	19.9633394950579	4.67592296892395	7.91699026253407	7.90878571428571	0.0106140804259675		18G1A07	1	16	0.296380952380952	2024-02-20
D22	0.348870351919646	0.027767472986631	0.14026254803069	17.452244394903	4.94178374977391	10.4849501517004	10.4907857142857	0.00654254313033517		19G3B08	1	16	0.353380952380952	2024-02-20
D23	0	0.00962221387288604	0	14.2794322825921	6.5379202135667	1.71279601623011	1.70978571428571	0.00275229120192589		18G4B09	1	16	0.0563809523809524	2024-02-20
D24	0.394883458585784	0.0235613867413455	0.128985830955313	21.3780115748123	5.37382420554461	10.4214491183864	10.4422857142857	0.00506517731401968		19G4A01	1	16	0.381380952380952	2024-02-20
D3	0	0.0114906854424099	0	-2.11112981069086	6.87996647715917	0.876555931065278	0.871785714285714	0.00268058159874449	questionable fit	16G2A12	1	16	0.0263809523809524	2024-02-20
D4	0.393365817690654	0.0134694163212274	0.0678663007487625	49.206703371266	10.2134221684771	3.5831836037205	3.57978571428571	0.00561578003278615		19G3B07	1	16	0.181380952380952	2024-02-20
D5	0.350997603945919	0.0469715741431554	0.13251774113841	14.0929862882629	5.23059912284484	11.5502127215962	11.5057857142857	0.0120937827558055		26G3B03	1	16	0.362380952380952	2024-02-20
D6	0.323814425768241	0.0417839751893863	0.126091717023599	15.14375562176	5.49716664124906	10.324983076184	10.2597857142857	0.0143163154204405		28G3A04	1	16	0.348380952380952	2024-02-20
D7	0.335639189533914	0.0332290160330895	0.143190958045623	15.4224878810975	4.84071892541634	10.7119019289729	10.6817857142857	0.0132820783740346		26G3B10	1	16	0.357380952380952	2024-02-20
D8	0.322396733084627	0.0280357425932742	0.128358702773248	18.318404633625	5.40007935250345	9.39577433818223	9.41278571428571	0.0090708153874153		28G4A10	1	16	0.326380952380952	2024-02-20
D9	0.23073882939427	0.0185931820018895	0.107667482352468	22.6110804034119	6.4378507365001	5.81309715356812	5.82028571428571	0.00422017707650636		28D10	1	16	0.217380952380952	2024-02-20
E1	0.35097748835621	0.0227382248985262	0.0967751937300381	27.5865671438501	7.16244684039107	7.39277385099058	7.37528571428571	0.00565623791741954		16G1A05	2	16	0.314380952380952	2024-02-20
E10	0.282777370706249	0.0291240925522691	0.151410217959259	14.2949568571478	4.57794189786093	9.33934309446941	9.30478571428571	0.00837301936770203		30G3A09	2	16	0.297380952380952	2024-02-20
E11	0.161079984677418	0.0445902302656365	0.0924909617580603	10.3825122285624	7.49421529828064	5.54786491194361	5.55278571428571	0.00527144290057508		28G1A08	2	16	0.157380952380952	2024-02-20
E12	0.269007321456151	0.0347534604564872	0.138394331331097	13.7876041343941	5.00849401773293	8.9514964165309	8.94478571428571	0.00430631772625005		32G4B12	2	16	0.274380952380952	2024-02-20
E13	0.276630463117482	0.0252780143957954	0.141080664634886	16.2809065054393	4.91312670204522	8.60878018804966	8.61528571428572	0.00603870527304893		Grass-43	2	16	0.281380952380952	2024-02-20
E14	0.273509366563038	0.0234044446267302	0.144023843322951	16.448349920859	4.81272520276848	8.47986922666561	8.48828571428571	0.0114027399957739		Grass-53	2	16	0.279380952380952	2024-02-20
E15	0.274000556260602	0.0235313694928762	0.146045959070062	16.1935428961191	4.7460894157806	8.5644606480619	8.57128571428571	0.00677030262841017		Grass-44	2	16	0.282380952380952	2024-02-20
E16	0.314830703659982	0.0364994613347411	0.114805303716841	17.6953011337694	6.03758849216185	9.2862132389947	9.27678571428572	0.00536075086477721		Grass-54	2	16	0.310380952380952	2024-02-20
E17	0.313700338984503	0.0221613820577478	0.155566265264864	16.5641465280797	4.45563939829631	9.7288043064918	9.74178571428572	0.00731377310699152		Grass-45	2	16	0.324380952380952	2024-02-20
E18	0.320573212885122	0.0288082352882459	0.133069911634998	17.3990294629291	5.20889487370522	9.6237189931641	9.63378571428571	0.0055872174192469		Grass-55	2	16	0.323380952380952	2024-02-20
E19	0.318282205512942	0.0310328797225021	0.137318401517192	16.2054267046802	5.04773703233914	9.91112084181703	9.90478571428571	0.00688098145228167		Grass-51	2	16	0.328380952380952	2024-02-20
E2	0.365811838976102	0.0341579715978935	0.130524301792147	17.4151160972428	5.31048372634657	10.9648470208288	10.9397857142857	0.00765375952249494		19G2B10	2	16	0.363380952380952	2024-02-20
E20	0.323135744129609	0.0322655410209822	0.141118965536807	15.5817278179647	4.91179323716879	10.258107606227	10.2582857142857	0.00875279231692355		Grass-57	2	16	0.331380952380952	2024-02-20
E21	0.290702689057536	0.016078178175401	0.145441250928935	19.5126332574537	4.76582246187245	8.19910585306555	8.18528571428571	0.00963103658408249		18G1A07	2	16	0.298380952380952	2024-02-20
E22	0.36219214994459	0.0449171025352539	0.125620756207624	15.5623201859967	5.51777589536495	11.4155061395397	11.4032857142857	0.00589723911818332		19G3B08	2	16	0.366380952380952	2024-02-20
E23	0	0.011866806506538	0	13.052893356496	7.06376683409066	1.78891467477962	1.78578571428571	0.00265881369716631		18G4B09	2	16	0.0573809523809524	2024-02-20
E24	0.396533053789081	0.0341104917711562	0.121179797221935	19.501648542838	5.71998960594463	11.1081235893126	11.1142857142857	0.00498335160203925		19G4A01	2	16	0.387380952380952	2024-02-20
E3	0.0293809523809524	0.0118000922146016	0.0158165754318079	886.771118908878	43.8240998216336	0.847937685803035	0.851785714285714	0.00285644901274275		16G2A12	2	16	0.0293809523809524	2024-02-20
E4	0.27616328046169	0.00945408611604738	0.0879198232151099	37.9858801083606	7.88385548574239	3.74559293277655	3.74228571428571	0.0072920687823487		19G3B07	2	16	0.190380952380952	2024-02-20
E5	0.337155228680493	0.0380194727811155	0.131512859389304	15.6851508130434	5.27056581218489	10.6247049200649	10.6097857142857	0.00936324126817048		26G3B03	2	16	0.346380952380952	2024-02-20
E6	0.360140325963771	0.0433089323615856	0.133598177407647	14.8954939788251	5.18829817898601	11.6090445163254	11.5512857142857	0.014620390353972		28G3A04	2	16	0.373380952380952	2024-02-20
E7	0.359394121321242	0.0399376020081727	0.123759852311903	16.8011099690029	5.60074343667651	10.9310903396657	10.8842857142857	0.0204767534838717		26G3B10	2	16	0.373380952380952	2024-02-20
E8	0.318355283297278	0.0291301818212516	0.123931246418328	18.5218057305064	5.59299773537531	9.20373014108202	9.21328571428572	0.00672072053760834		28G4A10	2	16	0.318380952380952	2024-02-20
E9	0.266041589510097	0.0262290149437435	0.0956711771982	23.1312241068238	7.24509931683987	6.57382070984512	6.58078571428571	0.00387174012028384		28D10	2	16	0.243380952380952	2024-02-20
F1	0.376161126375823	0.0327813479771234	0.0885911784903697	26.5147998470657	7.82411062107379	8.28470730749696	8.27078571428572	0.00555305374611364		16G1A05	3	16	0.331380952380952	2024-02-20
F10	0.289298774409769	0.0298407638833149	0.14705246145531	14.7071289024929	4.71360474826597	9.43207141019473	9.40778571428571	0.00819625326774615		30G3A09	3	16	0.302380952380952	2024-02-20
F11	0.0879806046705663	0.0330050149265585	0.184828226873528	2.76056182065099	3.75022361186337	3.75647021364821	3.75528571428571	0.00531810469724877		28G1A08	3	16	0.0983809523809524	2024-02-20
F12	0.25756959358566	0.0352394129042459	0.125452158371634	14.6828756093804	5.52519135228107	8.31058972368075	8.30328571428571	0.00479706414313445		32G4B12	3	16	0.258380952380952	2024-02-20
F13	0.27256560731077	0.0240848664595209	0.141986779676572	16.4366122728297	4.88177267023624	8.44709882265854	8.44528571428572	0.00554417898297787		Grass-43	3	16	0.276380952380952	2024-02-20
F14	0.276710341957346	0.0257566057443754	0.14553493862895	15.642824312436	4.76275447730918	8.78485962583677	8.79128571428572	0.00647398657143989		Grass-53	3	16	0.285380952380952	2024-02-20
F15	0.283490393886481	0.0377226034998281	0.142297072684892	13.1705286422408	4.87112747635277	9.60332242465187	9.59878571428571	0.00714645151875753		Grass-44	3	16	0.293380952380952	2024-02-20
F16	0.313586992011292	0.049681986316772	0.111701400917356	14.9500971224731	6.20535798895471	9.94891038962165	9.93978571428572	0.00737535724712349		Grass-54	3	16	0.316380952380952	2024-02-20
F17	0.298514056942873	0.0327748046393126	0.151385820590326	13.8246468288035	4.57867967988701	9.98362805331037	9.98428571428571	0.00789948997071077		Grass-45	3	16	0.311380952380952	2024-02-20
F18	0.308659412385266	0.026987534914051	0.130784849240676	17.9330233010987	5.29990426707904	9.11032671176295	9.12828571428572	0.00758090717316354		Grass-55	3	16	0.313380952380952	2024-02-20
F19	0.328660733283275	0.0388017016875202	0.123873661912381	16.2337221021208	5.59559772318852	10.1583620382185	10.1542857142857	0.00640805641471342		Grass-51	3	16	0.336380952380952	2024-02-20
F2	0.372523600278191	0.034671422125587	0.128888037695032	17.6641115810838	5.37790157221597	11.0758303678574	11.0567857142857	0.00700016929275976		19G2B10	3	16	0.371380952380952	2024-02-20
F20	0.327226404774338	0.0254128215339504	0.141892232747411	17.4396841417298	4.8850255376124	9.84368677057087	9.85678571428572	0.00816060772526987		Grass-57	3	16	0.335380952380952	2024-02-20
F21	0.287249063691233	0.0110540570343716	0.146183023949318	22.0156182443833	4.74163936299651	7.43041757734554	7.42478571428571	0.00909494553933259		18G1A07	3	16	0.293380952380952	2024-02-20
F22	0.360081236594809	0.0347373220207597	0.125223652016131	17.8645816025685	5.53527364359774	10.624784489999	10.6307857142857	0.00657262484508273		19G3B08	3	16	0.363380952380952	2024-02-20
F23	0	0.0134053971347407	0	14.2587874236332	8.99814577150266	1.65859499145614	1.65528571428571	0.00279459549786115		18G4B09	3	16	0.0533809523809524	2024-02-20
F24	0.433598580887495	0.0410235258638008	0.12399104993375	18.2156860470131	5.59030011384129	12.6528635879648	12.6502857142857	0.00525065668474043		19G4A01	3	16	0.429380952380952	2024-02-20
F3	0.0453809523809524	0.0132213945342899	0.0227112628949474	723.05956933826	30.5199752108083	1.1495699180537	1.11478571428571	0.00396323210290264		16G2A12	3	16	0.0453809523809524	2024-02-20
F4	0.272358568621047	0.00943608012312125	0.0884860296468219	37.6027563758174	7.83340809081991	3.75563699983486	3.74628571428571	0.00804579185485072		19G3B07	3	16	0.186380952380952	2024-02-20
F5	0.348171451574462	0.0523318411686515	0.117582276773855	14.7319178934448	5.89499709971654	11.1593555370839	11.1012857142857	0.0146150556306875		26G3B03	3	16	0.355380952380952	2024-02-20
F6	0.376808424094731	0.0403945386264044	0.133140869247328	15.9203377788883	5.20611878590282	11.8062161320762	11.7502857142857	0.0133500421963132		28G3A04	3	16	0.383380952380952	2024-02-20
F7	0.310330286919174	0.0382539096800761	0.138843745911886	14.1298194150592	4.99228233873663	10.2370885732591	10.1932857142857	0.0162547395855691		26G3B10	3	16	0.326380952380952	2024-02-20
F8	0.322784029875782	0.0278343583256283	0.131116603427463	18.0033154198904	5.28649432978496	9.50819299366342	9.50928571428572	0.00614954667028016		28G4A10	3	16	0.326380952380952	2024-02-20
F9	0.264928997672865	0.0229917502186066	0.0976060684606431	24.1126700026949	7.10147628617412	6.3336797025274	6.33428571428571	0.00350921572639839		28D10	3	16	0.239380952380952	2024-02-20
G1	0.373921363330164	0.0428185283409293	0.117252166701652	17.4449492091973	5.91159379019116	11.1247984273205	11.1237857142857	0.0114931530009006		20G2A05	1	16	0.378380952380952	2024-02-20
G10	0.284358757127959	0.031962270366123	0.145805338273951	14.1726296141978	4.75392183006086	9.40058049160288	9.39778571428571	0.00628159785769528		35G2A07	1	16	0.292380952380952	2024-02-20
G11	0.247310786171663	0.0209765313430982	0.135446908370116	17.561188226516	5.11748248004217	7.39535228252293	7.38778571428571	0.00571026843021679		Grass-58	1	16	0.250380952380952	2024-02-20
G12	0.268932962905226	0.0233939965051344	0.157874104959492	14.8914619532635	4.39050584475393	8.75807355002576	8.73828571428571	0.00669792123630376		Mcba15-003	1	16	0.275380952380952	2024-02-20
G13	0.274429676229485	0.0309211719289504	0.147407193368557	14.000068077001	4.70226157028098	9.12039084836045	9.09478571428571	0.00923226937176208		Grass-59	1	16	0.287380952380952	2024-02-20
G14	0.26728780594898	0.0308040511792458	0.135513899988823	15.0407692674017	5.11495264040896	8.59061703933	8.59178571428571	0.00633314471562353		Salt-6	1	16	0.269380952380952	2024-02-20
G15	0.242868675943775	0.0239834594786091	0.139486567831068	15.8523010258991	4.96927547460637	7.64617565324214	7.64578571428571	0.00678062575620899		Pine-20	1	16	0.249380952380952	2024-02-20
G16	0.274863854092456	0.027050094016464	0.179836025359966	12.3167035705847	3.85432884858591	9.65220150852947	9.68528571428572	0.00744107518217262		Salt-5	1	16	0.281380952380952	2024-02-20
G17	0.267583955365869	0.0339001955942166	0.114551159717695	16.8531507494114	6.05098352795526	8.082956005235	8.05578571428571	0.00578383236888049		Salt-11	1	16	0.272380952380952	2024-02-20
G18	0.318244643514018	0.0336917735495596	0.131540321356906	16.2206185124608	5.26946546435173	9.87960988764676	9.86828571428572	0.00731186060115932		Salt-16	1	16	0.323380952380952	2024-02-20
G19	0.324747570237071	0.0325802672319144	0.11966571860715	18.3312298104366	5.79236216209484	9.42478359250021	9.43078571428572	0.00717061059795419		23G1B04	1	16	0.325380952380952	2024-02-20
G2	0.364746350517211	0.040996199942504	0.129239660474745	15.9896172153237	5.36326989728818	11.3838900217284	11.3702857142857	0.00587953384202813		23G2B11	1	16	0.365380952380952	2024-02-20
G20	0.337211016131356	0.0406745415860015	0.118443684169734	16.7722564435406	5.85212445407086	10.2340071288661	10.2442857142857	0.00708025647291242		23G3A03	1	16	0.335380952380952	2024-02-20
G21	0.403028897167352	0.0400073123729472	0.140922123320816	15.6497787291344	4.91865410643837	12.768877895152	12.7622857142857	0.00622748527597659		23G1B09	1	16	0.407380952380952	2024-02-20
G22	0.323215832680766	0.0281270345114017	0.140387741679185	16.7432362511307	4.93737681274145	9.92149891116375	9.92578571428571	0.00637757792509304		23G3A08	1	16	0.327380952380952	2024-02-20
G23	0.387943684141935	0.033079277060476	0.135424505945669	17.5214133691837	5.11832903298925	11.6144815777115	11.6362857142857	0.00691719701573217		23G2A11	1	16	0.391380952380952	2024-02-20
G24	0.3792825822637	0.0279031577060931	0.134166863271442	18.8804202293505	5.1663068186784	10.8847951610393	10.9257857142857	0.00850443244241125		23G3A10	1	16	0.382380952380952	2024-02-20
G3	0.377303991662239	0.0344415964223489	0.111565960085535	20.5982555309812	6.21289127999729	10.1704695349565	10.1687857142857	0.00900698335728294		23D06	1	16	0.369380952380952	2024-02-20
G4	0	0.02485942506085	0	5.73442579700244	5.46480870152773	2.9908644298114	2.98528571428571	0.00351390271628162		35D02	1	16	0.0823809523809524	2024-02-20
G5	0.37565120778552	0.0372520147089833	0.0824316087488371	26.7678897353145	8.40875473717749	8.22997390752927	8.20528571428571	0.00736783369189054		33G1A03	1	16	0.313380952380952	2024-02-20
G6	0.292955669267374	0.0254410257942029	0.0795051676894432	29.5931863979678	8.71826575182461	5.82473575332363	5.77678571428571	0.00906746517999354		35D04	1	16	0.252380952380952	2024-02-20
G7	0.27948584918625	0.0581461273692783	0.0893680626099342	14.9576862863312	7.75609496633414	8.66448431189799	8.66628571428571	0.0128225841899416		33G3A07	1	16	0.266380952380952	2024-02-20
G8	0.281953268751072	0.0376757203050594	0.145705193950794	12.8292558318604	4.75718923783888	9.65042104150527	9.62878571428571	0.00699378351542026		35G1B04	1	16	0.290380952380952	2024-02-20
G9	0.309223004074934	0.0297875859965769	0.1447376737596	15.4671511292915	4.78898936645354	9.86267856868558	9.84828571428571	0.00773843392028705		33G4B08	1	16	0.319380952380952	2024-02-20
H1	0.368826715761823	0.0414911206056057	0.117543053794468	17.5723398346199	5.8969642031928	10.9346303357266	10.9272857142857	0.0137803097864602		20G2A05	2	16	0.376380952380952	2024-02-20
H10	0.280860638016995	0.0291221262019992	0.149847765376064	14.3938927350435	4.62567579049574	9.2456021305286	9.24428571428571	0.00781294670507457		35G2A07	2	16	0.292380952380952	2024-02-20
H11	0.23492799895382	0.012566843912137	0.146765641449731	19.5770682160813	4.72281641474894	6.61385055733965	6.60228571428571	0.00564972303541314		Grass-58	2	16	0.237380952380952	2024-02-20
H12	0.265985508051031	0.022167935848644	0.1619740229548	14.8034439925982	4.27937250625288	8.69447260673901	8.68878571428571	0.00859484245384745		Mcba15-003	2	16	0.276380952380952	2024-02-20
H13	0.260669286395848	0.0201619590385156	0.149416128386326	16.590932786338	4.63903855658583	8.06284245528985	8.06728571428572	0.00974876133632349		Grass-59	2	16	0.273380952380952	2024-02-20
H14	0.283481246147378	0.0306395697932688	0.137588011965822	15.3390631454195	5.03784574438162	9.04599789716312	9.05178571428572	0.00652007656745033		Salt-6	2	16	0.290380952380952	2024-02-20
H15	0.2299603874835	0.0146565820640026	0.141755778011993	18.9562682710597	4.88972788468139	6.59828811329084	6.58628571428571	0.00546365394134653		Pine-20	2	16	0.233380952380952	2024-02-20
H16	0.271589266442514	0.0222334236452574	0.190180085378379	12.7105013796263	3.64468855496028	9.46401516211395	9.47128571428571	0.00734659500067653		Salt-5	2	16	0.283380952380952	2024-02-20
H17	0.239782353672042	0.0179202189544518	0.126183128020844	19.9402771807094	5.4931843221183	6.63493482234878	6.62628571428571	0.00487850588532504		Salt-11	2	16	0.244380952380952	2024-02-20
H18	0.273489058360472	0.0235331954195746	0.148190465637013	15.944833889457	4.67740739986458	8.6165759650182	8.62628571428571	0.00911943777288964		Salt-16	2	16	0.284380952380952	2024-02-20
H19	0.276639397472753	0.020222158610851	0.12970257310282	19.583474191412	5.34412821564042	7.75205849637673	7.76578571428571	0.00803182755484552		23G1B04	2	16	0.279380952380952	2024-02-20
H2	0.367058618778172	0.0407757957010482	0.127526461942171	16.3077989170721	5.43532040333922	11.3440872220979	11.3387857142857	0.0057203347409094		23G2B11	2	16	0.364380952380952	2024-02-20
H20	0.304858784336325	0.0495842635935307	0.12028876826784	13.6227681477619	5.76235994882377	10.0705516472095	10.1127857142857	0.0148158233343033		23G3A03	2	16	0.310380952380952	2024-02-20
H21	0.296937183147275	0.0275648349446357	0.136235939561547	16.7323964566398	5.08784380091426	9.10273864251974	9.09728571428571	0.005292087323108		23G1B09	2	16	0.296380952380952	2024-02-20
H22	0.309619829683955	0.0198867031167951	0.148458102464877	18.0448818776667	4.66897507816344	9.16053384561199	9.16578571428571	0.00733537160310987		23G3A08	2	16	0.315380952380952	2024-02-20
H23	0.317310717665115	0.0116901281842568	0.143091663379912	22.80775561046	4.84407801396243	7.97002528165002	7.97128571428571	0.00480982563768805		23G2A11	2	16	0.310380952380952	2024-02-20
H24	0.363414638270089	0.0231438702101475	0.129074390119931	20.8252908658978	5.37013717373291	9.7735585731742	9.80028571428571	0.00655518622573167		23G3A10	2	16	0.357380952380952	2024-02-20
H3	0.374867138600874	0.0330300381301836	0.111851463020883	20.8930384301428	6.1970327596925	10.0102150001544	10.0202857142857	0.00787296869511594		23D06	2	16	0.366380952380952	2024-02-20
H4	0.119380952380952	0.0334468446147036	0.0230075379738918	653.896195269109	30.1269601878527	2.9326146231735	2.93278571428571	0.0083755449604375		35D02	2	16	0.119380952380952	2024-02-20
H5	0.270338729520995	0.0411334655613742	0.0792979569590458	21.662549448921	8.74104714851516	6.95544640784382	6.94978571428571	0.00471958873307304		33G1A03	2	16	0.237380952380952	2024-02-20
H6	0.387732715872645	0.0371126159580052	0.0602726393255851	37.2597975040563	11.5001962468518	6.22516819343985	6.15078571428571	0.0161334193644687		35D04	2	16	0.267380952380952	2024-02-20
H7	0.283231396090921	0.0630617722140284	0.088887228576239	14.0659522136272	7.79805143733815	8.9610134992899	8.93778571428571	0.016039211697431		33G3A07	2	16	0.272380952380952	2024-02-20
H8	0.288897918806328	0.0391740642929598	0.140541656406807	13.1800127458827	4.93196962581389	9.77523124792105	9.76828571428571	0.00678869640626759		35G1B04	2	16	0.296380952380952	2024-02-20
H9	0.295587788223552	0.0230378301102708	0.151911780681547	16.2639412597909	4.56282703981325	9.23851911305921	9.23128571428571	0.00849951778847894		33G4B08	2	16	0.310380952380952	2024-02-20
I1	0.339652997379664	0.0351093005081023	0.130245879146834	16.5866937792962	5.32183578551854	10.4283172104576	10.4057857142857	0.0129441005292535		20G2A05	3	16	0.353380952380952	2024-02-20
I10	0.268563107369924	0.03063492581942	0.151250774121624	13.5525134142553	4.58276782109275	9.04593623651555	9.03878571428571	0.0092058105912991		35G2A07	3	16	0.283380952380952	2024-02-20
I11	0.246426034874374	0.0208507678975506	0.138341459155723	17.2129390478173	5.01040819426162	7.454254786689	7.45178571428571	0.00556129522848296		Grass-58	3	16	0.248380952380952	2024-02-20
I12	0.263815046532499	0.0235343599052531	0.167460129786839	13.8740265735631	4.13917737578643	8.86092553634146	8.83278571428571	0.00854758581377883		Mcba15-003	3	16	0.276380952380952	2024-02-20
I13	0.294756194208436	0.0369454191967231	0.156704931732077	12.397722250891	4.42326334531092	10.2491777027218	10.2337857142857	0.00932789254925945		Grass-59	3	16	0.311380952380952	2024-02-20
I14	0.26302750530186	0.0333739649535547	0.139177315054163	13.8585495960221	4.98031723266249	8.73996218621952	8.73228571428571	0.0064304960336601		Salt-6	3	16	0.268380952380952	2024-02-20
I15	0.232861966830194	0.0218363019545969	0.146210006674162	15.5147106551981	4.74076430421528	7.42149027318413	7.42528571428571	0.00639405798498652		Pine-20	3	16	0.241380952380952	2024-02-20
I16	0.259431696779648	0.0258435193682574	0.192749751507242	11.4215440173574	3.59609895805184	9.34954155154951	9.35278571428571	0.00662689096239685		Salt-5	3	16	0.267380952380952	2024-02-20
I17	0.229625143042072	0.0244903166919052	0.143507221619831	14.8103323729593	4.83005086946901	7.45432965011871	7.43628571428571	0.00588382774919466		Salt-11	3	16	0.240380952380952	2024-02-20
I18	0.280194162622312	0.0419760012488794	0.146045691103331	11.8872993032759	4.74609812397357	9.8169998313474	9.79878571428572	0.00789351576719788		Salt-16	3	16	0.290380952380952	2024-02-20
I19	0.273387223599752	0.0334203514913149	0.117770922735541	16.7387313832432	5.88555446845258	8.3014847144278	8.31628571428571	0.00777077999272512		23G1B04	3	16	0.274380952380952	2024-02-20
I2	0.353273706918076	0.0411619602112383	0.127330403688461	15.9101573034477	5.44368949191322	11.0390323671032	11.0317857142857	0.00475936561647484		23G2B11	3	16	0.344380952380952	2024-02-20
I20	0.272691970859648	0.0479537540799883	0.128014970343457	12.0665508877053	5.41457908165172	9.40808132811616	9.37128571428572	0.00939564229716915		23G3A03	3	16	0.281380952380952	2024-02-20
I21	0.26870535448974	0.0389398742306943	0.152798153778726	11.616896694527	4.53635834869918	9.50778061192005	9.48078571428571	0.00775783515539381		23G1B09	3	16	0.277380952380952	2024-02-20
I22	0.315191747271713	0.0350008781988222	0.138511036947966	15.0175606179773	5.00427399746013	10.151420554489	10.1402857142857	0.00704043218065534		23G3A08	3	16	0.319380952380952	2024-02-20
I23	0.358685042479682	0.0368849625866071	0.129535996037522	16.7221976831043	5.35100050768255	10.9661553770322	10.9862857142857	0.00759867699594309		23G2A11	3	16	0.364380952380952	2024-02-20
I24	0.387494542103887	0.042936059442144	0.126359314639283	16.4811895638514	5.48552500888965	11.909852226801	11.9187857142857	0.00496390399611318		23G3A10	3	16	0.390380952380952	2024-02-20
I3	0.348778688039822	0.028047536800275	0.130681282491824	18.6461471540033	5.30410451552853	10.0712327517818	10.0652857142857	0.00744812431500948		23D06	3	16	0.352380952380952	2024-02-20
I4	0.127380952380952	0.0341958723531783	0.0250744627615267	198.646202381207	27.6435506177019	3.15529713692402	3.17078571428571	0.00775570804122043		35D02	3	16	0.127380952380952	2024-02-20
I5	0.343815194104385	0.029407710596366	0.0726996511284957	32.5920815417477	9.53439486710626	6.20987500866406	6.21578571428571	0.00433309947771858		33G1A03	3	16	0.258380952380952	2024-02-20
I6	0.158380952380952	0.0289370403825804	0.0359072914478726	472.389693674252	19.3038002202478	3.71059368599475	3.69228571428571	0.0110720190831652		35D04	3	16	0.158380952380952	2024-02-20
I7	0.242698009398352	0.0447096958490314	0.144040895407375	10.3305218618204	4.81215545487684	8.80663899805218	8.86178571428571	0.0183286877852847		33G3A07	3	16	0.264380952380952	2024-02-20
I8	0.340455434983987	0.0491398184362569	0.113530141156875	15.676344466563	6.10540226143259	10.6127824709609	10.5937857142857	0.0124098634895537		35G1B04	3	16	0.345380952380952	2024-02-20
I9	0.286736099051018	0.0300660574331273	0.151623467899216	14.1428931123003	4.57150327824372	9.50969185878913	9.49628571428572	0.00957403692591269		33G4B08	3	16	0.303380952380952	2024-02-20
J1	0.367879295555589	0.0268823764624545	0.135913170585447	18.6913638286404	5.09992650141417	10.6265905219528	10.6502857142857	0.00765904649557587		23G3B01	1	16	0.360380952380952	2024-02-20
J10	0.148380952380952	0.0136613680637974	0.0483417937841628	398.624900087441	14.3384662897434	2.59420920861582	2.61678571428571	0.00723021210981364		Mmlr14-006	1	16	0.148380952380952	2024-02-20
J11	0.267637703910988	0.0269038320170516	0.158761117630306	13.8032747527944	4.36597569295286	8.98111630600808	8.95228571428571	0.0066488611556589		Mcba15-005	1	16	0.277380952380952	2024-02-20
J12	0.229354085403157	0.0252289706910258	0.15633895333831	13.3731236126535	4.43361789086569	7.77737909467131	7.75428571428571	0.00690200650595664		Mmlr14-014	1	16	0.242380952380952	2024-02-20
J13	0.247197378011904	0.0286910742161904	0.161322559765437	12.5849031649456	4.29665374494293	8.57052485817062	8.55978571428571	0.00775952462721536		Mcba15-007	1	16	0.260380952380952	2024-02-20
J14	0.240770444266478	0.0252235594352531	0.155563604749003	13.7911434770833	4.45571560056298	8.07274300085336	8.06628571428571	0.00802120241442413		Wood-18	1	16	0.250380952380952	2024-02-20
J15	0.256378131382255	0.0319934377195407	0.150427174891846	12.9486653735137	4.60785879318881	8.76794318393666	8.75378571428571	0.00842255975273516		Mcba15-009	1	16	0.265380952380952	2024-02-20
J16	0.248222039220942	0.0235984296759422	0.14753191432906	15.2729393809617	4.69828635866493	7.96890723435135	7.98178571428571	0.00606400370860032		Wood-21	1	16	0.251380952380952	2024-02-20
J17	0.217403784992466	0.024917434643948	0.141449038953882	14.4536683606705	4.90033149525984	7.1193066821589	7.10278571428571	0.00731670954561291		Mmlr14-002	1	16	0.228380952380952	2024-02-20
J18	0.270198131424796	0.0434246920804232	0.143418582993981	11.5251677903202	4.83303604100619	9.53539742398808	9.49678571428571	0.00951738220483286		23G4A03	1	16	0.281380952380952	2024-02-20
J19	0.265618681997148	0.0388851942765229	0.169330712317604	10.4125333932439	4.0934522218264	9.73833672837694	9.70778571428571	0.00925275553662315		23G3B05	1	16	0.285380952380952	2024-02-20
J2	0.351335609912893	0.0387214685241604	0.144068698857126	14.4970800947797	4.81122676930223	11.5054626499533	11.5397857142857	0.00956047540222011		23G3B08	1	16	0.359380952380952	2024-02-20
J20	0.125543920752342	0.0245690340712772	0.2039434915173	6.93027738352487	3.39872175082943	5.02213200656438	5.04678571428571	0.00993932384388692		23G4A04	1	16	0.147380952380952	2024-02-20
J21	0.290700266154197	0.047795174868634	0.145821993467835	11.1488402216489	4.7533788564812	10.3637829895327	10.3262857142857	0.00953490568004044		23G3B06	1	16	0.305380952380952	2024-02-20
J22	0.355827001546587	0.0530978545098282	0.139968032577403	12.4364252807996	4.95218206469132	12.2610989888992	12.2392857142857	0.00856309386612433		24G4A10	1	16	0.368380952380952	2024-02-20
J23	0.293100059680785	0.0429762218396372	0.150414697128847	11.7096879356289	4.60824104153991	10.336007160752	10.3387857142857	0.0111242529061746		23G3B07	1	16	0.307380952380952	2024-02-20
J24	0.116627800705482	0.0349633078803445	0.0991748890006873	8.55377955335572	6.98913996823472	4.20472977667474	4.20678571428571	0.00322231594605709		24G2B02	1	16	0.119380952380952	2024-02-20
J3	0	0.0145160436713714	0	10.1549188238014	6.80435411000304	1.94116147528116	1.93278571428571	0.00328368910883172		35G2B08	1	16	0.0603809523809524	2024-02-20
J4	0.344057335591835	0.0420516497837772	0.143358391804295	13.7525763232586	4.83506526430761	11.4878449312778	11.4522857142857	0.0106267595822039		35G3B09	1	16	0.363380952380952	2024-02-20
J5	0.323534646567689	0.0323674176345352	0.148626462136281	14.7803120128109	4.66368620094295	10.5338240179687	10.5132857142857	0.00684705074382718		35G3B01	1	16	0.330380952380952	2024-02-20
J6	0.316689171259765	0.0437874938584281	0.148121536224377	12.353121447764	4.67958406473689	10.9816804434493	10.9652857142857	0.00764722401355056		35G3B10	1	16	0.327380952380952	2024-02-20
J7	0.38225234924294	0.0400573776717905	0.125809590032577	17.0501135748056	5.50949399310865	11.5555845086904	11.5422857142857	0.0133668930986931		35G3B02	1	16	0.393380952380952	2024-02-20
J8	0.355255283571418	0.051315853211065	0.121971103370733	14.584017494865	5.68288030037011	11.4658498831495	11.4267857142857	0.0168854554729115		35G3B11	1	16	0.374380952380952	2024-02-20
J9	0.32580746078655	0.046787231801396	0.122657898726962	14.5581651251616	5.65106028844422	10.5274021601178	10.4762857142857	0.0163278502178263		35G3B04	1	16	0.360380952380952	2024-02-20
K1	0.375396800619422	0.0250151440810117	0.138669276053416	19.0347975993281	4.99856349068226	10.7350919133751	10.7502857142857	0.00744872226500398		23G3B01	2	16	0.371380952380952	2024-02-20
K10	0	0.0110483883524353	0	12.1625597476744	6.68002589741655	1.68594439376044	1.68528571428571	0.0030372528331621		Mmlr14-006	2	16	0.0523809523809524	2024-02-20
K11	0.257505292244373	0.0226401721444603	0.162235821276938	14.4190445554744	4.27246692564114	8.50802087254483	8.49328571428572	0.00788737988709697		Mcba15-005	2	16	0.268380952380952	2024-02-20
K12	0.227327633472786	0.0258585112562757	0.15147603986757	13.5532743626997	4.57595261379911	7.65757835975798	7.64728571428571	0.00868708261021051		Mmlr14-014	2	16	0.239380952380952	2024-02-20
K13	0.241527444942648	0.0290944474820295	0.149195366475652	13.3253420112632	4.64590286504014	8.17623586224876	8.16828571428571	0.00787170375672044		Mcba15-007	2	16	0.252380952380952	2024-02-20
K14	0.245057453914404	0.0273427210725261	0.15382840510778	13.4873353589598	4.50597651372833	8.27697682575659	8.27078571428572	0.00753601103762969		Wood-18	2	16	0.257380952380952	2024-02-20
K15	0.246847425071563	0.0231689493009835	0.15436737653707	14.6883150153223	4.49024396287185	8.07461486591565	8.05928571428571	0.00849634957047766		Mcba15-009	2	16	0.257380952380952	2024-02-20
K16	0.239978522980528	0.0172564353896246	0.150952228550332	16.9440334525553	4.59183138411787	7.34869673658454	7.34678571428571	0.00599186619544516		Wood-21	2	16	0.239380952380952	2024-02-20
K17	0.213754188296595	0.0238731453906671	0.13965310552832	14.8485318310198	4.96334956489301	6.91985961684008	6.90128571428571	0.00700111528362736		Mmlr14-002	2	16	0.225380952380952	2024-02-20
K18	0.251812650929807	0.0343544556303267	0.151201290350571	12.2040949473857	4.58426762729891	8.77699386768292	8.73828571428571	0.00934203769186243		23G4A03	2	16	0.267380952380952	2024-02-20
K19	0.236778637519604	0.0206257183957627	0.169055982398631	13.8974517189361	4.10010441940774	7.95148896151852	7.92278571428571	0.00871269807575761		23G3B05	2	16	0.260380952380952	2024-02-20
K2	0.335038756526533	0.0354755780100408	0.152181553875079	14.019312927589	4.55473848774688	11.1509094105384	11.1827857142857	0.0087159604433021		23G3B08	2	16	0.341380952380952	2024-02-20
K20	0.106508822108931	0.0201552209204558	0.193825004761387	7.50670509456459	3.57614943135568	4.19783279474435	4.22828571428571	0.0100791886589978		23G4A04	2	16	0.124380952380952	2024-02-20
K21	0.257447994744046	0.0289124535266454	0.154461116646864	13.3847233813637	4.4875189018907	8.72100152306863	8.68928571428571	0.00990407944404068		23G3B06	2	16	0.273380952380952	2024-02-20
K22	0.332397665082743	0.0561250556141807	0.143963502092168	11.07090153817	4.81474242072953	11.8594380071078	11.8212857142857	0.0115932107491724		24G4A10	2	16	0.349380952380952	2024-02-20
K23	0.270807291073136	0.0239004042401017	0.150853276961857	15.4793847610898	4.59484337708624	8.65419393666063	8.64728571428572	0.0088099255602241		23G3B07	2	16	0.279380952380952	2024-02-20
K24	0.10772467689332	0.0332559401092028	0.0662261557863699	12.1726225267232	10.4663659294354	3.40393430183323	3.41428571428571	0.00662242478597721		24G2B02	2	16	0.100380952380952	2024-02-20
K3	0.0951131402269943	0.0150863395756746	0.0681275025621598	24.4918990636317	10.1742637626781	2.25119611563246	2.25178571428571	0.00326936917323816		35G2B08	2	16	0.0823809523809524	2024-02-20
K4	0.317412405595504	0.0418361785007058	0.150855838730487	12.4960545975262	4.5947653494426	10.9819149697724	10.9532857142857	0.00856809114843526		35G3B09	2	16	0.327380952380952	2024-02-20
K5	0.303476300509535	0.0280148346822011	0.16000006320222	14.28570416258	4.33216816723312	10.0563771711125	10.0472857142857	0.00839748734621492		35G3B01	2	16	0.316380952380952	2024-02-20
K6	0.310463504782291	0.0434419840619482	0.152785359163915	11.8853201565766	4.53673823429838	10.9141303048603	10.9087857142857	0.00881199438747019		35G3B10	2	16	0.320380952380952	2024-02-20
K7	0.294576972794011	0.0351090279861577	0.149024062618959	13.4218248254021	4.65124335210389	9.94647252081684	9.91828571428571	0.0101566047517434		35G3B02	2	16	0.311380952380952	2024-02-20
K8	0.351650258160794	0.0532040873051194	0.116163357103358	14.8450802816822	5.9670036907009	11.2259855562465	11.1927857142857	0.0185608790050694		35G3B11	2	16	0.367380952380952	2024-02-20
K9	0.314671985562807	0.0416561914057572	0.128614774385269	14.6179134223746	5.38932781146594	10.1901739536117	10.1322857142857	0.0159696052156341		35G3B04	2	16	0.351380952380952	2024-02-20
L1	0.35531968818876	0.0232650459121506	0.137798841612773	19.2915081918969	5.03013793474222	10.0749636904121	10.0907857142857	0.00878034296499214		23G3B01	3	16	0.355380952380952	2024-02-20
L10	0	0.00976400645251341	0	11.8508277373016	5.74525737826071	1.74292022218138	1.74728571428571	0.00298344483340071		Mmlr14-006	3	16	0.0533809523809524	2024-02-20
L11	0.251911450804576	0.022242973786755	0.16033765029445	14.5605893978505	4.32304689065247	8.2858905790001	8.26478571428571	0.00862777667040363		Mcba15-005	3	16	0.265380952380952	2024-02-20
L12	0.232615724865942	0.0260498930869307	0.148038428503715	13.9869459331821	4.68221114994173	7.73553541108511	7.71678571428571	0.00866165246330265		Mmlr14-014	3	16	0.246380952380952	2024-02-20
L13	0.237646247683646	0.0251930763458282	0.15210085983301	14.018016648029	4.5571549123453	7.90947106297588	7.89628571428571	0.00902354359908807		Mcba15-007	3	16	0.251380952380952	2024-02-20
L14	0.257251053701236	0.0291470653328281	0.149290474442862	13.7815047406792	4.64294311573934	8.60591817952758	8.60378571428571	0.00831320002555654		Wood-18	3	16	0.269380952380952	2024-02-20
L15	0.250582891251368	0.0238470299671906	0.150937313846024	14.9209363543002	4.59228512087506	8.13425109130266	8.10978571428571	0.00872844523397633		Mcba15-009	3	16	0.262380952380952	2024-02-20
L16	0.269450148528833	0.0321134543585431	0.14428930351473	13.8624600267202	4.80387085997114	8.97488606612311	8.99028571428572	0.00696648036906819		Wood-21	3	16	0.268380952380952	2024-02-20
L17	0.205197231549869	0.0219265386522164	0.136288172270455	15.5792429153783	5.0858938748143	6.50054068540359	6.48128571428571	0.00634067299889621		Mmlr14-002	3	16	0.217380952380952	2024-02-20
L18	0.265525109226821	0.0443474391652588	0.135653421514521	11.84571190256	5.10969183689738	9.25663136604881	9.21878571428571	0.00984121687816558		23G4A03	3	16	0.279380952380952	2024-02-20
L19	0.2713799166505	0.0371351884256849	0.176782772182774	10.4184440487789	3.92089778885982	9.97498144580824	9.91778571428572	0.00985822845328674		23G3B05	3	16	0.298380952380952	2024-02-20
L2	0.328511281910737	0.0383925871250782	0.150093158562727	13.4744698135043	4.61811309187864	11.0822688104212	11.1107857142857	0.0082565514019879		23G3B08	3	16	0.335380952380952	2024-02-20
L20	0.131902962690444	0.0286304397699567	0.196410953601821	6.53171752766437	3.52906580742511	5.30565518458805	5.32178571428571	0.00738915480903206		23G4A04	3	16	0.144380952380952	2024-02-20
L21	0.295350176354348	0.0379151493575403	0.143231768285383	13.3728476401131	4.83933968600375	9.95823712671315	9.94278571428571	0.00908852209798467		23G3B06	3	16	0.310380952380952	2024-02-20
L22	0.367011539858272	0.0847220605356031	0.118139233717722	10.1876151237743	5.86720565850402	13.09768366066	13.0937857142857	0.0122350776456657		24G4A10	3	16	0.383380952380952	2024-02-20
L23	0.286754678935006	0.0343016683457495	0.155459358953146	12.8395688452303	4.4587034529639	9.85519960342575	9.86628571428571	0.0103353330028569		23G3B07	3	16	0.299380952380952	2024-02-20
L24	0.129562028802159	0.0504959887739463	0.08161506356465	5.49395577835947	8.49288293466659	4.77183822700936	4.77328571428571	0.00423375724447142		24G2B02	3	16	0.129380952380952	2024-02-20
L3	0	0.0128245488075963	0	10.5124429249405	6.00128597540934	1.97999613613701	1.98128571428571	0.00290536710700866		35G2B08	3	16	0.0583809523809524	2024-02-20
L4	0.31871078603043	0.0425762192531443	0.148008957048982	12.6316169038055	4.68314346901691	10.9749498661427	10.9677857142857	0.00775152698532196		35G3B09	3	16	0.330380952380952	2024-02-20
L5	0.280954381114617	0.0242602216615627	0.161944613533451	14.5670006759364	4.28014964768661	9.24418328662479	9.23578571428571	0.00937976552510893		35G3B01	3	16	0.292380952380952	2024-02-20
L6	0.300698380797866	0.045093895837667	0.154852781981751	11.2034434052226	4.476168730644	10.7556618449849	10.7152857142857	0.00867592247616358		35G3B10	3	16	0.314380952380952	2024-02-20
L7	0.27875470682805	0.0311267897336673	0.155424319668498	13.3432041719591	4.45970863529175	9.45657663665106	9.42978571428571	0.00994321469392869		35G3B02	3	16	0.294380952380952	2024-02-20
L8	0.295734172851241	0.0452759659108872	0.156553230073477	10.926096698162	4.42754953209603	10.6558091297481	10.6212857142857	0.00935885086784198		35G3B11	3	16	0.314380952380952	2024-02-20
L9	0.284257116744064	0.0341064786193001	0.14947654649985	13.3303583771369	4.63716346671576	9.62267523697196	9.59978571428572	0.00958017127397834		35G3B04	3	16	0.299380952380952	2024-02-20
M1	0.247161829176786	0.0213015305834735	0.107130880479595	22.0397491483321	6.47009692683304	6.34716246914935	6.32978571428571	0.00871780126806669		36G1B07	1	16	0.240380952380952	2024-02-20
M10	0.260937793943848	0.0415344327065229	0.140923623299332	11.8105754159313	4.91860175272141	9.13342719425806	9.09228571428571	0.011478930525875		41G1B04	1	16	0.278380952380952	2024-02-20
M11	0.25655296203379	0.0288339757293195	0.152293731127754	13.5695536028893	4.55138353645355	8.64126495680159	8.62278571428571	0.00666644117399122		Wood-51	1	16	0.267380952380952	2024-02-20
M13	0.253176309789184	0.0289746576160074	0.148283070046079	13.7987722168403	4.67448630746957	8.46210200910395	8.44028571428571	0.00690607158774678		Napa-12	1	16	0.263380952380952	2024-02-20
M15	0.260490612648933	0.0359563458265296	0.147757675750693	12.3968026411866	4.69110776843481	9.02156104522359	8.98028571428572	0.00744182963915316		Napa-18	1	16	0.268380952380952	2024-02-20
M17	0.250301918117952	0.0329102800620016	0.153501154700549	12.2990308533572	4.51558284308767	8.71294050523448	8.68378571428571	0.00853805041631756		S.11	1	16	0.265380952380952	2024-02-20
M19	0.239123149353385	0.053557768675591	0.10666696194297	11.6497779079813	6.49823682923061	8.16967244707202	8.13228571428571	0.00912150965683651		23G4B04	1	16	0.249380952380952	2024-02-20
M2	0.321986450900681	0.0530354700342186	0.133005808244196	12.2067466190483	5.21140534921108	11.1098712351312	11.0942857142857	0.00834147458216993		25G2A02	1	16	0.336380952380952	2024-02-20
M21	0.28974166681536	0.0413523541083022	0.138445714658852	12.949970881343	5.00663514409204	9.84945437334563	9.79428571428572	0.00967796128683295		23G4B10	1	16	0.304380952380952	2024-02-20
M23	0.323588773839171	0.0578466604487949	0.118949364203756	12.8183166507844	5.82724577974717	10.8897294319704	10.8352857142857	0.00953156045030797		25D05	1	16	0.334380952380952	2024-02-20
M3	0.308394398949891	0.0442038590210784	0.14852513011295	12.0374140737595	4.66686802450753	10.7793467282454	10.7787857142857	0.00919626701072603		36G1B08	1	16	0.323380952380952	2024-02-20
M4	0.263869077075687	0.0242778297048926	0.0860480309694378	26.6057309335035	8.05535202549997	5.80092250897977	5.79878571428571	0.00622306230205964		37G2B01	1	16	0.227380952380952	2024-02-20
M5	0.304489847029382	0.0333349404663724	0.146783286885327	14.2801282273687	4.72224866514579	10.0414843545865	10.0607857142857	0.00910016348736045		36G4B07	1	16	0.314380952380952	2024-02-20
M6	0.241619258892474	0.0245862601068234	0.175052786100197	12.4411710546053	3.95964666431073	8.4463066310026	8.42878571428571	0.00810465300248151		40G1B01	1	16	0.255380952380952	2024-02-20
M7	0.228372165517748	0.0230541423263527	0.108763957217725	20.1051405435814	6.3729492590307	6.24565820181186	6.23378571428571	0.00605989719850271		37G2A11	1	16	0.219380952380952	2024-02-20
M8	0.230652027109059	0.033898768498097	0.164541415702838	10.687715038808	4.21260007761067	8.38634569722787	8.35928571428571	0.00700120191242777		40G3B03	1	16	0.244380952380952	2024-02-20
M9	0.246021747626521	0.0263381792851494	0.136171567598132	15.5771770297348	5.09024896155674	7.79386204364526	7.79528571428571	0.00636284944479717		Wood-3	1	16	0.255380952380952	2024-02-20
N1	0.237744523103532	0.0127370527075894	0.107106723701243	26.8108128269892	6.47155618813783	5.13372628399085	5.11228571428571	0.0106433099445766		36G1B07	2	16	0.222380952380952	2024-02-20
N10	0.272439625494085	0.0388156386047384	0.143299032848912	12.5254837478895	4.83706810003924	9.38419022171874	9.33578571428571	0.0124305210140337		41G1B04	2	16	0.291380952380952	2024-02-20
N11	0.232567291437368	0.0154274837642828	0.147819058897353	17.8893767960425	4.68915974523469	6.91300689904112	6.90828571428571	0.00633822049982529		Wood-51	2	16	0.239380952380952	2024-02-20
N13	0.236380714270187	0.0112539667782526	0.149180562527306	20.0826625534672	4.64636390168506	6.5462515276527	6.53328571428571	0.00545875949139911		Napa-12	2	16	0.240380952380952	2024-02-20
N15	0.269790630781514	0.0329688172634443	0.137748400199239	14.3141105848489	5.03197989637178	8.85168141002339	8.81028571428571	0.00892106799674643		Napa-18	2	16	0.276380952380952	2024-02-20
N17	0.244034630421519	0.0304291671703793	0.144771450505499	13.4607278033154	4.78787204341518	8.21560035231003	8.18878571428571	0.0093278976674413		S.11	2	16	0.258380952380952	2024-02-20
N19	0.204315220551887	0.0401521586709392	0.113305122791158	12.428246621393	6.11752728813103	6.90505219205064	6.85778571428571	0.00856494993052457		23G4B04	2	16	0.214380952380952	2024-02-20
N2	0.314200810451843	0.0467887045791583	0.142980877787034	12.1914842355074	4.84783134142153	10.9098305066275	10.8777857142857	0.0100107279224521		25G2A02	2	16	0.334380952380952	2024-02-20
N21	0.287424067654069	0.0333979051084625	0.119873220149444	16.9257494261079	5.78233553495775	8.69244834761186	8.66678571428571	0.00846894183535245		23G4B10	2	16	0.292380952380952	2024-02-20
N23	0.320474887487373	0.047610438610759	0.12057506028031	14.4799688079382	5.7486778687776	10.3611516996445	10.3252857142857	0.00929192533348862		25D05	2	16	0.330380952380952	2024-02-20
N3	0.258815377989969	0.0212602998110077	0.156047794228039	15.4667872219436	4.4418902810444	8.28824877949803	8.29128571428571	0.0091812692412076		36G1B08	2	16	0.274380952380952	2024-02-20
N4	0.25208746089898	0.02725168969342	0.0913756060609309	23.0942895442841	7.5856917446626	6.23254272752915	6.22278571428571	0.0095344837918705		37G2B01	2	16	0.236380952380952	2024-02-20
N5	0.274731920042472	0.0218765970016397	0.151548093021621	16.1493292017586	4.57377698880749	8.61443505954058	8.62578571428571	0.00950231232302971		36G4B07	2	16	0.291380952380952	2024-02-20
N6	0.249973433326466	0.0277680673000607	0.161999521609454	12.8377868253809	4.27869893487077	8.61309456714177	8.60928571428571	0.00774832124869319		40G1B01	2	16	0.265380952380952	2024-02-20
N7	0.227671503678063	0.0216000674680548	0.11668731279515	19.3296631326831	5.94021032755118	6.40050986687314	6.39828571428571	0.00665422567837088		37G2A11	2	16	0.228380952380952	2024-02-20
N8	0.238136815374175	0.0343751602266425	0.165357233538097	10.7622551397997	4.19181650375307	8.64621513422082	8.60428571428571	0.00855994864138048		40G3B03	2	16	0.254380952380952	2024-02-20
N9	0.25418923018535	0.0212888362579696	0.137578058563736	17.3896046891025	5.03821021895603	7.64641961536564	7.65528571428571	0.0069728472005748		Wood-3	2	16	0.258380952380952	2024-02-20
O1	0.239815437333749	0.0170173997079825	0.112887178749683	22.7840698639019	6.14017630910002	6.01066805024804	5.98428571428571	0.0103787323164555		36G1B07	3	16	0.236380952380952	2024-02-20
O10	0.284080826068009	0.0338892750421431	0.145401781726082	13.7489940697896	4.76711614074816	9.49524577167363	9.46328571428571	0.0122953852246423		41G1B04	3	16	0.303380952380952	2024-02-20
O11	0.247689319282874	0.0279539610965175	0.137127542986176	15.0361112703258	5.05476263532135	7.96805719901435	7.96278571428571	0.00825828391591608		Wood-51	3	16	0.262380952380952	2024-02-20
O13	0.256489340419672	0.0200602474419589	0.148396441000191	16.623769482099	4.6709151236252	7.92325733238045	7.91328571428571	0.00711284352318144		Napa-12	3	16	0.264380952380952	2024-02-20
O15	0.309613361293748	0.031288707982074	0.13319871831142	16.4080481598334	5.2038577348722	9.56797675720082	9.55378571428571	0.00659743299948968		Napa-18	3	16	0.310380952380952	2024-02-20
O17	0.247750903946065	0.0283097503274855	0.139481179613045	14.6821085794403	4.96946743985753	8.05596004536023	8.04478571428571	0.00982378210048263		S.11	3	16	0.261380952380952	2024-02-20
O19	0.16568754238296	0.028846784068254	0.110858847939088	14.0432578425816	6.25252015013543	5.37456794806991	5.34078571428571	0.00670935974711041		23G4B04	3	16	0.172380952380952	2024-02-20
O2	0.332691471649008	0.060086311588354	0.149870593429285	10.0903209797865	4.62497121483008	12.1776039417117	12.1257857142857	0.0158734996145567		25G2A02	3	16	0.362380952380952	2024-02-20
O21	0.283307391010015	0.0322410615294385	0.105275305294347	19.4962751845144	6.5841384037968	7.88084830119456	7.87028571428571	0.00801548597005369		23G4B10	3	16	0.277380952380952	2024-02-20
O23	0.300910340263885	0.0347215688020231	0.129459986888209	15.733391451942	5.35414221197544	9.45976224568864	9.43828571428572	0.00850978904112501		25D05	3	16	0.311380952380952	2024-02-20
O3	0.295683990674	0.0429924217865228	0.148067094062017	11.9617785322302	4.68130468117124	10.3517513516998	10.3447857142857	0.0121159364191757		36G1B08	3	16	0.313380952380952	2024-02-20
O4	0.248584362788055	0.0313320483508497	0.101271470594214	19.1210606835357	6.84444667874258	6.9765200805324	6.98428571428571	0.00708800018975958		37G2B01	3	16	0.248380952380952	2024-02-20
O5	0.294133063622555	0.0301858487988752	0.143360202566194	15.1253686082167	4.83500419330042	9.46569005507094	9.46928571428571	0.0123484008641535		36G4B07	3	16	0.314380952380952	2024-02-20
O6	0.261572114410839	0.0246846686951253	0.162517990425086	13.9147842002241	4.26504892625692	8.76251154899642	8.75278571428571	0.0102785622872236		40G1B01	3	16	0.277380952380952	2024-02-20
O7	0.225187276270901	0.0183764193062425	0.109315853610987	22.1444216721553	6.34077453236187	5.76551070114682	5.76728571428571	0.00719447016069728		37G2A11	3	16	0.223380952380952	2024-02-20
O8	0.242907184310592	0.0312618319026024	0.147542336461681	12.9624765902972	4.69795447993305	8.29338879656258	8.28578571428571	0.00843260979080481		40G3B03	3	16	0.257380952380952	2024-02-20
O9	0.254796202547883	0.0219337672486997	0.127132764553975	18.5823107694642	5.45215218902651	7.36216041420026	7.36878571428571	0.00732992613692995		Wood-3	3	16	0.259380952380952	2024-02-20
A1	0.25860605432052	0.0208586669171687	0.425496247768576	5.71906141107586	1.62903241613764	10.8829945417839	10.9300714285714	0.0244054289920486		02D05	1	28	0.309761904761905	2024-02-20
A10	0.298300346617227	0.0333015805517166	0.333269113257187	6.22355996171378	2.07984224456179	12.3559724119737	12.2920714285714	0.0132917341377911		26G1B06	1	28	0.332761904761905	2024-02-20
A11	0	0.0227811649727559	0	3.16318522107383	2.2610185820269	3.6282712633299	3.66257142857143	0.00586587264275469		25G4A05	1	28	0.0947619047619048	2024-02-20
A12	0.275918567591243	0.0232469914092449	0.430127237086051	5.54699772523427	1.6114933461451	11.6571114507812	11.6350714285714	0.00707162422404748		26G3B01	1	28	0.292761904761905	2024-02-20
A13	0.244290310071863	0.0262378018351336	0.499345607077406	4.24061947918406	1.3881111012808	10.6344066639231	10.5625714285714	0.0138702775797549		26G1A06	1	28	0.269761904761905	2024-02-20
A14	0.257803451988786	0.0184715035033359	0.481402685078416	5.32116330078403	1.43984901215712	10.9629372512086	10.8945714285714	0.0136036670825219		Grass-36	1	28	0.283761904761905	2024-02-20
A15	0	0.00401072768129994	0	-0.0972215427000395	1.86775003940584	0.363870641400191	0.366071428571429	0.00246303072188517	questionable fit	41G3A07	1	28	0.0137619047619048	2024-02-20
A16	0.243198392589211	0.0126106217440475	0.507268485303255	5.72890334080479	1.36643059965684	10.2547351881852	10.1865714285714	0.0160426287897282		Grass-39	1	28	0.276761904761905	2024-02-20
A17	0.295460561133004	0.0326935357165673	0.276453771233198	7.53865798801224	2.50728061139471	11.8294156865737	11.7205714285714	0.0172780633290944		Desert-26	1	28	0.332761904761905	2024-02-20
A18	0.26779079479057	0.0146119613626315	0.421784189219215	6.76235785673158	1.64336928286255	11.0074367616897	11.0020714285714	0.00561630599164434		Grass-40	1	28	0.278761904761905	2024-02-20
A19	0.279754439413535	0.0226752038001396	0.389256860218779	6.23781521012501	1.78069355070677	11.6224074474346	11.6240714285714	0.00823865345406962		Grass-31	1	28	0.294761904761905	2024-02-20
A2	0.300258920702646	0.0240211157980896	0.394826517066673	6.1858277818102	1.75557403213345	12.491666816479	12.4555714285714	0.0180663244474211		08G1B09	1	28	0.327761904761905	2024-02-20
A20	0.261856096567988	0.0116554790281821	0.438537963860025	6.99252276113313	1.58058648892981	10.710870222604	10.6580714285714	0.0124464035291601		Grass-42	1	28	0.288761904761905	2024-02-20
A21	0.312927816750165	0.027629812300804	0.36055934402439	6.47504760788262	1.92242190376588	12.91408619988	12.8695714285714	0.0103076813936575		Grass-34	1	28	0.337761904761905	2024-02-20
A22	0.278301421316123	0.0212738725341461	0.385431003440498	6.46472020264927	1.79836903199966	11.5019087826383	11.4580714285714	0.0107101294446423		09G3B12	1	28	0.303761904761905	2024-02-20
A23	0.134778362006434	0.0197804732941464	0.298748307819259	5.8919781946125	2.32017106848115	5.60364720790518	5.62307142857143	0.00820106488297844		04G2A10	1	28	0.147761904761905	2024-02-20
A24	0.333186274986986	0.0350451907700729	0.299287459416806	7.15341839614235	2.31599139473006	13.4858032235511	13.4090714285714	0.0131559570974365		12G2A10	1	28	0.361761904761905	2024-02-20
A3	0.307166238210402	0.0327374086326702	0.35288282197953	6.02515453583752	1.96424177485226	12.7951586733144	12.7720714285714	0.0106499361553792		02G1B04	1	28	0.329761904761905	2024-02-20
A4	0.26931399967921	0.028266288109533	0.334385960377161	6.40973389884115	2.07289558382813	11.1115365503369	11.0385714285714	0.011641194559591		08G4B02	1	28	0.293761904761905	2024-02-20
A5	0.292652031057738	0.0268363982330772	0.395162627421277	5.80278520935073	1.75408080739627	12.2778700745884	12.2595714285714	0.00743639309382465		02G2A03	1	28	0.303761904761905	2024-02-20
A6	0.275644200462989	0.0273391190659804	0.367804723749521	5.99867104810056	1.88455214357711	11.4991427584665	11.4190714285714	0.0131727985943396		09G1A07	1	28	0.298761904761905	2024-02-20
A7	0	0.0133134789674403	0	0.0770871231830481	1.79320004714744	1.24790334658233	1.23607142857143	0.00307732812153252		04G1A01	1	28	0.0337619047619048	2024-02-20
A8	0.304973833363188	0.0367269475843344	0.315881308208792	6.29475998785221	2.19432794073965	12.5951214087736	12.5000714285714	0.0163147201526659		26G1B04	1	28	0.339761904761905	2024-02-20
A9	0.304766794342189	0.0433166819641214	0.349272277959853	5.14700357952134	1.98454679715411	12.9264016862261	12.9105714285714	0.0120409945886909		25G3A08	1	28	0.327761904761905	2024-02-20
B1	0.252213734931138	0.0162785566167649	0.4172765262484	6.40752171332623	1.66112191067111	10.4498669870287	10.4650714285714	0.0213769543588473		02D05	2	28	0.297761904761905	2024-02-20
B10	0.260350277496688	0.0255436197622771	0.307057167825058	7.22463145373964	2.25738804754057	10.5283239675525	10.4780714285714	0.00747045408000553		26G1B06	2	28	0.276761904761905	2024-02-20
B11	0	0.00951497934667068	0	2.94728878396752	1.40516716710648	2.24183656530924	2.24057142857143	0.00491319898502191		25G4A05	2	28	0.0567619047619048	2024-02-20
B12	0.230367811978935	0.0194178296583193	0.446297674242188	5.34492894291375	1.55310506992201	9.78090298230899	9.77207142857143	0.00514879322828926		26G3B01	2	28	0.235761904761905	2024-02-20
B13	0.205232203517101	0.0162894072595794	0.535767107723049	4.57461690616568	1.2937471721729	8.88060867250033	8.83107142857143	0.0100468298070564		26G1A06	2	28	0.221761904761905	2024-02-20
B14	0.232254031532827	0.0198146080859756	0.443060144983415	5.35421084622428	1.56445391987558	9.85791062029147	9.83557142857143	0.0095279975063866		Grass-36	2	28	0.262761904761905	2024-02-20
B15	0	0.00153499093880278	0	6.27484632345205	2.40357506918462	0.44949613074079	0.454071428571429	0.0125440393270264		41G3A07	2	28	0.0667619047619048	2024-02-20
B16	0.211805458399922	0.0155665308801439	0.487422022294175	5.19921067537288	1.42206783619967	9.03226990408506	8.99357142857143	0.00747028807607792		Grass-39	2	28	0.223761904761905	2024-02-20
B17	0.263200835683454	0.0264806849153491	0.290157632973904	7.54921739065873	2.38886419583621	10.5504997259359	10.4525714285714	0.013997206568289		Desert-26	2	28	0.290761904761905	2024-02-20
B18	0.251835386726724	0.0176403893375141	0.393672786716624	6.56881312640078	1.76071906402535	10.3873824761846	10.3785714285714	0.00486752436905012		Grass-40	2	28	0.261761904761905	2024-02-20
B19	0.252574801152679	0.0165643365632151	0.39571978914666	6.71339729260841	1.75161111364854	10.3846610529651	10.3770714285714	0.00526947134543224		Grass-31	2	28	0.261761904761905	2024-02-20
B2	0.261529542390734	0.0108549476893007	0.463091368678495	6.77951456375062	1.49678276781092	10.7564341668125	10.7495714285714	0.0151249248456929		08G1B09	2	28	0.291761904761905	2024-02-20
B20	0.240073624722056	0.0143275143960245	0.391452038832389	7.04359389247366	1.77070780529703	9.79481432978512	9.74757142857143	0.00995391005906843		Grass-42	2	28	0.260761904761905	2024-02-20
B21	0.273089594889836	0.0205295726210164	0.329406549273105	7.61910327659613	2.10423011348591	10.9628141942636	10.9310714285714	0.00777625837321903		Grass-34	2	28	0.290761904761905	2024-02-20
B22	0.254418402379522	0.020223690534408	0.37531781184733	6.52593103229088	1.84682729857196	10.4956199679309	10.4350714285714	0.0116064326991276		09G3B12	2	28	0.274761904761905	2024-02-20
B23	0.111867406159458	0.0159249200202532	0.280850953946689	6.39436578302969	2.46802501760958	4.59315019652527	4.59707142857143	0.00392200556963347		04G2A10	2	28	0.115761904761905	2024-02-20
B24	0.302721849671249	0.0256022819513304	0.324938420561834	7.32990446348506	2.13316473737227	12.2294045965803	12.2030714285714	0.0113734501516104		12G2A10	2	28	0.327761904761905	2024-02-20
B3	0.269286959268997	0.0255192057957439	0.372043711407638	6.06591251418602	1.86307995352859	11.2202398408217	11.1885714285714	0.00732861397289019		02G1B04	2	28	0.278761904761905	2024-02-20
B4	0.211604984641054	0.0142474320680661	0.404520847789185	6.49766359622124	1.7135017499053	8.74563900245307	8.72557142857143	0.00419443327255017		08G4B02	2	28	0.217761904761905	2024-02-20
B5	0.251553234795772	0.0167663741817072	0.404272872745868	6.52851813850681	1.71455278671559	10.3893657620278	10.3270714285714	0.00852006247876652		02G2A03	2	28	0.283761904761905	2024-02-20
B6	0.22914325150209	0.0194897572482419	0.361383036901524	6.5735434144387	1.91804016730543	9.43622963131735	9.39707142857143	0.00749720183020712		09G1A07	2	28	0.240761904761905	2024-02-20
B7	0	0.00855559371826456	0	1.11539503618856	1.69924944480259	1.00681303292273	0.990071428571429	0.00210843546410436		04G1A01	2	28	0.0247619047619048	2024-02-20
B8	0.274453379741173	0.0304500854887708	0.305205295468697	6.81866584711659	2.27108503964682	11.1966089102184	11.1220714285714	0.0119785076743894		26G1B04	2	28	0.296761904761905	2024-02-20
B9	0.253962390875868	0.0327980034218533	0.364794719213228	5.23181536593313	1.90010201368839	10.7652429692022	10.7280714285714	0.00843429838792826		25G3A08	2	28	0.270761904761905	2024-02-20
C1	0.222975834870842	0.021971784289413	0.337796652048074	6.55295411802051	2.05196580948144	9.17321367464403	9.16007142857143	0.0132958777456417		02D05	3	28	0.252761904761905	2024-02-20
C10	0.251368188893774	0.0234402747058856	0.367833892907685	6.18369805720223	1.88440269894842	10.4443931803846	10.4130714285714	0.00728333325958344		26G1B06	3	28	0.267761904761905	2024-02-20
C11	0.0875153738225331	0.0190106957301564	0.401000311450937	3.19675632587975	1.72854524240127	3.86752227961664	3.87157142857143	0.00628977851547392		25G4A05	3	28	0.0977619047619048	2024-02-20
C12	0.236132704756476	0.0212960293280449	0.43760041457734	5.28189045180964	1.58397286078768	10.0361412325799	10.0490714285714	0.0064589592779134		26G3B01	3	28	0.245761904761905	2024-02-20
C13	0.198378199693411	0.0260622199437141	0.508395944644332	3.71529936254237	1.36340029432151	8.73016073423748	8.66857142857143	0.0126359073067046		26G1A06	3	28	0.223761904761905	2024-02-20
C14	0.238451123979381	0.024430264852107	0.443515967144589	4.89328663931854	1.56284605720627	10.2207304713494	10.2175714285714	0.00588164970112587		Grass-36	3	28	0.243761904761905	2024-02-20
C15	0.176480166878684	0.00173045601712774	0.366713592551938	12.5846705788118	1.8901594995058	6.2453622391341	6.25257142857143	0.00500868866429608		41G3A07	3	28	0.187761904761905	2024-02-20
C16	0.212127170566955	0.0219906981330632	0.442779537668718	4.87177557895859	1.56544537764649	9.09623576684188	9.08207142857143	0.00545924146795319		Grass-39	3	28	0.223761904761905	2024-02-20
C17	0.274359916203885	0.0337880934748962	0.265176048602753	7.40229073529648	2.61391322561833	11.0024322801834	10.9445714285714	0.0119926228681996		Desert-26	3	28	0.305761904761905	2024-02-20
C18	0.255355267590875	0.0237014156037306	0.376624587205874	6.05300222336428	1.84041935685163	10.6453409099155	10.6420714285714	0.0070593556761549		Grass-40	3	28	0.267761904761905	2024-02-20
C19	0.25922612963596	0.0221149955859141	0.364754096464698	6.50375982761613	1.90031362849144	10.693536640034	10.6995714285714	0.00696991252233482		Grass-31	3	28	0.271761904761905	2024-02-20
C2	0.25244964875024	0.022581774208765	0.366572421595357	6.32988577062831	1.89088742012644	10.4550720022915	10.4160714285714	0.00771757473860775		08G1B09	3	28	0.264761904761905	2024-02-20
C20	0.238379812544747	0.0151708949167789	0.39887623014933	6.7407611581061	1.7377500291267	9.79607136310294	9.76507142857143	0.00814084737938158		Grass-42	3	28	0.254761904761905	2024-02-20
C21	0.287597580910435	0.0255444105776966	0.321569260290526	7.23989877836706	2.15551442925145	11.6393199354168	11.6255714285714	0.00807314714787316		Grass-34	3	28	0.306761904761905	2024-02-20
C22	0.260412509263321	0.0267909488436836	0.357774030424987	6.0530901018151	1.93738818811578	10.8444796539979	10.7900714285714	0.0117610223693582		09G3B12	3	28	0.287761904761905	2024-02-20
C23	0.105696258611062	0.0141014023390182	0.294172292797307	6.36056118327462	2.35626263088463	4.34968479867921	4.36557142857143	0.00521523010345197		04G2A10	3	28	0.114761904761905	2024-02-20
C24	0.296261542621701	0.0236389827340596	0.31255026882069	7.8233530984151	2.21771423577819	11.8239779797885	11.7930714285714	0.0111558910476372		12G2A10	3	28	0.324761904761905	2024-02-20
C3	0.263650414225396	0.030536538065044	0.337252227112162	6.02695245186632	2.05527828976922	10.9699796048971	10.9465714285714	0.00748512460889566		02G1B04	3	28	0.275761904761905	2024-02-20
C4	0.209142458543712	0.0211259495999502	0.408379168039634	5.35293624130987	1.69731277892381	8.86477737046211	8.84257142857143	0.00605049740993478		08G4B02	3	28	0.213761904761905	2024-02-20
C5	0.279343532607828	0.0469040985654805	0.280082822886128	5.71446908013339	2.4747936107519	11.6288693008387	11.5240714285714	0.0176650760281418		02G2A03	3	28	0.316761904761905	2024-02-20
C6	0.232301705631371	0.0270200647820008	0.370488100247798	5.47332873206515	1.87090268242446	9.80148535590906	9.73807142857143	0.0144237339667853		09G1A07	3	28	0.263761904761905	2024-02-20
C7	0	0.012200978715954	0	2.29238603950832	3.79360083494831	1.32043891027827	1.28707142857143	0.00408881724245373		04G1A01	3	28	0.0457619047619048	2024-02-20
C8	0.254705944124465	0.0292788266634834	0.327301996630239	6.23623536742752	2.11776031828798	10.5424519826833	10.4870714285714	0.0104266581650346		26G1B04	3	28	0.279761904761905	2024-02-20
C9	0.257772425243229	0.0374981838171745	0.351183862554462	5.0417488117128	1.97374439565102	10.9580636557106	10.9335714285714	0.00879727718176968		25G3A08	3	28	0.275761904761905	2024-02-20
D1	0.286846857386081	0.0265053881411685	0.317364529856518	7.19880723662204	2.18407262107495	11.6160648099208	11.5740714285714	0.0192466223575297		16G1A05	1	28	0.321761904761905	2024-02-20
D10	0.20711239746043	0.0132931177968285	0.501814740458856	5.3399781200371	1.38128102798682	8.80804098818237	8.82007142857143	0.010735763050886		30G3A09	1	28	0.233761904761905	2024-02-20
D11	0.11858609032428	0.040982536516263	0.424703476531302	1.50332460311189	1.6320732437161	5.39546203146115	5.42807142857143	0.0133610518598169		28G1A08	1	28	0.145761904761905	2024-02-20
D12	0.244824366025314	0.0412223386854837	0.328760525701158	4.85820774304841	2.10836498415267	10.4248612750823	10.4165714285714	0.00899996431812906		32G4B12	1	28	0.258761904761905	2024-02-20
D13	0.219135396378907	0.0242760308403742	0.406398050379362	5.12499657831222	1.70558687452587	9.33212089180942	9.36357142857143	0.0114472938610353		Grass-43	1	28	0.244761904761905	2024-02-20
D14	0.243945107502751	0.0207044426652527	0.358213916773131	6.63821809803527	1.9350090772686	10.0296044138088	9.99257142857143	0.00886608589270174		Grass-53	1	28	0.264761904761905	2024-02-20
D15	0.261976423568461	0.0375259857682681	0.354798506172784	5.04123111523593	1.95363613008672	11.1400314280174	11.1435714285714	0.00644171116690217		Grass-44	1	28	0.272761904761905	2024-02-20
D16	0.244629536842089	0.0335218781596953	0.290355704332439	6.33764001035996	2.38723458922073	10.0676811603526	10.0200714285714	0.00947493376715893		Grass-54	1	28	0.265761904761905	2024-02-20
D17	0.244520194801306	0.0317296563105562	0.373894188591314	5.08982642340732	1.85385919789621	10.4015073242908	10.3825714285714	0.00854985742008273		Grass-45	1	28	0.260761904761905	2024-02-20
D18	0.263920944764628	0.0267550777710047	0.323274816368603	6.74978491380044	2.14414221418846	10.7995323873827	10.7755714285714	0.00946412799302668		Grass-55	1	28	0.284761904761905	2024-02-20
D19	0.282942638813157	0.0396840932342776	0.309471865948538	5.85893135241168	2.23977445715601	11.7853423934775	11.7565714285714	0.00957007998835597		Grass-51	1	28	0.304761904761905	2024-02-20
D2	0.258610536996143	0.0277595574935874	0.409024940795256	5.17863823358264	1.69463304416664	11.0022616168107	10.9990714285714	0.0082673927450127		19G2B10	1	28	0.275761904761905	2024-02-20
D20	0.272672341728551	0.0305168066227153	0.290167641092756	7.13829650438892	2.38878180195969	11.0303287131761	10.9615714285714	0.012250663271733		Grass-57	1	28	0.299761904761905	2024-02-20
D21	0.237472652854923	0.0160715078040232	0.305630858209265	8.58201362548633	2.2679227634971	9.30624966027241	9.22057142857143	0.0128415030336445		18G1A07	1	28	0.266761904761905	2024-02-20
D22	0.306691582399439	0.0401951811915003	0.295114476849766	6.40976221232896	2.34874001424473	12.6093878171968	12.5720714285714	0.00933372558224541		19G3B08	1	28	0.331761904761905	2024-02-20
D23	0	0.0140589575569773	0	6.33856824325459	5.90227085308897	1.67702995331436	1.66557142857143	0.00153988923760277		18G4B09	1	28	0.0447619047619048	2024-02-20
D24	0.322256783406104	0.0361800842836581	0.318604379563709	6.49002737162112	2.17557329723191	13.2564181409055	13.2155714285714	0.0115131332896192		19G4A01	1	28	0.353761904761905	2024-02-20
D3	0.108870246048593	0.0143269892422429	0.0783111369710773	24.0950703653853	8.85119546682033	2.60527739227559	2.60457142857143	0.00205387740192006		16G2A12	1	28	0.0987619047619048	2024-02-20
D4	0	0.0142245203019107	0	15.9534486442804	7.30109282295873	2.40234689715309	2.37907142857143	0.00415909794255871		19G3B07	1	28	0.0817619047619048	2024-02-20
D5	0.287987751271511	0.0808940402150853	0.141344969249634	6.65061695099871	4.90393951931712	11.242154786287	11.0800714285714	0.0254819894680648		26G3B03	1	28	0.313761904761905	2024-02-20
D6	0.258414996191332	0.0318849325474991	0.289069492927229	6.78295064383093	2.39785656224346	10.5333855275045	10.4100714285714	0.0204513874901972		28G3A04	1	28	0.305761904761905	2024-02-20
D7	0.302605841802204	0.0406155081886551	0.261499674373182	7.12871878016791	2.65066173493878	12.201136027225	12.0865714285714	0.0222598479774024		26G3B10	1	28	0.344761904761905	2024-02-20
D8	0.209053009210536	0.0275346780083811	0.303664585501398	6.21050497247444	2.28260789586461	8.63899345430489	8.62707142857143	0.00800229056960251		28G4A10	1	28	0.233761904761905	2024-02-20
D9	0.217404110408716	0.0339058288666008	0.185068314136184	9.12429752151738	3.74535848448852	8.25344149954995	8.20707142857143	0.0074643390379144		28D10	1	28	0.227761904761905	2024-02-20
E1	0.279014355178298	0.0221233979522762	0.27069310933754	9.0582871894083	2.5606384375881	10.7801730732462	10.7085714285714	0.020106619877525		16G1A05	2	28	0.315761904761905	2024-02-20
E10	0.218953347558165	0.019619729189388	0.511541856345547	4.53226694005	1.35501557098726	9.4772230779331	9.47857142857143	0.0119881704847025		30G3A09	2	28	0.247761904761905	2024-02-20
E11	0.0891253721805061	0.0246906367757174	0.456240765591711	2.10246176103697	1.51925744658302	4.02726625432664	4.04157142857143	0.00952828032144475		28G1A08	2	28	0.113761904761905	2024-02-20
E12	0.228009014485935	0.0335370205939256	0.342986610202968	5.12450978875359	2.02091615223628	9.67023478938663	9.65257142857143	0.00824277454929256		32G4B12	2	28	0.247761904761905	2024-02-20
E13	0.188123205730812	0.00882841730586609	0.434391033009347	6.93167060817802	1.59567561917198	7.70508977403687	7.73557142857143	0.00854817598875768		Grass-43	2	28	0.206761904761905	2024-02-20
E14	0.202787995406096	0.0188077765912068	0.370054989290636	6.16275385716367	1.87309237983428	8.43075355364341	8.39907142857143	0.00820130984437086		Grass-53	2	28	0.222761904761905	2024-02-20
E15	0.204342436294258	0.0260950716480791	0.357116238264552	5.3803932668369	1.94095677062565	8.63081743350788	8.61057142857143	0.00754547571895556		Grass-44	2	28	0.220761904761905	2024-02-20
E16	0.248473685260589	0.0332140712297044	0.323020017600717	5.78562035358698	2.14583351740368	10.3787862748612	10.3620714285714	0.00839141322382159		Grass-54	2	28	0.264761904761905	2024-02-20
E17	0.214360271330401	0.0253585675689261	0.343997023846286	5.83911849896976	2.01498016700771	8.95916296380417	8.90907142857143	0.0110649457050942		Grass-45	2	28	0.237761904761905	2024-02-20
E18	0.251328725391777	0.0239171841868605	0.307697464443752	7.31941074902084	2.25269058298222	10.1425228327434	10.1095714285714	0.0107267659378187		Grass-55	2	28	0.277761904761905	2024-02-20
E19	0.238568273802903	0.0242810888017936	0.342483078743876	6.35832666707062	2.02388737890993	9.85961232455001	9.83207142857143	0.00864952764828371		Grass-51	2	28	0.257761904761905	2024-02-20
E2	0.253270296576532	0.0194370543226658	0.390530923369132	6.3693469878649	1.77488423856458	10.4920235264819	10.4720714285714	0.00829280744598047		19G2B10	2	28	0.274761904761905	2024-02-20
E20	0.272370765668834	0.0306552211108295	0.306175757395746	6.74435697514128	2.2638865547543	11.1306146331413	11.0625714285714	0.0138047180640233		Grass-57	2	28	0.308761904761905	2024-02-20
E21	0.216061765175906	0.0119501092274679	0.326416275617802	8.69419502171501	2.12350679894266	8.45482197100077	8.37807142857143	0.0125626378215392		18G1A07	2	28	0.244761904761905	2024-02-20
E22	0.310599819776426	0.0264534994176188	0.317858982742097	7.46903814030479	2.18067513644045	12.5019288386095	12.4630714285714	0.00973092570601783		19G3B08	2	28	0.335761904761905	2024-02-20
E23	0	0.0136024050138794	0	6.91404387114003	5.59596975838466	1.74669963982968	1.73507142857143	0.00161564578693813		18G4B09	2	28	0.0467619047619048	2024-02-20
E24	0.305058741536346	0.0297612366369965	0.31707462498916	7.01615774587237	2.18606954304099	12.4037196306678	12.3535714285714	0.0129784083291818		19G4A01	2	28	0.336761904761905	2024-02-20
E3	0	0.00841169685212737	0	7.75211582950788	4.31927375017827	1.45423221167595	1.45057142857143	0.00140651876920292		16G2A12	2	28	0.0397619047619048	2024-02-20
E4	0	0.0113148299751189	0	5.3705491252102	2.91676059527297	2.1570075681966	2.14407142857143	0.00242957200781408		19G3B07	2	28	0.0547619047619048	2024-02-20
E5	0.278842235413419	0.0572924325523476	0.154946228838255	8.72869814334269	4.47346918835636	10.5406832275791	10.4175714285714	0.023938001561891		26G3B03	2	28	0.299761904761905	2024-02-20
E6	0.28844918586621	0.039451611573073	0.325036701446168	5.66818531242628	2.13251973538977	12.08005811125	12.0515714285714	0.0131364112149726		28G3A04	2	28	0.307761904761905	2024-02-20
E7	0.28943306685311	0.0280582390282579	0.276437876225982	8.07296458123075	2.50742477848192	11.4494591038293	11.4010714285714	0.0156482827335785		26G3B10	2	28	0.308761904761905	2024-02-20
E8	0.182968985310942	0.0168978391175123	0.364133529305263	6.27580366339616	1.90355219933307	7.58554371579445	7.58907142857143	0.00849592426007501		28G4A10	2	28	0.200761904761905	2024-02-20
E9	0.188889549942694	0.0223041602518978	0.195314980622064	10.2948314722292	3.54886849105135	7.00120402619082	6.97607142857143	0.00631597401673252		28D10	2	28	0.198761904761905	2024-02-20
F1	0.290878285227668	0.0308974831329646	0.309169954305492	6.88919809946598	2.24196164894809	11.8525892014917	11.8000714285714	0.0179858487852786		16G1A05	3	28	0.323761904761905	2024-02-20
F10	0.213292211976344	0.0204539773836416	0.494977092784529	4.53288515925242	1.40036213930749	9.22775608330659	9.23707142857143	0.00964402242474548		30G3A09	3	28	0.231761904761905	2024-02-20
F11	0.0984418682609663	0.0340152751377763	0.517178088539091	1.2350035824059	1.34024854478643	4.52293913446467	4.50957142857143	0.0164006214447833		28G1A08	3	28	0.131761904761905	2024-02-20
F12	0.229828815240832	0.0400262748668434	0.321697673852917	4.83823256097574	2.15465400249321	9.78311300148582	9.77257142857143	0.00910164504976918		32G4B12	3	28	0.249761904761905	2024-02-20
F13	0.21312893253758	0.02561010803854	0.388311344217643	5.12705113702068	1.78502943805692	9.06720174335782	9.08357142857143	0.00975095154112177		Grass-43	3	28	0.236761904761905	2024-02-20
F14	0.203711921935095	0.0196057469769635	0.358071484515393	6.25486806263135	1.93577877751991	8.44641042190413	8.40257142857143	0.0103303348017518		Grass-53	3	28	0.230761904761905	2024-02-20
F15	0.237902257866987	0.034436488244158	0.355394943315212	4.9983296299051	1.95035746455506	10.1255254321813	10.1045714285714	0.00890277848402831		Grass-44	3	28	0.259761904761905	2024-02-20
F16	0.24205130581267	0.0339862502915279	0.308928838829241	5.86508778190579	2.24371147474218	10.0802668404664	10.0495714285714	0.0102534136280519		Grass-54	3	28	0.262761904761905	2024-02-20
F17	0.214821390444689	0.0263056004584901	0.380756245230058	5.17233776951208	1.82044861835723	9.12659971535495	9.09707142857143	0.00980311365353719		Grass-45	3	28	0.234761904761905	2024-02-20
F18	0.260155153832156	0.0311385185942516	0.328425676526206	6.07549650851255	2.11051458549599	10.8058931996881	10.7910714285714	0.0104645616115264		Grass-55	3	28	0.289761904761905	2024-02-20
F19	0.267229121757268	0.0389758346050937	0.314534006651146	5.61946897622004	2.20372731056939	11.1913730796553	11.1730714285714	0.0115537708585448		Grass-51	3	28	0.296761904761905	2024-02-20
F2	0.280738016963019	0.0325937697904422	0.372040674512261	5.45609445036338	1.86309516148644	11.8505666019942	11.8540714285714	0.00876447493758388		19G2B10	3	28	0.297761904761905	2024-02-20
F20	0.255519446589718	0.0338891101287185	0.28272073387425	6.64230419014012	2.45170267868733	10.4391052831137	10.3780714285714	0.0124178614307465		Grass-57	3	28	0.288761904761905	2024-02-20
F21	0.225719078295981	0.0139603205458272	0.313541293770294	8.67263319637101	2.21070460042101	8.83097907639557	8.75307142857143	0.0142847839784811		18G1A07	3	28	0.265761904761905	2024-02-20
F22	0.303822369159667	0.0342072770873881	0.316848676823554	6.51590840112811	2.18762845251187	12.4892597565701	12.4515714285714	0.00905816961345331		19G3B08	3	28	0.329761904761905	2024-02-20
F23	0	0.012736623445012	0	6.75821295188789	5.37064813003134	1.66658717293709	1.65607142857143	0.00140010383243768		18G4B09	3	28	0.0447619047619048	2024-02-20
F24	0.312377237448828	0.028822746690462	0.349248439794696	6.5461693179221	1.98468225360551	12.8626465613987	12.8340714285714	0.00857868222722877		19G4A01	3	28	0.335761904761905	2024-02-20
F3	0	0.0149865402414596	0	5.12378431325545	5.66774880724801	1.69619889627699	1.68857142857143	0.00189321793943845		16G2A12	3	28	0.0477619047619048	2024-02-20
F4	0	0.013451633753686	0	4.72039101640988	2.95008968732155	2.28133829445628	2.26357142857143	0.00273336599946775		19G3B07	3	28	0.0597619047619048	2024-02-20
F5	0.288845534038904	0.0895434572938798	0.107686567146928	7.42987361158927	6.43670978585668	10.7569446554353	10.5915714285714	0.0320165045645776		26G3B03	3	28	0.323761904761905	2024-02-20
F6	0.289155704418905	0.0492657614400278	0.261765233059858	6.04721598465319	2.64797266030147	11.9245758066192	11.8445714285714	0.0161688079148116		28G3A04	3	28	0.308761904761905	2024-02-20
F7	0.297763028669955	0.0508083975546661	0.204263824694314	7.74069023387152	3.39339176477899	11.7153920742902	11.6615714285714	0.0177959180603687		26G3B10	3	28	0.308761904761905	2024-02-20
F8	0.46854194551529	0.0837885696465877	0.0462022783642414	32.9920082526052	15.0024458771369	9.1448390877141	9.14307142857143	0.0427123297041953		28G4A10	3	28	0.339761904761905	2024-02-20
F9	0.14504242515847	0.0198104914540653	0.296389585667638	6.2213920733444	2.33863541122265	5.98780523872413	6.00657142857143	0.00526534057957956		28D10	3	28	0.151761904761905	2024-02-20
G1	0.269347138448026	0.0408379092845822	0.25992157996418	6.62494357266423	2.66675502917252	10.9738882177859	10.9480714285714	0.0164057567280962		20G2A05	1	28	0.303761904761905	2024-02-20
G10	0.205534157086524	0.0244825173611812	0.417583415047253	4.79143312470798	1.65990112533926	8.8184108029173	8.79357142857143	0.00887518970472054		35G2A07	1	28	0.223761904761905	2024-02-20
G11	0.19954488640021	0.0176701422958188	0.388854480907241	5.99566677549665	1.78253617893963	8.33416916427245	8.33457142857143	0.00643548182085143		Grass-58	1	28	0.211761904761905	2024-02-20
G12	0.186743514049503	0.0181404737094809	0.493000879980018	4.52210454456922	1.40597554427903	8.08050686404004	8.08307142857143	0.00708455703207031		Mcba15-003	1	28	0.200761904761905	2024-02-20
G13	0.210450188666705	0.0244371617130362	0.398070156204078	5.09887938672922	1.74126889382934	8.9632932459099	8.95407142857143	0.00615059986032699		Grass-59	1	28	0.224761904761905	2024-02-20
G14	0.21050541685849	0.02225761003661	0.396460163694717	5.38534621514957	1.74834004531584	8.91127928991402	8.90707142857143	0.00854427488947282		Salt-6	1	28	0.227761904761905	2024-02-20
G15	0.204532315314874	0.0198524208401242	0.396259076097632	5.62838356115177	1.7492272666309	8.61366409191487	8.62007142857143	0.00664867788097266		Pine-20	1	28	0.214761904761905	2024-02-20
G16	0.204391942441467	0.0187189347460883	0.550599403269007	4.16718856753253	1.25889562619321	8.92341719768415	8.84407142857143	0.0121193461998003		Salt-5	1	28	0.226761904761905	2024-02-20
G17	0.222623951851343	0.0277138099281918	0.343223080153428	5.68320696415358	2.01952380431436	9.33449996498761	9.32707142857143	0.00644581933328773		Salt-11	1	28	0.229761904761905	2024-02-20
G18	0.226608651693944	0.0314610948015314	0.383249787545	4.7619185630682	1.80860421345585	9.70974532753841	9.73307142857143	0.00979105113270365		Salt-16	1	28	0.245761904761905	2024-02-20
G19	0.270777783761438	0.0462555831515233	0.21175276600607	7.46055150900082	3.27337958145055	10.7378816317654	10.6380714285714	0.0136797130911992		23G1B04	1	28	0.295761904761905	2024-02-20
G2	0.283435938784874	0.0417707553812876	0.33925785355394	5.17410797566374	2.04312788428858	12.0051977076321	12.0005714285714	0.00897576315293092		23G2B11	1	28	0.297761904761905	2024-02-20
G20	0.276246526059413	0.0579420874637613	0.257513122369281	5.15098634189168	2.69169654028719	11.5843804447565	11.5935714285714	0.00842367403157041		23G3A03	1	28	0.297761904761905	2024-02-20
G21	0.242312340980847	0.0410407282784611	0.331694329322296	4.7938424506977	2.0897167038585	10.3338196939006	10.3260714285714	0.0100864016504951		23G1B09	1	28	0.272761904761905	2024-02-20
G22	0.263906070994039	0.0223724310629412	0.354671711778612	6.70811693016536	1.95433455091172	10.8312645174847	10.8185714285714	0.00791993625483029		23G3A08	1	28	0.286761904761905	2024-02-20
G23	0.282877514876917	0.0237206234279429	0.355598818045729	6.72411903209315	1.94923927016767	11.6063491252658	11.5860714285714	0.00759544618793747		23G2A11	1	28	0.300761904761905	2024-02-20
G24	0.305810448702671	0.0264799590108095	0.355225291785848	6.63243159483226	1.95128893293392	12.5726642128611	12.5605714285714	0.0060417245971017		23G3A10	1	28	0.321761904761905	2024-02-20
G3	0.273260307039117	0.0238386890375417	0.330161356159273	7.11117402166859	2.0994194736272	11.0977456457119	11.0730714285714	0.00749623527979377		23D06	1	28	0.295761904761905	2024-02-20
G4	0.0896492929512726	0.0269060919050065	0.212776798681122	3.97927547406894	3.25762576021613	3.79610903586711	3.74807142857143	0.00629229457702259		35D02	1	28	0.104761904761905	2024-02-20
G5	0.21142457922352	0.0311992459638935	0.371068403187443	4.72639000695108	1.86797683285851	9.05813472718243	9.02257142857143	0.0129204174955621		33G1A03	1	28	0.238761904761905	2024-02-20
G6	0.267875988620308	0.0325227205747012	0.140944006292036	14.0420920763158	4.9178904360342	8.86629662436263	8.79307142857143	0.012396311757079		35D04	1	28	0.265761904761905	2024-02-20
G7	0.238116245566359	0.0398955988134386	0.260510804670708	6.15373622379713	2.66072334863846	9.79667780454251	9.79057142857143	0.00638388955194366		33G3A07	1	28	0.243761904761905	2024-02-20
G8	0.254593609038671	0.0522832191550761	0.240099901877786	5.63568593295771	2.88691155281174	10.5419827734482	10.3400714285714	0.0298949166155651		35G1B04	1	28	0.328761904761905	2024-02-20
G9	0.223545438517255	0.0281769609072891	0.373802577083942	5.18022846287674	1.85431354156847	9.49159360691564	9.46407142857143	0.0094629210806525		33G4B08	1	28	0.244761904761905	2024-02-20
H1	0.251340453896819	0.0341022590897555	0.27214066572927	6.80394746385154	2.54701802357425	10.2195778776107	10.1820714285714	0.0155274545972447		20G2A05	2	28	0.282761904761905	2024-02-20
H10	0.192644935503285	0.0143890199538497	0.432317009218259	5.82154941713752	1.6033308099844	8.0908728178802	8.06307142857143	0.00868076816596905		35G2A07	2	28	0.212761904761905	2024-02-20
H11	0.194302046255737	0.016073313869877	0.385532899815466	6.24047225737693	1.79789372292668	8.07044474698469	8.07407142857143	0.00610240083778113		Grass-58	2	28	0.205761904761905	2024-02-20
H12	0.172241637217762	0.0104590577267835	0.537687244487227	5.0936394509671	1.28912706720609	7.37019420778417	7.36107142857143	0.00798130339827883		Mcba15-003	2	28	0.188761904761905	2024-02-20
H13	0.206996266733724	0.0244879830589133	0.422532875014483	4.75374384085847	1.64045739763134	8.89013339668976	8.87857142857143	0.00589605235466056		Grass-59	2	28	0.220761904761905	2024-02-20
H14	0.200055718493697	0.0123155965870449	0.434413852399243	6.27096071377049	1.59559179968993	8.31887285128264	8.31007142857143	0.00845241350063626		Salt-6	2	28	0.219761904761905	2024-02-20
H15	0.202113907937653	0.0191442448745647	0.372433749210424	6.06099266395087	1.86112881023658	8.42245365506802	8.42357142857143	0.006694459034625		Pine-20	2	28	0.215761904761905	2024-02-20
H16	0.185647572769928	0.00948039513460894	0.586850083403019	4.9794785815021	1.1811316044134	7.9700735799496	7.90007142857143	0.0122297518306569		Salt-5	2	28	0.217761904761905	2024-02-20
H17	0.208930814525403	0.0213507371584666	0.336402394254618	6.45988139274764	2.06047041399864	8.61206121458626	8.60407142857143	0.00581660121769966		Salt-11	2	28	0.213761904761905	2024-02-20
H18	0.207237860588285	0.0153009789168636	0.38922171980885	6.49822360910888	1.78085431845981	8.55990078379243	8.57157142857143	0.00592687202981253		Salt-16	2	28	0.215761904761905	2024-02-20
H19	0.250781413242285	0.0273492406715489	0.265616986797491	7.90769878758964	2.60957399192398	9.9454021348375	9.85107142857143	0.0125246446547519		23G1B04	2	28	0.274761904761905	2024-02-20
H2	0.282327632949217	0.035143294175815	0.333723947597746	5.84525192286891	2.07700761527438	11.7889899855759	11.7860714285714	0.00934776436315805		23G2B11	2	28	0.297761904761905	2024-02-20
H20	0.25124758456346	0.0304387389261825	0.309563178843829	6.40121760866299	2.23911378332767	10.3467819046706	10.3345714285714	0.00592338367567511		23G3A03	2	28	0.263761904761905	2024-02-20
H21	0.244915251934027	0.0401875412462077	0.329442109256393	4.94206351164781	2.10400298287458	10.4123009200661	10.3955714285714	0.00836232647108034		23G1B09	2	28	0.268761904761905	2024-02-20
H22	0.252282514174822	0.017831469836711	0.34176429962951	7.5381832979616	2.02814390300962	10.1536991787642	10.1355714285714	0.00808356507664137		23G3A08	2	28	0.274761904761905	2024-02-20
H23	0.28620949156143	0.0279166708182396	0.338850266464155	6.56593809980932	2.04558546697578	11.7721360462886	11.7515714285714	0.00772350842776521		23G2A11	2	28	0.305761904761905	2024-02-20
H24	0.290155600540985	0.0215069105455094	0.343730367610235	7.34596205234294	2.01654333127157	11.7309881507623	11.7030714285714	0.00747664813589876		23G3A10	2	28	0.307761904761905	2024-02-20
H3	0.273513747224786	0.0266552199000876	0.314601301206059	7.07508328806084	2.20325592393512	11.1043845426015	11.0855714285714	0.00750268641828407		23D06	2	28	0.293761904761905	2024-02-20
H4	0.0872259672920206	0.0242948960327395	0.196440613911817	4.84509650520213	3.52853295841918	3.61936092441574	3.56607142857143	0.0064986591597421		35D02	2	28	0.104761904761905	2024-02-20
H5	0.204926370554816	0.0264286887037071	0.381037781361497	5.01295565502976	1.81910354947806	8.73492067306617	8.71857142857143	0.00866671610453794		33G1A03	2	28	0.219761904761905	2024-02-20
H6	0.276710492363928	0.0276451115130427	0.142882632138425	15.3851205654883	4.85116469500942	8.83928189534176	8.78157142857143	0.0121329060848398		35D04	2	28	0.275761904761905	2024-02-20
H7	0.236703624921142	0.035517254356307	0.271518711530407	6.38708495932345	2.55285234911819	9.70820771232409	9.69857142857143	0.00642102664531062		33G3A07	2	28	0.243761904761905	2024-02-20
H8	0.212050290511746	0.0295166735189619	0.411544575566465	4.42717304326249	1.6842578464456	9.1623995510506	9.16157142857143	0.0057931527861341		35G1B04	2	28	0.224761904761905	2024-02-20
H9	0.209796475450312	0.0205050623101255	0.421891975324158	5.26821088915761	1.64294943042557	8.91383388425699	8.89157142857143	0.00792721123063289		33G4B08	2	28	0.227761904761905	2024-02-20
I1	0.283858852946377	0.0496758412583747	0.260264595664344	5.95772230720674	2.66324037962458	11.7242781533926	11.7270714285714	0.0148720507490136		20G2A05	3	28	0.313761904761905	2024-02-20
I10	0.19762693732916	0.0205001104036265	0.42002321514555	5.13408702865823	1.65025921321932	8.41993068718219	8.39357142857143	0.00969142809806861		35G2A07	3	28	0.224761904761905	2024-02-20
I11	0.203127001134251	0.0223364160287264	0.362433693423864	5.76966506888977	1.91247997395572	8.51283312135424	8.52957142857143	0.00686906295037907		Grass-58	3	28	0.214761904761905	2024-02-20
I12	0.181688983672237	0.015552206611107	0.544692912249586	4.34852156364125	1.27254672306501	7.9011439572414	7.89757142857143	0.00791287307988377		Mcba15-003	3	28	0.195761904761905	2024-02-20
I13	0.215881709320897	0.0261270858808022	0.436483308411074	4.54257744638006	1.58802677491426	9.31786071067065	9.30507142857143	0.0062671148305866		Grass-59	3	28	0.229761904761905	2024-02-20
I14	0.216759768700395	0.0212870385565299	0.4290129126742	5.16842837922855	1.61567906252354	9.23193423620877	9.21757142857143	0.00959072349042268		Salt-6	3	28	0.234761904761905	2024-02-20
I15	0.186460411280226	0.0185775850921154	0.42057683327339	5.23402704884849	1.64808692662673	7.92763072600653	7.92707142857143	0.00676976665279525		Pine-20	3	28	0.200761904761905	2024-02-20
I16	0.183174586482094	0.0132833982007625	0.61147369228826	4.16803403875282	1.13356827824603	8.00635092698825	7.89707142857143	0.0131597084913558		Salt-5	3	28	0.217761904761905	2024-02-20
I17	0.225398384432785	0.0338734941992836	0.337646192141507	5.13076998667321	2.05288019439428	9.55394262087392	9.55957142857143	0.0073395810386883		Salt-11	3	28	0.237761904761905	2024-02-20
I18	0.220637505670137	0.0242376627805596	0.411902703765818	5.07946376712747	1.68279347094071	9.40754675883507	9.43057142857143	0.0101459107916179		Salt-16	3	28	0.234761904761905	2024-02-20
I19	0.252080928706925	0.045535461383322	0.251707415804759	6.00709029810439	2.75378132322329	10.3861121383563	10.3335714285714	0.00998313635523032		23G1B04	3	28	0.273761904761905	2024-02-20
I2	0.260235956365968	0.0267717824733357	0.357768826698983	6.05329484517349	1.93741636731011	10.8370760735781	10.8220714285714	0.00843357197341567		23G2B11	3	28	0.276761904761905	2024-02-20
I20	0.252313284209622	0.0360343446820406	0.311965020297865	5.74454295208279	2.2218746829312	10.5369785141549	10.5335714285714	0.00548207012218582		23G3A03	3	28	0.262761904761905	2024-02-20
I21	0.241968693784839	0.0431103796630725	0.324459309936843	4.711927626717	2.13631466051896	10.3280290973412	10.3120714285714	0.00882128714790868		23G1B09	3	28	0.264761904761905	2024-02-20
I22	0.252888557987961	0.0203938128504842	0.362410137958718	6.71514343863344	1.91260427885409	10.3817964295613	10.3655714285714	0.00682519669478432		23G3A08	3	28	0.272761904761905	2024-02-20
I23	0.275006326106085	0.024803767338161	0.342900816258919	6.74036095818073	2.02142178639948	11.2708546921524	11.2515714285714	0.00685290870491312		23G2A11	3	28	0.289761904761905	2024-02-20
I24	0.29344009200451	0.0240042718508879	0.358675962978476	6.74173532419013	1.93251639949327	12.0370082135386	12.0175714285714	0.00761732896630402		23G3A10	3	28	0.314761904761905	2024-02-20
I3	0.259342470988656	0.0251029847574332	0.338596852595768	6.59591861707769	2.0471164313729	10.6598612688066	10.6390714285714	0.00821620052923376		23D06	3	28	0.279761904761905	2024-02-20
I4	0.0898022044212961	0.0236934849113002	0.231779835814383	4.42704835120121	2.99054133904487	3.79428484564154	3.75207142857143	0.00551050774082553		35D02	3	28	0.106761904761905	2024-02-20
I5	0.286015503495946	0.0710663241798217	0.168494011381864	6.56870847490087	4.11377932589568	11.3666925533401	11.2205714285714	0.0206456552699138		33G1A03	3	28	0.311761904761905	2024-02-20
I6	0.279298320733051	0.0216517373184944	0.186005801739068	13.3141175924452	3.72648150799244	9.56891276767221	9.50907142857143	0.0127558520355871		35D04	3	28	0.280761904761905	2024-02-20
I7	0.254225022914679	0.0467925147976271	0.267104243059229	5.57491246754444	2.59504369013802	10.591924684817	10.5930714285714	0.00789766911339563		33G3A07	3	28	0.262761904761905	2024-02-20
I8	0.205527092667489	0.0239794523809858	0.383539491459893	5.27799830892407	1.80723809671221	8.71404900581042	8.66607142857143	0.0121899541456258		35G1B04	3	28	0.239761904761905	2024-02-20
I9	0.21458725006252	0.0244714507971875	0.46780017392682	4.38248274815752	1.48171638061079	9.30422039063821	9.28307142857143	0.00829930901592309		33G4B08	3	28	0.233761904761905	2024-02-20
J1	0.286676306334452	0.0240616799391598	0.350560533852564	6.81784427190747	1.97725389376393	11.7342584453441	11.7545714285714	0.00946607914004203		23G3B01	1	28	0.303761904761905	2024-02-20
J10	0.106461682002967	0.0158623480621257	0.152681705544324	11.4126220990299	4.5398181667464	3.78526539667744	3.73557142857143	0.00972284482012803		Mmlr14-006	1	28	0.120761904761905	2024-02-20
J11	0.181568104084053	0.0155101796430659	0.526038997725508	4.50696644285475	1.31767261278533	7.86612679517869	7.86557142857143	0.00733899498532097		Mcba15-005	1	28	0.190761904761905	2024-02-20
J12	0.173546578078195	0.0210317420854193	0.449695055552289	4.40571677998274	1.54137158503703	7.51578385588537	7.49457142857143	0.00741813626629092		Mmlr14-014	1	28	0.195761904761905	2024-02-20
J13	0.191882848487741	0.0167041154184083	0.479190190350985	4.90442356826858	1.44649701625204	8.23283136788863	8.21507142857143	0.00595992573292974		Mcba15-007	1	28	0.205761904761905	2024-02-20
J14	0.216638962739611	0.021048340808723	0.362863822990554	6.14335718936425	1.91021296873122	9.00675881605337	8.98507142857143	0.00893944790969367		Wood-18	1	28	0.240761904761905	2024-02-20
J15	0.194166842912561	0.0168796749744763	0.501402274091477	4.69016740291124	1.38241730517857	8.37411446413856	8.35557142857143	0.00728140734315221		Mcba15-009	1	28	0.205761904761905	2024-02-20
J16	0.181258698995962	0.0186150509865321	0.456136316845311	4.75206878439521	1.51960533498807	7.7960023634403	7.79857142857143	0.0126866026216811		Wood-21	1	28	0.205761904761905	2024-02-20
J17	0.175330149486796	0.0267492329272314	0.345320575350235	4.96531057683801	2.00725711132889	7.46122828861694	7.37457142857143	0.0142517068802183		Mmlr14-002	1	28	0.212761904761905	2024-02-20
J18	0.223882081017864	0.0380560100756041	0.365542840324583	4.33807459742847	1.89621325901081	9.66101550362075	9.63607142857143	0.0121677013105206		23G4A03	1	28	0.248761904761905	2024-02-20
J19	0.20203294796086	0.0241409265851765	0.437636968600171	4.56375555379497	1.58384055802473	8.71680631273463	8.65907142857143	0.0112244874831944		23G3B05	1	28	0.218761904761905	2024-02-20
J2	0.2659524814272	0.038706766735053	0.376655293466087	4.6993032370932	1.84026931941248	11.4048699192633	11.4030714285714	0.00993230645669007		23G3B08	1	28	0.277761904761905	2024-02-20
J20	0.14010918338689	0.0258478896961887	0.395369750816131	3.7591619272706	1.75316189245418	6.12627853394114	6.12707142857143	0.0159371787126171		23G4A04	1	28	0.185761904761905	2024-02-20
J21	0.235285332676932	0.0355254238734742	0.349298447014602	4.94381695250261	1.98439811709489	10.0202328211309	9.98507142857143	0.0112325279963444		23G3B06	1	28	0.255761904761905	2024-02-20
J22	0.299855438899027	0.0530116570352913	0.327559403250565	4.69607596592967	2.11609611472434	12.8068269669368	12.7770714285714	0.0112375158157868		24G4A10	1	28	0.327761904761905	2024-02-20
J23	0.235477256821374	0.0301739242645896	0.366272342853709	5.23520401544408	1.89243658191465	9.98197849802744	9.96707142857143	0.00701230124353251		23G3B07	1	28	0.245761904761905	2024-02-20
J24	0	0.0300418922206008	0	0.284912026961056	1.32468324587838	3.02026895781106	2.96357142857143	0.00778123799542798		24G2B02	1	28	0.0767619047619048	2024-02-20
J3	0	0.0107515826563344	0	2.19188864982421	1.71508913657489	1.65540108888292	1.65207142857143	0.00202879623793114		35G2B08	1	28	0.0407619047619048	2024-02-20
J4	0.277074631674108	0.0555730029833924	0.230004835667819	6.01175367885804	3.01362003345448	11.3642863050198	11.2890714285714	0.0147680514828343		35G3B09	1	28	0.303761904761905	2024-02-20
J5	0.255748611025066	0.0396258733285386	0.284992873880487	5.95230393479583	2.43215618384416	10.6025718893412	10.5295714285714	0.0149819528001175		35G3B01	1	28	0.283761904761905	2024-02-20
J6	0.318498431063751	0.0739520526769266	0.175027996541064	6.83312415620125	3.96020747684971	12.6321485772663	12.4730714285714	0.0254377568572603		35G3B10	1	28	0.352761904761905	2024-02-20
J7	0.310449069098222	0.0612795890313985	0.183190095008823	7.65699962489976	3.7837590538209	12.1528545045647	11.9980714285714	0.0245343777221101		35G3B02	1	28	0.340761904761905	2024-02-20
J8	0.237996732666157	0.0541208634308115	0.297929737278235	4.10513284178618	2.32654580537094	10.2407403427227	10.2015714285714	0.0134852237272222		35G3B11	1	28	0.264761904761905	2024-02-20
J9	0.236881539762116	0.047786496867006	0.301365394684497	4.56424884249138	2.30002247366726	10.1120290113667	10.0685714285714	0.0131479031266507		35G3B04	1	28	0.268761904761905	2024-02-20
K1	0.288899048614589	0.0231077842921826	0.3576359496223	6.82968739470102	1.93813620049097	11.8267212162461	11.8470714285714	0.00992978908460808		23G3B01	2	28	0.310761904761905	2024-02-20
K10	0.1749984177425	0.0179319900415008	0.119596780388846	18.1449913972528	5.79570100722035	5.10699829831784	5.08507142857143	0.00773842240420038		Mmlr14-006	2	28	0.177761904761905	2024-02-20
K11	0.189998731412192	0.0124689170255464	0.535445069600591	4.96017202219082	1.29452528356829	8.15342641287729	8.13607142857143	0.00539688512956179		Mcba15-005	2	28	0.197761904761905	2024-02-20
K12	0.174653538616328	0.0216707851427415	0.396174586803261	4.93307801931113	1.74960031170338	7.46338696314717	7.43807142857143	0.00750075173150969		Mmlr14-014	2	28	0.189761904761905	2024-02-20
K13	0.19480327029863	0.0131293988173442	0.499458691279858	5.26041354429106	1.38779681415446	8.2985961685147	8.27457142857143	0.00629559030825262		Mcba15-007	2	28	0.208761904761905	2024-02-20
K14	0.215169690986145	0.0205426844059692	0.368214776347392	6.10670781548327	1.88245346217718	8.95553105827612	8.94307142857143	0.00929310265442352		Wood-18	2	28	0.239761904761905	2024-02-20
K15	0.194554654870036	0.0158160095799852	0.46906546297892	5.16964508476217	1.47771949816543	8.2976771387414	8.29907142857143	0.00785690560045292		Mcba15-009	2	28	0.206761904761905	2024-02-20
K16	0.178224793524552	0.0154698553276195	0.433327384368677	5.43088758062648	1.59959237648875	7.54952580732791	7.57307142857143	0.0140507943087144		Wood-21	2	28	0.204761904761905	2024-02-20
K17	0.160985336477927	0.0157714083773608	0.368593423948256	6.0229216604084	1.88051966075567	6.71266232757821	6.63807142857143	0.0121645762273063		Mmlr14-002	2	28	0.190761904761905	2024-02-20
K18	0.22113579955959	0.0380673649814245	0.332528181088181	4.72291606784672	2.08447650449252	9.44448057140698	9.40307142857143	0.0143691738874251		23G4A03	2	28	0.254761904761905	2024-02-20
K19	0.182601657348418	0.0161318887847803	0.472967960512244	4.93482843384611	1.46552671307637	7.82806223536442	7.76457142857143	0.0123914592705708		23G3B05	2	28	0.198761904761905	2024-02-20
K2	0.249739106936117	0.0272925787316204	0.4061552777619	5.16568918593476	1.70660636094525	10.6262417829577	10.6170714285714	0.00894575928127623		23G3B08	2	28	0.258761904761905	2024-02-20
K20	0.128495133665207	0.0208873423782005	0.408694414821068	4.0111869595469	1.69600355528082	5.59657379318514	5.58857142857143	0.0147351563757234		23G4A04	2	28	0.173761904761905	2024-02-20
K21	0.214502902266553	0.0249574167485044	0.395107456846659	5.13140905648265	1.75432573733721	9.1282838854635	9.09107142857143	0.0111464624806282		23G3B06	2	28	0.236761904761905	2024-02-20
K22	0.288468595309018	0.0483117601659151	0.327163341383633	4.90157965186555	2.11865784726522	12.2709262294067	12.2330714285714	0.0101352925375202		24G4A10	2	28	0.312761904761905	2024-02-20
K23	0.212376436011791	0.0197128427811871	0.402569080847275	5.6628176257953	1.7218092832691	8.94002852163495	8.92207142857143	0.00678125645618383		23G3B07	2	28	0.222761904761905	2024-02-20
K24	0	0.0296434281962587	0	0.050199547566879	1.23796571062181	2.81036857954952	2.73957142857143	0.00970587745707272		24G2B02	2	28	0.0747619047619048	2024-02-20
K3	0	0.00684731987581997	0	3.29244185162295	1.69057811433312	1.46819613584974	1.46957142857143	0.00205713994643599		35G2B08	2	28	0.0377619047619048	2024-02-20
K4	0.262328750995985	0.0513711789971378	0.232209800998332	6.08320463352767	2.98500398165762	10.7498378012446	10.6780714285714	0.0151008133205389		35G3B09	2	28	0.287761904761905	2024-02-20
K5	0.241149376981527	0.031997070098569	0.267952626139015	7.00653102562449	2.58682734536939	9.75745056374721	9.66357142857143	0.0149001964516936		35G3B01	2	28	0.268761904761905	2024-02-20
K6	0.248702949990502	0.0470562542096032	0.288666410095171	5.04102070870796	2.4012048382471	10.5033233899683	10.4520714285714	0.0131462713755707		35G3B10	2	28	0.275761904761905	2024-02-20
K7	0.23804137987489	0.0268661131509524	0.336108826501865	6.13439016109234	2.0622700920236	9.88093357739749	9.82357142857143	0.0134671732777678		35G3B02	2	28	0.267761904761905	2024-02-20
K8	0.257668430587317	0.0409471586220172	0.303165779974035	5.49643051961435	2.28636352235833	10.8047407212564	10.7480714285714	0.0136075423365976		35G3B11	2	28	0.288761904761905	2024-02-20
K9	0.24045553077343	0.0391341846787165	0.261692515603529	6.25889506610488	2.64870846214831	9.8736786443305	9.78907142857143	0.0163878718500643		35G3B04	2	28	0.271761904761905	2024-02-20
L1	0.290041465423194	0.0253015384570683	0.339078820564211	6.92429780793784	2.04420665203029	11.8355819301081	11.8425714285714	0.010473366649036		23G3B01	3	28	0.308761904761905	2024-02-20
L10	0.170125470201815	0.0165131076616779	0.164505554611774	13.557462170518	4.21351839575109	5.75753470122369	5.70757142857143	0.00707171451022978		Mmlr14-006	3	28	0.187761904761905	2024-02-20
L11	0.198969268724266	0.0193636259516535	0.478094131882835	4.65884659566011	1.44981319438117	8.58094710142858	8.57407142857143	0.00689299820743925		Mcba15-005	3	28	0.208761904761905	2024-02-20
L12	0.199042747392501	0.0192491780836848	0.415569119628987	5.37658090360506	1.66794679349316	8.4351668739962	8.39307142857143	0.00907601017598961		Mmlr14-014	3	28	0.220761904761905	2024-02-20
L13	0.19347118914006	0.0172703376886729	0.477494222527657	4.86421403811839	1.45163469599844	8.30764581333257	8.28457142857143	0.00669166715752108		Mcba15-007	3	28	0.208761904761905	2024-02-20
L14	0.226616829911705	0.0227354183533621	0.364809534939068	6.0130405333056	1.90002484632348	9.44927803071583	9.42257142857143	0.00938292441725175		Wood-18	3	28	0.250761904761905	2024-02-20
L15	0.199030057041515	0.0183993137710456	0.438416698513304	5.20997830121975	1.58102367658542	8.47246447059195	8.47007142857143	0.00576832183333383		Mcba15-009	3	28	0.210761904761905	2024-02-20
L16	0.189902863959395	0.0186517257545667	0.412129461547342	5.37984457524966	1.68186758102059	8.04605296179251	8.06857142857143	0.0110538310888504		Wood-21	3	28	0.209761904761905	2024-02-20
L17	0.178049620028968	0.0202198534156372	0.410242578853362	5.00887076943385	1.68960321597361	7.6022363196445	7.56557142857143	0.0103626371599346		Mmlr14-002	3	28	0.198761904761905	2024-02-20
L18	0.229900978703719	0.0381804292540836	0.343730672533829	4.69470986441034	2.01654154239531	9.83446080123891	9.79657142857143	0.0145299050617557		23G4A03	3	28	0.263761904761905	2024-02-20
L19	0.199291857950779	0.0303082524468924	0.43636178389543	3.93797470669566	1.58846903221491	8.7058596420957	8.66007142857143	0.0103964094701289		23G3B05	3	28	0.211761904761905	2024-02-20
L2	0.233969376469462	0.0232608720562923	0.398047422273135	5.53628266706122	1.7413683440068	9.87365904121659	9.87057142857143	0.00865666172807089		23G3B08	3	28	0.243761904761905	2024-02-20
L20	0.135629059713739	0.0226295811936872	0.400601944808355	4.01427220183965	1.73026414260555	5.90394143717947	5.88207142857143	0.0142572326144577		23G4A04	3	28	0.168761904761905	2024-02-20
L21	0.229409035304681	0.0298486515069947	0.385449736055835	4.92924764323144	1.79828163239302	9.79785887123378	9.77707142857143	0.0115209116979798		23G3B06	3	28	0.249761904761905	2024-02-20
L22	0.2985631963713	0.0531993743371153	0.299341732952924	5.10685712331895	2.3155714832083	12.6105873442348	12.5565714285714	0.0115204974464535		24G4A10	3	28	0.323761904761905	2024-02-20
L23	0.219562797860262	0.027449558496451	0.392349653668513	4.95918598225621	1.76665679217234	9.37542380880362	9.34357142857143	0.00809712670821949		23G3B07	3	28	0.234761904761905	2024-02-20
L24	0	0.0313089424559961	0	0.0370657614368014	1.09572826745576	2.97070512356708	2.88157142857143	0.0111681641753435		24G2B02	3	28	0.0787619047619048	2024-02-20
L3	0	0.0132223378349102	0	2.06629888615307	1.85304375752388	1.88043864121828	1.88207142857143	0.00236140729186542		35G2B08	3	28	0.0467619047619048	2024-02-20
L4	0.249745854305671	0.0424389220246608	0.243008804965222	6.52706615501494	2.85235417975552	10.1663297659148	10.0905714285714	0.0152005155788057		35G3B09	3	28	0.276761904761905	2024-02-20
L5	0.256509710883238	0.0480533960202109	0.276497376188516	5.30716315921539	2.50688520128075	10.7586925157199	10.7090714285714	0.0125406700282112		35G3B01	3	28	0.280761904761905	2024-02-20
L6	0.246458236727205	0.0493047701009173	0.278458793131118	4.97725927525896	2.4892271232159	10.4057556188806	10.3590714285714	0.0133631934049706		35G3B10	3	28	0.275761904761905	2024-02-20
L7	0.257694124907258	0.0501453903947182	0.291879527753769	4.86652693431246	2.37477148840903	10.9241844161051	10.8865714285714	0.0122168813297079		35G3B02	3	28	0.284761904761905	2024-02-20
L8	0.237670737024264	0.0338900138360724	0.307882487475977	5.82665207830032	2.25133682088375	9.90461390635825	9.84107142857143	0.0132558104222424		35G3B11	3	28	0.264761904761905	2024-02-20
L9	0.258849185074212	0.0452455816891781	0.329457275847744	4.71082919501406	2.10390612493341	11.0544187082436	10.9995714285714	0.0139741976600672		35G3B04	3	28	0.289761904761905	2024-02-20
M1	0.189070219472855	0.0291988645044437	0.182127754314248	9.33542306661349	3.80582950231722	7.13708406923646	7.12807142857143	0.00972408160252585		36G1B07	1	28	0.206761904761905	2024-02-20
M10	0.220073190621882	0.0266156395062472	0.383022767453675	5.17869768718037	1.80967618496407	9.34975748005917	9.35707142857143	0.0058881099889162		41G1B04	1	28	0.234761904761905	2024-02-20
M11	0.259785012364484	0.0442262860853178	0.295437248358821	5.36125377834587	2.34617396557285	10.9128098694828	10.8800714285714	0.0108717146739435		Wood-51	1	28	0.289761904761905	2024-02-20
M13	0.214583761180224	0.0305665991276456	0.351364626543091	5.10899791455462	1.97272897781285	9.10986340756092	9.11457142857143	0.00782878878284437		Napa-12	1	28	0.227761904761905	2024-02-20
M15	0.22021504495382	0.0405248913485954	0.31558661627394	4.71920396952886	2.19637698437208	9.38917212705334	9.38807142857143	0.00863750485252819		Napa-18	1	28	0.242761904761905	2024-02-20
M17	0.201926571879306	0.0257478708553075	0.385874791135061	4.98386246619594	1.79630075994608	8.61472093019704	8.60107142857143	0.00829760233859678		S.11	1	28	0.223761904761905	2024-02-20
M19	0.1646615517014	0.0421828843699943	0.404075050382968	2.63793152894492	1.71539217752495	7.34878609573851	7.32657142857143	0.00671802050049004		23G4B04	1	28	0.172761904761905	2024-02-20
M2	0.27649080738779	0.0454622990684071	0.323041757348052	5.03234547232801	2.14568910920434	11.7264118009964	11.6990714285714	0.0106019662768114		25G2A02	1	28	0.307761904761905	2024-02-20
M21	0.224046710129642	0.0261658009929016	0.357018666134665	5.66696455997294	1.94148722828541	9.40664269433412	9.39757142857143	0.00653460018555408		23G4B10	1	28	0.242761904761905	2024-02-20
M23	0.280426053001794	0.0472552159165493	0.270519368495234	5.90053260341059	2.56228300552223	11.6145025520212	11.5575714285714	0.0125000942186738		25D05	1	28	0.309761904761905	2024-02-20
M3	0.252952282895747	0.0545827506255192	0.307879061451507	4.19130063460897	2.25136187336702	10.8818068710104	10.8650714285714	0.0076004717819832		36G1B08	1	28	0.271761904761905	2024-02-20
M4	0.15303131067015	0.0166284733188893	0.290377324672918	7.24745316495065	2.38705684522959	6.17579769560522	6.17107142857143	0.0055696944840389		37G2B01	1	28	0.159761904761905	2024-02-20
M5	0.220632962973529	0.0370288930446745	0.401129824343022	3.99143381304623	1.72798714654338	9.60868969057241	9.61007142857143	0.00527385742192207		36G4B07	1	28	0.236761904761905	2024-02-20
M6	0.167222386858435	0.0146424804719605	0.619682244059896	3.78219891285421	1.11855259240403	7.3694780569596	7.28707142857143	0.0120960233622338		40G1B01	1	28	0.178761904761905	2024-02-20
M7	0.183787743745745	0.0302419526788798	0.290787770067635	5.5874726552672	2.38368752715674	7.68127672623483	7.67557142857143	0.00684204255741788		37G2A11	1	28	0.197761904761905	2024-02-20
M8	0.170302339868189	0.0166440417169085	0.651838919365462	3.40985929251219	1.06337188524229	7.56693580725063	7.45007142857143	0.0125186463816685		40G3B03	1	28	0.191761904761905	2024-02-20
M9	0.216904125978026	0.027799154388182	0.314668697768225	6.09306447438906	2.20278402483648	8.99524752795593	8.96157142857143	0.00976705484360254		Wood-3	1	28	0.242761904761905	2024-02-20
N1	0.193667805670131	0.0272263580381099	0.203713568790052	8.88727266844199	3.40255774162155	7.43117559382672	7.43357142857143	0.00800468076870779		36G1B07	2	28	0.210761904761905	2024-02-20
N10	0.243753163216691	0.0320977766247596	0.396257869889929	4.75996263222703	1.74923259127317	10.4530405104141	10.4330714285714	0.00643558235623586		41G1B04	2	28	0.262761904761905	2024-02-20
N11	0.246901480753014	0.033402426095587	0.300264614613533	6.17789702684503	2.30845443260801	10.2064179515795	10.1595714285714	0.0105994677679973		Wood-51	2	28	0.277761904761905	2024-02-20
N13	0.220165440562805	0.0289759667741873	0.35059066834232	5.38176957231205	1.97708394190102	9.29444410187971	9.29557142857143	0.00792689616588736		Napa-12	2	28	0.242761904761905	2024-02-20
N15	0.239501653965539	0.0291869374386955	0.319476676593233	6.18162120269576	2.16963312612169	9.91814868111024	9.89857142857143	0.0110787000109803		Napa-18	2	28	0.271761904761905	2024-02-20
N17	0.216781823072059	0.030993929456453	0.371037044615763	4.82651080470138	1.86813470681277	9.26908488035596	9.23057142857143	0.010797239431063		S.11	2	28	0.240761904761905	2024-02-20
N19	0.162109927354757	0.0279238614272928	0.449457006917786	3.49253831343241	1.54218795099736	7.14691590337553	7.12657142857143	0.0122006509259154		23G4B04	2	28	0.184761904761905	2024-02-20
N2	0.273803017906126	0.0390032756005751	0.329194759457963	5.4529645643261	2.10558388505713	11.5216896286363	11.4770714285714	0.011900869451211		25G2A02	2	28	0.306761904761905	2024-02-20
N21	0.254246011641903	0.0326700380042993	0.336396315111887	5.69063052089262	2.06050764952464	10.6530395596467	10.6725714285714	0.00792281911199896		23G4B10	2	28	0.265761904761905	2024-02-20
N23	0.303350434850251	0.057032487105389	0.30713369196702	4.76340484776081	2.25682560620661	12.910141517056	12.9150714285714	0.00919902056151397		25D05	2	28	0.324761904761905	2024-02-20
N3	0.26081629755219	0.0571304151050618	0.299815937791242	4.24007604766563	2.31190905215511	11.1982260717404	11.1675714285714	0.0102625438299549		36G1B08	2	28	0.287761904761905	2024-02-20
N4	0.176025386712579	0.0236263301835487	0.293220783149236	6.35746435364331	2.36390876906964	7.24362529330541	7.24857142857143	0.00715646990704583		37G2B01	2	28	0.191761904761905	2024-02-20
N5	0.233846479771187	0.0404057642958921	0.359567113182443	4.35523320337169	1.92772685584358	10.0828067889453	10.0745714285714	0.00884742717962586		36G4B07	2	28	0.257761904761905	2024-02-20
N6	0.178977887928854	0.0173498395666104	0.54352515947241	4.10600024536401	1.27528076387995	7.82247936426933	7.78857142857143	0.0131321077452969		40G1B01	2	28	0.198761904761905	2024-02-20
N7	0.188600339356597	0.0276547712095205	0.279471801249588	6.302131175718	2.48020436216001	7.75723187877407	7.74507142857143	0.00729982623516794		37G2A11	2	28	0.205761904761905	2024-02-20
N8	0.182895567708368	0.0224656567351878	0.57764054812575	3.40327455545687	1.19996281910779	8.11504709716078	8.06157142857143	0.0109280557479941		40G3B03	2	28	0.193761904761905	2024-02-20
N9	0.235781920289684	0.0298861123076108	0.303505050785683	6.35895958952402	2.28380772829182	9.71291323349989	9.68907142857143	0.00932389752692789		Wood-3	2	28	0.260761904761905	2024-02-20
O1	0.179888814252498	0.023905443533214	0.187522561076727	10.0022269157651	3.69634019810734	6.69936070592096	6.70357142857143	0.00878641454438951		36G1B07	3	28	0.199761904761905	2024-02-20
O10	0.263415790099358	0.0291236002137129	0.388554094062101	5.36610009674581	1.78391423781823	11.1510119912646	11.1255714285714	0.00804930641138834		41G1B04	3	28	0.285761904761905	2024-02-20
O11	0.247697407521835	0.0276553369892495	0.271775275189946	7.63130504593973	2.55044238323556	9.8913362959642	9.81207142857143	0.0143036934626888		Wood-51	3	28	0.281761904761905	2024-02-20
O13	0.206028251241672	0.0193600796837432	0.330942205857624	6.84747765350061	2.09446594689753	8.4171492195015	8.38507142857143	0.00930945874066775		Napa-12	3	28	0.229761904761905	2024-02-20
O15	0.274866140316328	0.0408384266045835	0.281965853936941	6.19158686033406	2.45826638538637	11.3349298409042	11.2700714285714	0.0164614928043241		Napa-18	3	28	0.310761904761905	2024-02-20
O17	0.220516816193016	0.0292938578381829	0.358102279121208	5.23890048714275	1.93561231238445	9.34177031323932	9.31857142857143	0.0136035656401252		S.11	3	28	0.244761904761905	2024-02-20
O19	0.152001319195139	0.0291558935740601	0.325109322604249	4.42395738757102	2.13204338469157	6.52404807262342	6.53357142857143	0.0053165974379646		23G4B04	3	28	0.158761904761905	2024-02-20
O2	0.305064414567492	0.0521403896338695	0.299605788954501	5.27075685392354	2.31353066634239	12.8443256235331	12.7735714285714	0.0161761863738392		25G2A02	3	28	0.338761904761905	2024-02-20
O21	0.237695285331248	0.0327051313412188	0.314283013596931	5.84005460657791	2.20548725375565	9.90926687872654	9.85107142857143	0.0146743148857902		23G4B10	3	28	0.272761904761905	2024-02-20
O23	0.27682112548511	0.0340832885524915	0.314399618361341	6.24420226218374	2.20466928100182	11.4432034197817	11.4030714285714	0.0084710366796478		25D05	3	28	0.298761904761905	2024-02-20
O3	0.2453967063745	0.0363905511542948	0.301500176340308	5.79785579661043	2.29899427911969	10.2256255221747	10.1700714285714	0.0113061378774961		36G1B08	3	28	0.265761904761905	2024-02-20
O4	0.190375345199637	0.0296946334703088	0.259647270432647	6.50287175329898	2.6695723756501	7.77570929971428	7.76707142857143	0.00699794329491473		37G2B01	3	28	0.201761904761905	2024-02-20
O5	0.217497793272423	0.0226884992129392	0.371366110990403	5.78987388379303	1.8664793583652	9.11608757067518	9.09707142857143	0.00769553008127529		36G4B07	3	28	0.236761904761905	2024-02-20
O6	0.20552647497481	0.0232827741506956	0.452682746929874	4.54541517332968	1.53119858280643	8.87648093952087	8.86057142857143	0.0164675926105923		40G1B01	3	28	0.232761904761905	2024-02-20
O7	0.183047362973806	0.0261451003754107	0.242006967192694	7.40458547225809	2.86416208839161	7.31435101085804	7.26007142857143	0.0131663391988977		37G2A11	3	28	0.210761904761905	2024-02-20
O8	0.196695276639957	0.0195524228150995	0.548236076992057	4.01990561254356	1.2643224509466	8.61311301065952	8.57307142857143	0.0144342032116741		40G3B03	3	28	0.220761904761905	2024-02-20
O9	0.231938928754924	0.0227581622258687	0.28397729400823	7.81145174758972	2.4408542344229	9.23694757954301	9.19207142857143	0.0119425074370731		Wood-3	3	28	0.264761904761905	2024-02-20
A1	0.319887088875614	0.0230267246562311	0.357062385882212	7.16011120805289	1.941249506994	12.9972253238833	13.1692142857143	0.0402842124693699		02D05	1	34	0.403619047619048	2024-02-20
A10	0.350422423059111	0.0361527183094877	0.289262491575982	7.47590673342324	2.39625668984419	14.0686503969591	14.0987142857143	0.0179980249997601		26G1B06	1	34	0.388619047619048	2024-02-20
A11	0.170403289892975	0.0428338213283366	0.0360416030087188	30.2798146620294	19.2318632551462	3.65525764852134	3.63121428571429	0.00823971452235764		25G4A05	1	34	0.115619047619048	2024-02-20
A12	0.279796476875743	0.0343039979234714	0.338573028968637	5.81264376614033	2.04726047633331	11.6957843142855	11.7062142857143	0.0212899685603528		26G3B01	1	34	0.322619047619048	2024-02-20
A13	0.268703446427244	0.0421860898166668	0.363590048182387	4.62259910168166	1.90639755962804	11.5294409142353	11.5692142857143	0.018131800532174		26G1A06	1	34	0.307619047619048	2024-02-20
A14	0.294225324073602	0.0501738730924631	0.283712770255098	5.5756553764957	2.44313000058724	12.288428098388	12.2942142857143	0.019269952444017		Grass-36	1	34	0.339619047619048	2024-02-20
A15	0	0.00166058219389999	0	4.46257839095985	1.7129320830281	0.507794780176269	0.501214285714285	0.00252914705337721		41G3A07	1	34	0.0186190476190476	2024-02-20
A16	0.297847572207903	0.0437099755861271	0.279522385049728	6.297526005579	2.47975553169608	12.2518792528137	12.2167142857143	0.0206149794484213		Grass-39	1	34	0.342619047619048	2024-02-20
A17	0.342284842267451	0.0323575160074725	0.27632852731554	8.17683042893093	2.50841701829952	13.5078794745399	13.4612142857143	0.0221630797369547		Desert-26	1	34	0.388619047619048	2024-02-20
A18	0.287292284094562	0.0273783656023821	0.358727894587429	6.27382872219256	1.93223663678881	11.9074010764062	11.9002142857143	0.0189515008880966		Grass-40	1	34	0.331619047619048	2024-02-20
A19	0.301401342289122	0.0351740375831244	0.351016782771549	5.76622637545417	1.97468387433504	12.6227642655245	12.6332142857143	0.0194950707865521		Grass-31	1	34	0.343619047619048	2024-02-20
A2	0.248055293584142	0.0176233457185326	0.439910308255805	5.84376189696709	1.57565569060701	10.4155224915777	10.3397142857143	0.0386601141432088		08G1B09	1	34	0.328619047619048	2024-02-20
A20	0.265427501960944	0.0202467320358288	0.382716560142001	6.51657815485804	1.81112408698166	10.9558118810494	10.9612142857143	0.0144603037008629		Grass-42	1	34	0.292619047619048	2024-02-20
A21	0.302565656189451	0.0217347904447485	0.434194287088506	5.89330269864102	1.59639866569376	12.688093779352	12.7622142857143	0.0339783406224755		Grass-34	1	34	0.382619047619048	2024-02-20
A22	0.27698968392001	0.025150255682924	0.452095448583987	5.09610003659084	1.5331876990378	11.8256175927698	11.7992142857143	0.0176569466454629		09G3B12	1	34	0.303619047619048	2024-02-20
A23	0.15276010342617	0.0332627887414436	0.202621217107231	6.31155315896099	3.42090127803901	6.183349507318	6.13171428571429	0.00822083412309271		04G2A10	1	34	0.166619047619048	2024-02-20
A24	0.326515635037458	0.0456666631347057	0.272302153810938	6.67070925833353	2.54550752118253	13.3140188486374	13.2572142857143	0.0243860690960713		12G2A10	1	34	0.368619047619048	2024-02-20
A3	0.284798867849182	0.0441236964930234	0.2916803414769	5.81613147280672	2.37639320171613	11.8495588531366	11.7967142857143	0.0289190281333401		02G1B04	1	34	0.365619047619048	2024-02-20
A4	0.283793869697514	0.03911344667128	0.35298538741852	5.1942281921966	1.96367103360601	12.0287891870329	11.9082142857143	0.0346395687312931		08G4B02	1	34	0.355619047619048	2024-02-20
A5	0.308793337926032	0.0389492449474602	0.361232074091833	5.35828657164089	1.91884173713692	13.0522217839397	13.1327142857143	0.0236742951023464		02G2A03	1	34	0.360619047619048	2024-02-20
A6	0.312690502936676	0.0285108575095932	0.39418113718774	5.83315992473275	1.75844837605665	13.1093284554632	13.0957142857143	0.015184277807664		09G1A07	1	34	0.347619047619048	2024-02-20
A7	0	0.0116947161117479	0	-0.0702618925879606	2.04870158090531	1.06295784794714	1.04571428571429	0.00313810371124305	questionable fit	04G1A01	1	34	0.0276190476190476	2024-02-20
A8	0.323912964499104	0.0366790662001224	0.323901350177332	6.35406635482971	2.13999472425927	13.3694769118589	13.3562142857143	0.0193478088607161		26G1B04	1	34	0.366619047619048	2024-02-20
A9	0.33752725205667	0.0577863726382799	0.271039015084023	5.81875920401874	2.55737049643966	14.0034845873115	14.0187142857143	0.0162976514644372		25G3A08	1	34	0.371619047619048	2024-02-20
B1	0.281372989365868	0.0235610453701958	0.301633711435972	7.93225558298071	2.2979765002397	11.1924096121574	11.2892142857143	0.023985772122761		02D05	2	34	0.331619047619048	2024-02-20
B10	0.262589574173926	0.0198605773179775	0.363088262132624	6.89421585660933	1.90903219092982	10.7370724185168	10.6907142857143	0.0131660727194924		26G1B06	2	34	0.287619047619048	2024-02-20
B11	0	0.0291835971489025	0	4.65975129214459	8.7473487556586	2.64967785941514	2.62221428571429	0.00476196034299674		25G4A05	2	34	0.0736190476190476	2024-02-20
B12	0.234041037807763	0.0199675506692685	0.42358234422975	5.60035350113146	1.63639299418954	9.87398443582138	9.87021428571428	0.0134473409264541		26G3B01	2	34	0.258619047619048	2024-02-20
B13	0.214229177072918	0.0232009695297789	0.461106354664214	4.5721057873382	1.50322625908009	9.2502673508694	9.25021428571429	0.0122736645447205		26G1A06	2	34	0.243619047619048	2024-02-20
B14	0.235976614435203	0.0325695093120745	0.326166100781278	5.61625765785668	2.12513556405654	9.894118212797	9.83371428571428	0.0159271726636503		Grass-36	2	34	0.264619047619048	2024-02-20
B15	0	0.00116485209833631	0	18.7125688497478	3.02600243686553	2.50972077751629	2.49221428571429	0.00322153160840895		41G3A07	2	34	0.0956190476190476	2024-02-20
B16	0.244436875377329	0.029864186771157	0.352662447064354	5.59171688494055	1.965469208105	10.2758291704143	10.2252142857143	0.0147625034858664		Grass-39	2	34	0.276619047619048	2024-02-20
B17	0.288868880096157	0.0272052172062666	0.303634371118322	7.45518755780695	2.28283503612256	11.6180359693571	11.5542142857143	0.0151279574364065		Desert-26	2	34	0.322619047619048	2024-02-20
B18	0.245022527209333	0.0191035645019873	0.407803707224313	6.05757470649576	1.69970789446178	10.2280670526975	10.2137142857143	0.0116833981941767		Grass-40	2	34	0.264619047619048	2024-02-20
B19	0.24369829838703	0.0190408955971276	0.416386470692115	5.92715588836904	1.66467267634273	10.20546628979	10.1957142857143	0.0119477360954494		Grass-31	2	34	0.265619047619048	2024-02-20
B2	0.266460930939062	0.0261474220166619	0.374384654464828	5.92490565628658	1.85143053352648	11.1378590575032	11.1067142857143	0.03577420060814		08G1B09	2	34	0.362619047619048	2024-02-20
B20	0.229601085316711	0.0168062262909346	0.409633452965521	6.19719690806333	1.69211565984648	9.55536238058369	9.53921428571429	0.0120195859532637		Grass-42	2	34	0.249619047619048	2024-02-20
B21	0.252508215604208	0.0232966858888972	0.386879420948473	5.90968154421643	1.79163621280405	10.5649728807036	10.5637142857143	0.0129149423949747		Grass-34	2	34	0.268619047619048	2024-02-20
B22	0.256511557436969	0.0249664707772094	0.430840157222326	5.1695293956055	1.60882677471093	10.9255448335759	10.8757142857143	0.0152992733615601		09G3B12	2	34	0.281619047619048	2024-02-20
B23	0.126561138953393	0.034094611105033	0.139448731386785	7.15465367321358	4.97062378170644	4.88760717077353	4.84471428571429	0.010628523010832		04G2A10	2	34	0.135619047619048	2024-02-20
B24	0.286134161670528	0.034991790064265	0.284963926215756	6.91633694717579	2.4324032510527	11.6244712816516	11.5647142857143	0.0172694640923497		12G2A10	2	34	0.315619047619048	2024-02-20
B3	0.274313358067403	0.0399619081640436	0.255454292096319	6.92450767710599	2.71339023068203	11.0985130484282	10.9717142857143	0.0357007417919853		02G1B04	2	34	0.380619047619048	2024-02-20
B4	0.240915143155073	0.0198490923822307	0.386179684223207	6.24140353658732	1.79488256083227	10.006638342717	9.92571428571429	0.0296843924533452		08G4B02	2	34	0.318619047619048	2024-02-20
B5	0.263014189509354	0.0292039140336456	0.359826370578802	5.78114175467429	1.92633791527001	11.0181279132	11.0092142857143	0.0177901941965065		02G2A03	2	34	0.311619047619048	2024-02-20
B6	0.249620263310896	0.0124060695869095	0.532888751585647	5.53732399026709	1.30073524445288	10.575665143338	10.5227142857143	0.015967266888579		09G1A07	2	34	0.277619047619048	2024-02-20
B7	0	0.00592578072359649	0	1.79434460844633	1.84035681626391	0.792815574967938	0.782214285714286	0.0027754243856927		04G1A01	2	34	0.0216190476190476	2024-02-20
B8	0.279008914318179	0.0194395203970472	0.399225865667147	6.491853799819	1.73622813592407	11.5306703534926	11.4927142857143	0.0138407793542873		26G1B04	2	34	0.306619047619048	2024-02-20
B9	0.256167831368053	0.0310347349696762	0.342768072574679	5.78112392986948	2.02220462178235	10.718604699023	10.6797142857143	0.0106763925559332		25G3A08	2	34	0.277619047619048	2024-02-20
C1	0.30085756557573	0.0242017446591427	0.291335835021381	8.3626838619148	2.37920330160921	11.8385927889623	12.0082142857143	0.034397637310268		02D05	3	34	0.343619047619048	2024-02-20
C10	0.252061343224818	0.0311945067956402	0.410796709286044	4.76468752183298	1.68732408242661	10.8168878427967	10.7817142857143	0.0119167000436557		26G1B06	3	34	0.278619047619048	2024-02-20
C11	0.0896970289324172	0.034691178660559	0.0936724910794221	4.92091227087128	7.39968770524365	3.41260284077878	3.37421428571429	0.00605359158951088		25G4A05	3	34	0.0926190476190476	2024-02-20
C12	0.224021518255277	0.0219862641596772	0.48649382157474	4.55920344112744	1.42478105542283	9.68410548089701	9.68271428571428	0.0105736059459306		26G3B01	3	34	0.238619047619048	2024-02-20
C13	0.20812244873888	0.0318445204527938	0.481927193852493	3.55073667643037	1.43828194258758	9.17917373221968	9.14871428571429	0.00790561345707645		26G1A06	3	34	0.220619047619048	2024-02-20
C14	0.232700841971752	0.0311385656144805	0.429219650331292	4.35127164642675	1.61490085559909	10.0792133246888	10.0382142857143	0.0114845592536791		Grass-36	3	34	0.263619047619048	2024-02-20
C15	0.138014222663022	0.00175114906490982	0.493701789119456	8.81972740819457	1.4039794787785	5.40386519472896	5.36421428571429	0.00789898479175141		41G3A07	3	34	0.155619047619048	2024-02-20
C16	0.241899305143574	0.0371231511782974	0.350406266167551	4.87341928377957	1.97812438727482	10.3172767012229	10.2552142857143	0.0131288910423607		Grass-39	3	34	0.280619047619048	2024-02-20
C17	0.270580567724438	0.027792841949749	0.31824294987988	6.81054836307634	2.1780441037942	11.0529166736294	10.9877142857143	0.0135894503592371		Desert-26	3	34	0.301619047619048	2024-02-20
C18	0.234260820159459	0.0211651641898098	0.430531635793322	5.36402979574445	1.6099796691658	9.93641249019795	9.92021428571429	0.00979629970343932		Grass-40	3	34	0.249619047619048	2024-02-20
C19	0.236045968727466	0.0218314593410504	0.451065713418701	5.06273433508129	1.53668780388221	10.0843821926384	10.0637142857143	0.00932319692341138		Grass-31	3	34	0.249619047619048	2024-02-20
C2	0.255702719518682	0.0461143271163396	0.248621615006986	6.0896631451649	2.78796025253262	10.5120837430079	10.3572142857143	0.0366609275772266		08G1B09	3	34	0.345619047619048	2024-02-20
C20	0.225374947382576	0.0173326048674055	0.4352296158161	5.70997959768581	1.5926011359779	9.48967239475776	9.45921428571429	0.0107098603582868		Grass-42	3	34	0.247619047619048	2024-02-20
C21	0.254056979037373	0.0280026225441746	0.395441967554577	5.28137499073199	1.75284172503587	10.777935995078	10.7707142857143	0.0123003259757959		Grass-34	3	34	0.275619047619048	2024-02-20
C22	0.258124477822424	0.0266864320711468	0.434729430437196	4.96896872262238	1.59443353044413	11.0425657358692	11.0082142857143	0.0121773914728967		09G3B12	3	34	0.279619047619048	2024-02-20
C23	0.119436429420173	0.0218512974976384	0.227676253808114	6.57277523722369	3.04444213643875	4.84196387176207	4.79871428571429	0.00563985508372635		04G2A10	3	34	0.130619047619048	2024-02-20
C24	0.311188153016924	0.0461811744911167	0.283652808175604	6.15958620130776	2.44364645997381	12.8440130813341	12.7942142857143	0.0162852726992301		12G2A10	3	34	0.344619047619048	2024-02-20
C3	0.261090496768682	0.0381900195035576	0.297145138236475	5.93700162851992	2.33268895016658	10.84329912915	10.7547142857143	0.0353496234274092		02G1B04	3	34	0.359619047619048	2024-02-20
C4	0.234087455538045	0.0285851389523885	0.366405363371997	5.38357387270078	1.8917495480442	9.89276531027381	9.79771428571429	0.0302906522759288		08G4B02	3	34	0.304619047619048	2024-02-20
C5	0.26157297534615	0.029409631847272	0.398288261829675	5.18749647980562	1.74031536198364	11.1202628406043	11.0987142857143	0.0153019295520519		02G2A03	3	34	0.303619047619048	2024-02-20
C6	0.255132873224676	0.0246011430718294	0.492911187270302	4.5395512629586	1.40623138297699	11.035706183704	11.0012142857143	0.0150596630653549		09G1A07	3	34	0.280619047619048	2024-02-20
C7	0	0	0	0	0	0	0	0	cannot fit data	04G1A01	3	34	0.0966190476190476	2024-02-20
C8	0.275253582785309	0.0295319464034348	0.387242008806414	5.47132460140786	1.78995864290761	11.6254986006774	11.5752142857143	0.0133743208933952		26G1B04	3	34	0.302619047619048	2024-02-20
C9	0.267835669994106	0.0461510633828888	0.350261274204837	4.48047156166537	1.9789432392534	11.5114686794642	11.4807142857143	0.0108717184923476		25G3A08	3	34	0.290619047619048	2024-02-20
D1	0.212498096311168	0.0547446529307748	0.148464550688934	7.12866218766993	4.66877229172534	8.26200703000281	8.00021428571429	0.0329037173704819		16G1A05	1	34	0.299619047619048	2024-02-20
D10	0.179001103161595	0.0278494094157835	0.650139357147173	2.60170707717355	1.06615169953945	8.07978445684545	8.02071428571429	0.0140819300726708		30G3A09	1	34	0.201619047619048	2024-02-20
D11	0.108581985756457	0.0344508544759192	0.552184910107076	1.38776296630788	1.25528091744763	4.98619744073148	4.93671428571429	0.00611121281466058		28G1A08	1	34	0.115619047619048	2024-02-20
D12	0.26371209134927	0.0463499622825032	0.3892417328391	3.97014027930295	1.780762755073	11.4802498746012	11.5017142857143	0.00977142266298799		32G4B12	1	34	0.287619047619048	2024-02-20
D13	0.191451742438106	0.0172455125413101	0.476419749718222	4.85430728038222	1.45490857792924	8.22238454819731	8.22721428571429	0.00751772769131268		Grass-43	1	34	0.204619047619048	2024-02-20
D14	0.220249190468136	0.023648473151565	0.404756049006881	5.23247597866858	1.71250604471673	9.35770509516196	9.34071428571428	0.0105187034290512		Grass-53	1	34	0.239619047619048	2024-02-20
D15	0.237866164631097	0.0278271698014849	0.458484823571317	4.40860902001353	1.51182142772088	10.3043693432717	10.3082142857143	0.00948322542879592		Grass-44	1	34	0.250619047619048	2024-02-20
D16	0.244811454178323	0.0301310034475457	0.399385033996007	4.91654875167673	1.73553619078995	10.4668161715133	10.4627142857143	0.00951000478081263		Grass-54	1	34	0.256619047619048	2024-02-20
D17	0.225900552635678	0.0226832198295002	0.432356160638647	5.07139893993099	1.60318562255728	9.64230571054657	9.62321428571429	0.0104204746596183		Grass-45	1	34	0.244619047619048	2024-02-20
D18	0.252448086096852	0.0348636097276198	0.380433470589136	4.81330831743952	1.82199315819016	10.8037774567879	10.8062142857143	0.0101297395499701		Grass-55	1	34	0.274619047619048	2024-02-20
D19	0.258197733622171	0.0276362176454006	0.418174519320502	5.07297901566241	1.65755479718432	11.0137603799684	11.0227142857143	0.0109212127590005		Grass-51	1	34	0.274619047619048	2024-02-20
D2	0.300292250712765	0.0771617386784123	0.13711670790157	7.74415569827098	5.05516206717512	11.4468328381019	11.2642142857143	0.0380088327963635		19G2B10	1	34	0.367619047619048	2024-02-20
D20	0.263287025851371	0.0261540217045309	0.401472930156067	5.49132468143865	1.7265103783971	11.1233702801494	11.1292142857143	0.0114133664525635		Grass-57	1	34	0.278619047619048	2024-02-20
D21	0.103069098001482	0.0108896088203183	0.341033477104497	6.26310545397149	2.03249014274208	4.26803715009163	4.23421428571429	0.00661130721558514		18G1A07	1	34	0.112619047619048	2024-02-20
D22	0.2958770835792	0.0288210797349763	0.359193953678127	6.19818711084358	1.92972953320109	12.2837786708717	12.2537142857143	0.0139086102658913		19G3B08	1	34	0.323619047619048	2024-02-20
D23	0	0.00884759204677909	0	8.10519855069625	3.82620290943984	1.83167466979219	1.82571428571429	0.00119043428291265		18G4B09	1	34	0.0486190476190476	2024-02-20
D24	0.291663296193598	0.0355115846928003	0.362489236379815	5.45095059679325	1.91218693134841	12.305533225337	12.2947142857143	0.0118331284309076		19G4A01	1	34	0.309619047619048	2024-02-20
D3	0	0.00972322809499937	0	6.7331596009264	3.95945473866295	1.64222611142539	1.64971428571429	0.00237361172477782		16G2A12	1	34	0.0446190476190476	2024-02-20
D4	0	0.0121369508232166	0	4.19379459497988	2.34239341799462	2.32433363613011	2.30321428571429	0.0035907427850869		19G3B07	1	34	0.0636190476190476	2024-02-20
D5	0.212751954255838	0.034210124400518	0.499638152519385	3.30699581486929	1.38729834193968	9.4338774072184	9.42071428571428	0.0091593690550777		26G3B03	1	34	0.237619047619048	2024-02-20
D6	0.270902306754572	0.0406876012689333	0.427347095428549	4.05545980122853	1.62197704857418	11.8015100354318	11.7802142857143	0.0097624742787441		28G3A04	1	34	0.287619047619048	2024-02-20
D7	0.214195857663331	0.0336526923207725	0.426515439473213	3.9386073151464	1.62513971690227	9.35193138853456	9.35521428571429	0.0101835590295108		26G3B10	1	34	0.227619047619048	2024-02-20
D8	0.155801034855608	0.0279204167654521	0.53727863448631	2.83230870344094	1.29010747137314	6.97990667752433	6.98421428571429	0.00650381668347167		28G4A10	1	34	0.167619047619048	2024-02-20
D9	0.214542131870221	0.0314867437941084	0.197318963740042	8.92069426801095	3.51282597182668	8.21207322252747	8.16421428571429	0.0109407610505093		28D10	1	34	0.229619047619048	2024-02-20
E1	0.253924666482557	0.0522029427522481	0.163560978938173	8.2645034484807	4.2378517483804	9.73485667835335	9.54271428571429	0.0211327915068928		16G1A05	2	34	0.306619047619048	2024-02-20
E10	0.139251681195515	0.0167500188579161	0.778829109543733	2.55476482773614	0.889986226845087	6.30541117440097	6.12821428571429	0.0183259654759601		30G3A09	2	34	0.175619047619048	2024-02-20
E11	0.10796856024714	0.037198273143966	0.611747378222549	1.05137663434918	1.13306113803692	4.99442487287504	4.90771428571429	0.00860060307719345		28G1A08	2	34	0.119619047619048	2024-02-20
E12	0.209328666193677	0.0308634515141648	0.434867106726099	4.03530410645318	1.59392874245723	9.12628813694944	9.15821428571429	0.00977097691749017		32G4B12	2	34	0.224619047619048	2024-02-20
E13	0.17885935653668	0.0194865890526988	0.48359774876402	4.34559388492148	1.43331349728466	7.76533518462409	7.79271428571429	0.00799038836221287		Grass-43	2	34	0.192619047619048	2024-02-20
E14	0.187386722182971	0.0186610228694474	0.393638286964227	5.59355473834678	1.7608733792273	7.89646833896654	7.90071428571429	0.0090345451131537		Grass-53	2	34	0.203619047619048	2024-02-20
E15	0.202175467020937	0.0260626642128596	0.416211820000023	4.59050133296744	1.66537120584395	8.70929651552888	8.72121428571429	0.00840540976271858		Grass-44	2	34	0.214619047619048	2024-02-20
E16	0.227817794001023	0.0335472366077935	0.360707554154583	4.86903392885699	1.92163200514202	9.72539359543849	9.73921428571428	0.00992854188460753		Grass-54	2	34	0.244619047619048	2024-02-20
E17	0.232301420336575	0.0333447149448677	0.383966399700988	4.65193817535648	1.80522874162877	9.97607181000467	9.98321428571429	0.0126274240983735		Grass-45	2	34	0.256619047619048	2024-02-20
E18	0.226693375541807	0.0317566533712364	0.315834967390012	5.74531933820636	2.19464990304258	9.47053076539997	9.46121428571429	0.0131695497165768		Grass-55	2	34	0.254619047619048	2024-02-20
E19	0.258781527105859	0.0370646412443131	0.382424712599903	4.67735941529695	1.81250624690963	11.1064950147975	11.1162142857143	0.0106185671455014		Grass-51	2	34	0.281619047619048	2024-02-20
E2	0.304041006692332	0.0734650966282021	0.102671036086555	11.1401400241076	6.75114625292762	10.4543945904059	10.2902142857143	0.0400607129526861		19G2B10	2	34	0.349619047619048	2024-02-20
E20	0.25326269918628	0.0304247419153991	0.383957233122129	5.1859648167937	1.80527183958394	10.7587794489371	10.7687142857143	0.00795741128760752		Grass-57	2	34	0.268619047619048	2024-02-20
E21	0.105931613042519	0.0121705466011136	0.402248836046129	5.07579064787403	1.723180077718	4.51489063683619	4.50271428571429	0.00433455852588904		18G1A07	2	34	0.115619047619048	2024-02-20
E22	0.29304786427589	0.0346214334716268	0.332369595954052	6.04790005695051	2.08547108098229	12.1831233309271	12.1982142857143	0.0104947696039808		19G3B08	2	34	0.322619047619048	2024-02-20
E23	0	0.00923732663525129	0	7.78624283905466	3.75960824320959	1.87683489516857	1.87171428571429	0.00115319908861208		18G4B09	2	34	0.0496190476190476	2024-02-20
E24	0.280003348831809	0.0352359077748315	0.35210493476251	5.50473077292685	1.96858127258984	11.791865462259	11.7887142857143	0.0113913022421804		19G4A01	2	34	0.305619047619048	2024-02-20
E3	0	0.00955770535571707	0	7.45562776291706	4.13086755988726	1.67730983511854	1.68671428571429	0.0021671727800753		16G2A12	2	34	0.0456190476190476	2024-02-20
E4	0	0.0112730170877935	0	4.60334190317964	2.96618536340713	1.86797630956276	1.84421428571429	0.00285057282641095		19G3B07	2	34	0.0526190476190476	2024-02-20
E5	0.2123549676221	0.0419899942334204	0.389957865131416	3.59144360429617	1.77749249993036	9.31040245093025	9.32471428571429	0.0137688312369505		26G3B03	2	34	0.242619047619048	2024-02-20
E6	0.214159134591263	0.0239536336395389	0.478971604257184	4.32590371357141	1.44715714752009	9.30017151067143	9.29621428571429	0.0158681624782871		28G3A04	2	34	0.257619047619048	2024-02-20
E7	0.228379257775487	0.0385609827022404	0.359256698606675	4.43645510087217	1.92939250193028	9.83144359768203	9.82521428571429	0.00937764638339855		26G3B10	2	34	0.243619047619048	2024-02-20
E8	0.11817505131264	0.0150035158611462	0.658878298632924	2.92634988184364	1.05201094344452	5.30222876746086	5.21471428571429	0.0104860125426803		28G4A10	2	34	0.130619047619048	2024-02-20
E9	0.198709031027257	0.0321760535372747	0.214391876132936	7.66806506639639	3.23308510127571	7.85075616424871	7.80871428571429	0.011777643338638		28D10	2	34	0.215619047619048	2024-02-20
F1	0.313619047619048	0.0889858853140709	0.0242830019959936	587.492441200775	28.5445424200149	8.09053769998897	8.08021428571429	0.036748137907814		16G1A05	3	34	0.313619047619048	2024-02-20
F10	0	0.0314483348891007	0	-0.155729697245812	0.529763588391359	2.71474548007854	2.33171428571429	0.0215698887823282	questionable fit	30G3A09	3	34	0.0946190476190476	2024-02-20
F11	0	0.0403624856956162	0	-0.158347177181592	0.718482690742602	3.55215336577092	3.31471428571429	0.0149048711559298	questionable fit	28G1A08	3	34	0.0956190476190476	2024-02-20
F12	0.186175460218907	0.0251554684727112	0.521707400038798	3.55841842048112	1.32861289778216	8.22213002709429	8.24421428571429	0.00874860933047156		32G4B12	3	34	0.200619047619048	2024-02-20
F13	0.146167376665658	0.0229958045021785	0.505565503380094	3.31958268807043	1.37103337930639	6.48133011358422	6.48221428571429	0.00847433821833794		Grass-43	3	34	0.154619047619048	2024-02-20
F14	0.126946468241913	0.0170965003071596	0.429992928350001	4.32621469358983	1.61199669775905	5.50152790335979	5.52721428571428	0.00675321835690939		Grass-53	3	34	0.138619047619048	2024-02-20
F15	0.174097667091589	0.0241484496802379	0.444705303727569	4.10626203077637	1.5586663229557	7.58334019267213	7.62121428571429	0.00826049141336022		Grass-44	3	34	0.186619047619048	2024-02-20
F16	0.223382922840963	0.0376093870059087	0.342030434224975	4.66997830936743	2.02656580000135	9.55878069554981	9.57271428571429	0.00932969881845681		Grass-54	3	34	0.242619047619048	2024-02-20
F17	0.214427028731685	0.0258181895704328	0.389056393885712	5.11133090720553	1.78161107606308	9.12578099677215	9.14971428571429	0.0117146150234605		Grass-45	3	34	0.238619047619048	2024-02-20
F18	0.235446726029136	0.0299751470313807	0.356592611773956	5.39814638067341	1.94380690365882	9.94055382907468	9.94521428571429	0.0116449815665859		Grass-55	3	34	0.259619047619048	2024-02-20
F19	0.23996402338589	0.025597483143534	0.419737588865144	5.06314749773675	1.6513821943706	10.2388111686474	10.2472142857143	0.0104699402655938		Grass-51	3	34	0.262619047619048	2024-02-20
F2	0.288025641520723	0.0697388307303991	0.121566355893012	9.38625296900007	5.70180109017965	10.4864663833366	10.3187142857143	0.0373041725037258		19G2B10	3	34	0.334619047619048	2024-02-20
F20	0.233085480169247	0.0265620199587164	0.413646044363606	4.95818023231014	1.67570121848101	9.96424586428971	9.97471428571428	0.00914347028350801		Grass-57	3	34	0.253619047619048	2024-02-20
F21	0.0935693013681688	0.0109327966288686	0.315619207567337	6.40862261771028	2.19615018332515	3.85484098831094	3.81671428571429	0.00655870188421789		18G1A07	3	34	0.107619047619048	2024-02-20
F22	0.295999746871293	0.034209283566642	0.362280271184554	5.61732871127829	1.91328989098289	12.4449152850428	12.4552142857143	0.00948700673367627		19G3B08	3	34	0.318619047619048	2024-02-20
F23	0	0.0112805835679998	0	5.57892197859966	3.38285537566971	1.91649412799005	1.88971428571429	0.00390756653828585		18G4B09	3	34	0.0596190476190476	2024-02-20
F24	0.268635951576815	0.0339909897773859	0.366873247195377	5.26606424071899	1.88933694636724	11.3808128050972	11.3772142857143	0.00730437818759449		19G4A01	3	34	0.279619047619048	2024-02-20
F3	0	0.0103342082393539	0	6.7891379673661	4.10559810709286	1.69600368948661	1.70071428571429	0.00176430403376683		16G2A12	3	34	0.0446190476190476	2024-02-20
F4	0	0.0108451831721594	0	4.98729618498549	2.94905898932096	1.92017268340448	1.89421428571429	0.00332588277124196		19G3B07	3	34	0.0556190476190476	2024-02-20
F5	0.169434451729699	0.0351067469975769	0.556494416844402	2.41132524850843	1.24555999050347	7.65359970631257	7.65071428571429	0.0100464679801893		26G3B03	3	34	0.192619047619048	2024-02-20
F6	0.190043149063433	0.0253929103732402	0.49962114248549	3.74154190774305	1.38734557371154	8.35646051155159	8.35221428571429	0.0184901248623342		28G3A04	3	34	0.229619047619048	2024-02-20
F7	0.203856264281547	0.0353499321998848	0.437915152381268	3.56616309195913	1.58283442989079	8.96946238917061	9.00021428571429	0.0166734516023658		26G3B10	3	34	0.238619047619048	2024-02-20
F8	0	0.0246180360502842	0	1.51555996967522	1.20036687871085	3.83945583057346	3.81371428571429	0.00357433491683694		28G4A10	3	34	0.0886190476190476	2024-02-20
F9	0.132349651391868	0.0351937212990855	0.19081654486814	5.32160102122155	3.63253187001646	5.43426123710833	5.40921428571429	0.0113027760145841		28D10	3	34	0.151619047619048	2024-02-20
G1	0.22064072502706	0.0466418748375283	0.325832479744071	4.04057309702865	2.12731149793411	9.53842352591921	9.49921428571429	0.0328139136884418		20G2A05	1	34	0.288619047619048	2024-02-20
G10	0	0.0239450068796254	0	0.361769799851592	0.642826717559933	2.79719700190818	2.45571428571429	0.0199441832561622		35G2A07	1	34	0.0946190476190476	2024-02-20
G11	0.113825239009256	0.0203512179323601	0.570827729400778	2.67075811206477	1.21428435385851	5.12033307814998	5.13321428571429	0.00801441681358001		Grass-58	1	34	0.126619047619048	2024-02-20
G12	0.111459917571144	0.0153188828541994	0.809327060560165	2.26945331944448	0.856448788553039	5.07676133489943	4.93721428571429	0.0118866095912245		Mcba15-003	1	34	0.134619047619048	2024-02-20
G13	0.116760799836651	0.0270287239017049	0.683297316566798	1.75608496999681	1.01441519490028	5.35448445824687	5.24071428571429	0.0103335863404117		Grass-59	1	34	0.138619047619048	2024-02-20
G14	0	0.0556628470777162	0	-50.8351062781413	32.852090211901	2.25417795914809	1.92071428571429	0.0141228922765005	questionable fit (k < n0)	Salt-6	1	34	0.0726190476190476	2024-02-20
G15	0.165031162074735	0.0255593480505809	0.471260160404701	3.60068503738479	1.47083763661392	7.26834324478428	7.30371428571429	0.00821183199594124		Pine-20	1	34	0.176619047619048	2024-02-20
G16	0.216030484557778	0.0266527181347193	0.52807234821396	3.71322727227536	1.31259889464824	9.51342540031239	9.50771428571428	0.0114864520619529		Salt-5	1	34	0.237619047619048	2024-02-20
G17	0.197960609427548	0.030834715683903	0.424960569772964	3.97708944203821	1.63108586975554	8.63592706244499	8.64621428571428	0.00802869646837481		Salt-11	1	34	0.209619047619048	2024-02-20
G18	0.201802105467736	0.0282831265676708	0.426680355677851	4.25147669740426	1.62451158422508	8.75712711759166	8.76921428571429	0.0091228290311561		Salt-16	1	34	0.219619047619048	2024-02-20
G19	0.298022909981108	0.0561470797532564	0.221852314277538	6.58298214794353	3.12436308278857	12.0629409765795	12.0547142857143	0.0173660729384221		23G1B04	1	34	0.332619047619048	2024-02-20
G2	0.279239630671786	0.0406680154176998	0.371292879697543	4.76504590870253	1.86684749011235	11.9545357078189	11.9382142857143	0.0228399893455398		23G2B11	1	34	0.345619047619048	2024-02-20
G20	0.239176508489141	0.0424334018345157	0.437950638974585	3.50259340411902	1.58270617479375	10.5360742011829	10.5402142857143	0.0128408973675926		23G3A03	1	34	0.256619047619048	2024-02-20
G21	0.235429732049048	0.049128321910899	0.450355161916114	2.95973105223922	1.53911232550512	10.4814671522255	10.5052142857143	0.00922437486135524		23G1B09	1	34	0.248619047619048	2024-02-20
G22	0.260873678535444	0.034845574312349	0.397871303499798	4.6993417052029	1.74213916525975	11.2019935621116	11.2227142857143	0.00791885702039254		23G3A08	1	34	0.278619047619048	2024-02-20
G23	0.276620447710335	0.0280447559108042	0.541035623838673	4.03290585378453	1.28114887452703	12.1075420220823	11.9642142857143	0.0220863684583422		23G2A11	1	34	0.327619047619048	2024-02-20
G24	0.294882378729209	0.0368086344235367	0.368188207312505	5.28944949163267	1.88258930295295	12.4878037419212	12.5002142857143	0.010561265738161		23G3A10	1	34	0.311619047619048	2024-02-20
G3	0.273533598699537	0.0469365879767154	0.233244254951529	6.74990112069541	2.97176528829827	11.0625969296187	10.9432142857143	0.0270342181463214		23D06	1	34	0.338619047619048	2024-02-20
G4	0	0.02081581292539	0	2.81791818294145	2.253036875744	3.09829960402835	3.07721428571429	0.00431312812823543		35D02	1	34	0.0816190476190476	2024-02-20
G5	0.243721124225663	0.0547313288305959	0.244889841011156	5.06046609062067	2.83044481428027	10.2121806221914	10.1817142857143	0.0160918247899039		33G1A03	1	34	0.274619047619048	2024-02-20
G6	0.190823481937667	0.0595192088625443	0.0535895608359292	14.7644096037665	12.9343694881564	5.56534147347823	5.49971428571429	0.024363698930932		35D04	1	34	0.169619047619048	2024-02-20
G7	0.178287921233864	0.0529746997488901	0.14173039831909	6.07492781246837	4.89060348930512	7.03450602791835	7.07621428571429	0.011834903678403		33G3A07	1	34	0.193619047619048	2024-02-20
G8	0.095085416494355	0.0311304207097741	0.862658948618737	0.834622010611324	0.803500829232446	4.44102535626595	4.20071428571429	0.0176800618963571		35G1B04	1	34	0.127619047619048	2024-02-20
G9	0.124606939803622	0.0286411674916597	0.671281741086901	1.80125036900731	1.03257267125669	5.70820452598132	5.65871428571429	0.0101496782425533		33G4B08	1	34	0.137619047619048	2024-02-20
H1	0.206827480367194	0.031083049277248	0.459435244576383	3.77064718655157	1.508693964476	9.0745322914513	9.07121428571429	0.0317265654170268		20G2A05	2	34	0.272619047619048	2024-02-20
H10	0.0936463444036716	0.0350949354775139	0.994157021781831	0.514856617726335	0.697221027838857	4.40257339846182	4.05621428571429	0.0219409873892817		35G2A07	2	34	0.128619047619048	2024-02-20
H11	0.128676901180935	0.0153927351781685	0.514706165549413	3.87794800720107	1.34668520984212	5.64563753143611	5.65971428571429	0.00735195927485467		Grass-58	2	34	0.141619047619048	2024-02-20
H12	0.122311911706855	0.0255245218833281	0.861267026894645	1.5475770477576	0.804799393121008	5.64844519941319	5.42221428571429	0.0157723645423009		Mcba15-003	2	34	0.148619047619048	2024-02-20
H13	0.121904884879818	0.0224873276248177	0.618343731128176	2.40380345382901	1.12097389472242	5.51819828715343	5.42021428571429	0.0108451178260008		Grass-59	2	34	0.140619047619048	2024-02-20
H14	0.0983381640820616	0.0319500215657268	0.804486352812673	0.909083921200869	0.861602161598565	4.58280800046827	4.34021428571429	0.0161518722574719		Salt-6	2	34	0.127619047619048	2024-02-20
H15	0.177469970289145	0.0180764465565413	0.50135086231509	4.34180232744745	1.38255906723526	7.70999226040746	7.74071428571429	0.00714128021994708		Pine-20	2	34	0.189619047619048	2024-02-20
H16	0.210249305159015	0.0285805177786163	0.49866608991822	3.7088142302392	1.39000263818544	9.25058813016769	9.26921428571429	0.0116296582148224		Salt-5	2	34	0.235619047619048	2024-02-20
H17	0.191247991134559	0.0166382985884014	0.479442129223961	4.90329453663635	1.44573690610354	8.20585161861742	8.21671428571429	0.00731201677758156		Salt-11	2	34	0.202619047619048	2024-02-20
H18	0.194629061375835	0.0312383942084963	0.423568987845812	3.90608422693196	1.63644459450432	8.50156762624301	8.51071428571429	0.00690334331805261		Salt-16	2	34	0.208619047619048	2024-02-20
H19	0.272999814447123	0.0352662607060232	0.241349914794391	7.90646148166018	2.87195949975969	10.7891400009661	10.7357142857143	0.0151230997322411		23G1B04	2	34	0.297619047619048	2024-02-20
H2	0.276413807355406	0.0448051970334138	0.371599967086582	4.42068065167006	1.86530474153256	11.9143760826076	11.8962142857143	0.0227187419779602		23G2B11	2	34	0.341619047619048	2024-02-20
H20	0.236456478675664	0.0488797546468189	0.437421153725322	3.07443901542031	1.58462199337348	10.497756950977	10.5112142857143	0.0114887778443065		23G3A03	2	34	0.253619047619048	2024-02-20
H21	0.226231492106839	0.0347172530834978	0.482525959998048	3.5391368179923	1.43649717947351	9.98033888241853	10.0052142857143	0.00762512834400408		23G1B09	2	34	0.238619047619048	2024-02-20
H22	0.237195650095818	0.0251222692754777	0.424341473549706	5.02703084372568	1.63346555490234	10.1304226115229	10.1162142857143	0.0077032993191213		23G3A08	2	34	0.251619047619048	2024-02-20
H23	0.250481842983957	0.0106368297902978	0.591709756386797	5.26553840843482	1.17143104888546	10.6858374162497	10.6002142857143	0.018795787307181		23G2A11	2	34	0.293619047619048	2024-02-20
H24	0.278933793963799	0.0437178793525468	0.332944520802922	5.05413549654262	2.08186991300643	11.8362368364323	11.9077142857143	0.0194599388021576		23G3A10	2	34	0.313619047619048	2024-02-20
H3	0.261761174718667	0.0394811541844826	0.25970688828263	6.65409571312658	2.6689595533778	10.657986510145	10.5707142857143	0.0269251565940373		23D06	2	34	0.328619047619048	2024-02-20
H4	0	0.0278143880550663	0	2.01705782647032	2.02791835995409	3.72844206627749	3.70221428571429	0.00539463061910955		35D02	2	34	0.0986190476190476	2024-02-20
H5	0.227654825144013	0.0411947814078722	0.305051247709343	4.94967780427598	2.27223191435816	9.65164665169355	9.65221428571428	0.0130788736460438		33G1A03	2	34	0.253619047619048	2024-02-20
H6	0.117736091094724	0.0289855836637498	0.351401059239223	3.18448258793882	1.97252444844815	5.18171391541913	5.11371428571429	0.0194404808928659		35D04	2	34	0.153619047619048	2024-02-20
H7	0.17729004826326	0.0514550343344514	0.189395875699461	4.72166210481369	3.65977969689188	7.35217318751697	7.37921428571429	0.0121866778207904		33G3A07	2	34	0.196619047619048	2024-02-20
H8	0.136239866211943	0.0418166953903737	0.737642706557063	1.10418068038977	0.939678755579649	6.32136484869314	6.15921428571429	0.0139361830722262		35G1B04	2	34	0.157619047619048	2024-02-20
H9	0.115954142834651	0.020807980660767	0.689378346814497	2.20499768630179	1.0054670033703	5.27685335132455	5.20871428571429	0.00948406047924401		33G4B08	2	34	0.130619047619048	2024-02-20
I1	0.203548599950032	0.0305470612499256	0.507006895797393	3.4201349465392	1.36713560763271	9.00888819250074	9.00271428571429	0.0388231450451653		20G2A05	3	34	0.290619047619048	2024-02-20
I10	0.0953028023341639	0.0230766369834884	0.894471871743267	1.27559255638408	0.774923396091872	4.42342623540655	4.14621428571429	0.0187449795360863		35G2A07	3	34	0.126619047619048	2024-02-20
I11	0.140170979985849	0.0203077780616935	0.516056877104856	3.44021602829877	1.34316043698243	6.20347695541593	6.20821428571429	0.00560056357723604		Grass-58	3	34	0.152619047619048	2024-02-20
I12	0.128874062959514	0.0168328220396575	0.790095943316082	2.39912173803941	0.877294949333322	5.85393990224689	5.73371428571429	0.0107258689121355		Mcba15-003	3	34	0.146619047619048	2024-02-20
I13	0.171985273012965	0.0307324509269929	0.561470626088131	2.71649512645756	1.23452082505051	7.72779610445383	7.73221428571429	0.008051156298705		Grass-59	3	34	0.181619047619048	2024-02-20
I14	0.128845159642794	0.0224614803006448	0.709324143060629	2.19258055046805	0.977193836331465	5.86726850838106	5.75071428571429	0.0134820164338418		Salt-6	3	34	0.151619047619048	2024-02-20
I15	0.178205777273169	0.0181209670825104	0.512099019989054	4.25432188553642	1.35354131428481	7.75841570277142	7.76921428571429	0.00582325259503293		Pine-20	3	34	0.191619047619048	2024-02-20
I16	0.204738554730015	0.0232330551776005	0.531931822760156	3.8646116082813	1.30307522675228	8.98985571480685	8.97371428571429	0.0117945803898443		Salt-5	3	34	0.226619047619048	2024-02-20
I17	0.202754245738467	0.0353533383943425	0.435795713486175	3.56818276072803	1.59053235061692	8.91959614396577	8.92821428571428	0.00764688396201497		Salt-11	3	34	0.213619047619048	2024-02-20
I18	0.196645323098132	0.0249144621033884	0.458189672916776	4.21327708046176	1.51279529315329	8.55231203151581	8.52371428571429	0.00883662975444911		Salt-16	3	34	0.208619047619048	2024-02-20
I19	0.298330460353733	0.0587408443603923	0.225802869874276	6.22575004008245	3.06970049116684	12.1729321045372	12.1492142857143	0.0140892768251971		23G1B04	3	34	0.319619047619048	2024-02-20
I2	0.25434156002228	0.0350119709445009	0.431808307968488	4.24930578587706	1.60521964901733	11.0403852218393	10.9777142857143	0.0298715647297395		23G2B11	3	34	0.320619047619048	2024-02-20
I20	0.231336935562231	0.0398724074947038	0.455708612697322	3.4430291035498	1.52103155667222	10.2116410596355	10.2242142857143	0.012081701203106		23G3A03	3	34	0.247619047619048	2024-02-20
I21	0.227124694388535	0.0389377555544436	0.487996524072473	3.2284481279018	1.42039368390461	10.0811960677943	10.1092142857143	0.00972388926821508		23G1B09	3	34	0.241619047619048	2024-02-20
I22	0.232287756631121	0.0248332496505632	0.417809702036739	5.08061108893013	1.65900211790437	9.90678841938996	9.91271428571429	0.00756083732189573		23G3A08	3	34	0.244619047619048	2024-02-20
I23	0.265990539619953	0.0350802924567604	0.545854006719961	3.45218605539533	1.26983986931793	11.780378495089	11.6462142857143	0.0209740269065722		23G2A11	3	34	0.314619047619048	2024-02-20
I24	0.282685823239045	0.051864456933809	0.355059752790001	4.20495529423432	1.95219867955551	12.2188623079627	12.3012142857143	0.0163534605146057		23G3A10	3	34	0.308619047619048	2024-02-20
I3	0.254586255005984	0.038897345480599	0.289028188938623	5.92645005817422	2.39819923138065	10.5653073606162	10.4747142857143	0.0314309864919976		23D06	3	34	0.323619047619048	2024-02-20
I4	0	0.0195096917326588	0	2.6597100617654	1.77457841760925	3.32652794956865	3.31371428571429	0.00394050699164408		35D02	3	34	0.0846190476190476	2024-02-20
I5	0.232830102083174	0.0479389376933282	0.285717474600008	4.72438475659584	2.42598805526446	9.88800185432257	9.84821428571428	0.0149001218002919		33G1A03	3	34	0.260619047619048	2024-02-20
I6	0	0.0219990626471653	0	1.51814103077175	1.53929341741349	2.98877073515121	2.96021428571429	0.0121155260939767		35D04	3	34	0.0826190476190476	2024-02-20
I7	0.1794693271657	0.057759965613801	0.185507157926115	4.01785046625413	3.7364983017853	7.51799568145231	7.54221428571429	0.0116140014242607		33G3A07	3	34	0.196619047619048	2024-02-20
I8	0.145446155568743	0.0326022914114147	0.665632888885326	1.86532633265899	1.04133553514865	6.65465339633684	6.57671428571429	0.0099268620389201		35G1B04	3	34	0.163619047619048	2024-02-20
I9	0.121639202745467	0.0271734037578591	0.690327041296289	1.80494039355155	1.0040852220686	5.57458186942736	5.53221428571429	0.00676862604307213		33G4B08	3	34	0.133619047619048	2024-02-20
J1	0.195640181311338	0.0167940324364671	0.676054418976649	3.49898211619235	1.02528311494387	8.68021452472621	8.51921428571429	0.0302057616144752		23G3B01	1	34	0.250619047619048	2024-02-20
J10	0	0.00697469507796685	0	3.09428116904253	1.60890882582968	1.48292720898092	1.46421428571429	0.00217794338984396		Mmlr14-006	1	34	0.0366190476190476	2024-02-20
J11	0.156167188744406	0.0129082758381789	0.657259737564886	3.66184750385515	1.05460161477108	6.90366572744366	6.86321428571429	0.00831061105962931		Mcba15-005	1	34	0.168619047619048	2024-02-20
J12	0.152776591668475	0.0172000462520378	0.661658854185718	3.12037586392345	1.04758997204531	6.82897732982762	6.84321428571429	0.00616870593463518		Mmlr14-014	1	34	0.161619047619048	2024-02-20
J13	0.137937279654313	0.0127611743639731	0.727898612375299	3.13685757994647	0.95225786775173	6.16990357051262	6.12121428571429	0.00890523770595317		Mcba15-007	1	34	0.151619047619048	2024-02-20
J14	0.166895332706249	0.0277649188658433	0.342359454381135	4.70744531572639	2.0246181949697	7.13662496852327	7.14921428571429	0.00627024448025097		Wood-18	1	34	0.181619047619048	2024-02-20
J15	0.145849725509171	0.0149388097527648	0.61389088530097	3.53573347220317	1.12910485748639	6.45942796235746	6.43971428571429	0.00651286103912551		Mcba15-009	1	34	0.154619047619048	2024-02-20
J16	0.150301602643789	0.0271982013448257	0.475849750394898	3.1730053821444	1.45665134842399	6.67451750761417	6.68371428571429	0.00495548462728329		Wood-21	1	34	0.158619047619048	2024-02-20
J17	0.163506265885225	0.0243922873532655	0.361302422698428	4.81875151377696	1.91846812258577	6.98729233519722	6.99971428571429	0.00833022728104068		Mmlr14-002	1	34	0.177619047619048	2024-02-20
J18	0.191502644197636	0.0375806958099637	0.525389914373606	2.68363571028086	1.31930050729342	8.59857720854178	8.63621428571429	0.00848677034738853		23G4A03	1	34	0.205619047619048	2024-02-20
J19	0.169610984398571	0.023365261484761	0.520220847845203	3.52549860478669	1.33240946307903	7.49503907787456	7.50971428571429	0.0063585817754559		23G3B05	1	34	0.177619047619048	2024-02-20
J2	0.283653935849347	0.0956759577436272	0.0969886141510481	6.96326865269321	7.14668609946784	10.491096170384	10.2877142857143	0.0408114006371624		23G3B08	1	34	0.316619047619048	2024-02-20
J20	0.131632868829183	0.0255910481345441	0.499794531350958	2.8443507359476	1.38686427537802	5.88703062943065	5.82871428571429	0.0107466070081067		23G4A04	1	34	0.143619047619048	2024-02-20
J21	0.245840480895964	0.0377040802387017	0.365137642072146	4.67885291073	1.89831751288735	10.5379975731313	10.5647142857143	0.0138505402983933		23G3B06	1	34	0.264619047619048	2024-02-20
J22	0.296779485341399	0.0518104686030532	0.465976943007152	3.33394074135697	1.48751390162518	13.1337764491438	13.1562142857143	0.00920724440224096		24G4A10	1	34	0.313619047619048	2024-02-20
J23	0.210736453105059	0.0238217659274223	0.496026530405479	4.15310970415031	1.39739940924799	9.18917492641292	9.18821428571428	0.00561676448146855		23G3B07	1	34	0.216619047619048	2024-02-20
J24	0	0.0399243564912582	0	-0.302519505669804	0.929384490376167	3.38919918210828	3.26571428571429	0.0126829646269448	questionable fit	24G2B02	1	34	0.0896190476190476	2024-02-20
J3	0	0.00784157963579184	0	3.26174704308651	1.5928695328257	1.78124048877975	1.77471428571429	0.00285038410043593		35G2B08	1	34	0.0436190476190476	2024-02-20
J4	0.282130038990973	0.0556926244995837	0.273130372321912	5.13535296594549	2.53778872948996	11.8662678304202	11.8312142857143	0.0208721507674874		35G3B09	1	34	0.315619047619048	2024-02-20
J5	0.222033973518649	0.0211943512360845	0.482331990061225	4.66229079092501	1.43707486719253	9.57626132969709	9.62471428571429	0.014711406657056		35G3B01	1	34	0.248619047619048	2024-02-20
J6	0.196816136593511	0.0378601927775501	0.60164482576603	2.38467411642635	1.15208699697103	8.90794318648474	8.91321428571429	0.00807786548754869		35G3B10	1	34	0.212619047619048	2024-02-20
J7	0.141724026727344	0.0249492171077357	0.430096626528122	3.58850741348494	1.61160803830351	6.23036982037343	6.15271428571429	0.017400447767823		35G3B02	1	34	0.190619047619048	2024-02-20
J8	0.159976489699586	0.0381171722285905	0.621350207971072	1.87044654321409	1.11554992927952	7.3095722120641	7.21071428571429	0.0100308923705617		35G3B11	1	34	0.175619047619048	2024-02-20
J9	0.193606858522492	0.0242773745098182	0.543796960643342	3.57174044824309	1.27464335170229	8.55391402136976	8.57871428571429	0.00890547694361365		35G3B04	1	34	0.205619047619048	2024-02-20
K1	0.189480871355751	0.0179362103332697	0.677579957636212	3.33248058512298	1.02297473936219	8.43583150566245	8.24471428571429	0.0305955862729758		23G3B01	2	34	0.231619047619048	2024-02-20
K10	0	0.00803619942262611	0	6.4817168884135	2.18444953150585	2.91597788126779	2.91471428571429	0.00183886102162608		Mmlr14-006	2	34	0.0726190476190476	2024-02-20
K11	0.161111351322798	0.0149985834988126	0.660506858428787	3.4464788876155	1.04941708282758	7.15424277475268	7.11121428571429	0.0083309963850407		Mcba15-005	2	34	0.175619047619048	2024-02-20
K12	0.151009525734122	0.0223479071682472	0.539101038324006	3.24698534036296	1.28574632821122	6.71326934673261	6.71671428571429	0.00648225052476573		Mmlr14-014	2	34	0.160619047619048	2024-02-20
K13	0.152340361058739	0.0141727843635742	0.624376211300508	3.64706998705345	1.11014348082896	6.73291594401609	6.68521428571429	0.00862303511654475		Mcba15-007	2	34	0.166619047619048	2024-02-20
K14	0.150994396229223	0.0328134575445112	0.307552164069656	4.16637649215111	2.25375484726864	6.4983354148303	6.49871428571429	0.00614091332055603		Wood-18	2	34	0.164619047619048	2024-02-20
K15	0.14141492256348	0.0182315513255818	0.685697997624192	2.78624174552351	1.01086364983063	6.36543469868667	6.33371428571429	0.00708264944468617		Mcba15-009	2	34	0.152619047619048	2024-02-20
K16	0.144858646098331	0.0307373765153895	0.430498875363407	3.04712122654575	1.6101021866197	6.43156134088672	6.43321428571429	0.00454686793115526		Wood-21	2	34	0.154619047619048	2024-02-20
K17	0.161685334868477	0.0331302942487058	0.325327178003986	4.16783207202771	2.13061566147865	6.97306109233229	6.97571428571429	0.00479331199276252		Mmlr14-002	2	34	0.170619047619048	2024-02-20
K18	0.164161880109634	0.036862428640812	0.45882575044048	2.70113296187259	1.51069808068643	7.34535808023105	7.33671428571429	0.0105003575550339		23G4A03	2	34	0.176619047619048	2024-02-20
K19	0.154607709348114	0.0301872149556907	0.552714593737622	2.56235033378084	1.25407794260086	6.96424807428259	6.95521428571429	0.00443644958283627		23G3B05	2	34	0.163619047619048	2024-02-20
K2	0.307755870123369	0.134894236775866	0.0559418287378001	4.43318412592402	12.3904991345337	10.6956563058716	10.4887142857143	0.0477769814006787		23G3B08	2	34	0.310619047619048	2024-02-20
K20	0.117148935600047	0.0304247383979836	0.384853046221666	2.72175809882772	1.80106975211704	5.21276103106641	5.19921428571429	0.00836360172474009		23G4A04	2	34	0.129619047619048	2024-02-20
K21	0.232409296509369	0.0302726606129751	0.441624978047124	4.29934664758861	1.56953799041227	10.0829953729139	10.1092142857143	0.00988805703466173		23G3B06	2	34	0.244619047619048	2024-02-20
K22	0.29727461152523	0.04679302131312	0.436278671031684	3.84536641941793	1.5887716420352	13.0093497815435	13.0127142857143	0.009554079681239		24G4A10	2	34	0.313619047619048	2024-02-20
K23	0.224407896811438	0.0348599267423883	0.43505456170007	3.8921651285942	1.59324195533389	9.81106481532323	9.82671428571429	0.00702620101669447		23G3B07	2	34	0.228619047619048	2024-02-20
K24	0.0883932813652483	0.0272533734176874	1.90831562553293	0.423403493352026	0.363224600420265	4.1883764667704	3.72221428571429	0.0346606337367145		24G2B02	2	34	0.153619047619048	2024-02-20
K3	0	0.0148028656256519	0	1.63494644847865	1.6968108144815	1.98049855137813	1.96571428571429	0.00371436594725888		35G2B08	2	34	0.0496190476190476	2024-02-20
K4	0.274142628362777	0.0709238887595403	0.350282046742208	3.0052228795389	1.97882588333187	12.1006929032547	12.1832142857143	0.0261810875383964		35G3B09	2	34	0.317619047619048	2024-02-20
K5	0.26596513087297	0.0460811456341961	0.337956725831826	4.6239535125627	2.05099389235079	11.386781384785	11.3732142857143	0.0213322296016508		35G3B01	2	34	0.298619047619048	2024-02-20
K6	0.2180839500996	0.0444672418224575	0.503564480715343	2.70491131985373	1.37648147775492	9.77937650006043	9.82721428571429	0.0103266874005247		35G3B10	2	34	0.237619047619048	2024-02-20
K7	0.210234197479708	0.02960887791973	0.517995753942177	3.49105290576666	1.33813293889919	9.29569418885249	9.31721428571429	0.0109715557785793		35G3B02	2	34	0.230619047619048	2024-02-20
K8	0.204238173576186	0.0382406272347434	0.574779899573008	2.55415075863191	1.20593496932455	9.20811183615189	9.23771428571428	0.0100880154861687		35G3B11	2	34	0.218619047619048	2024-02-20
K9	0.223860902566561	0.0241357624249468	0.575496618326738	3.6720414961937	1.20443310783524	9.87892004788791	9.89921428571428	0.0115381930686936		35G3B04	2	34	0.239619047619048	2024-02-20
L1	0.193853759228094	0.0200918057003594	0.630249218324944	3.42304942440215	1.09979855651732	8.60775442820092	8.44671428571429	0.0316951749316578		23G3B01	3	34	0.247619047619048	2024-02-20
L10	0	0.00961655522055469	0	8.2219679124688	2.98697982330858	2.91616070639872	2.89971428571429	0.00422945758610402		Mmlr14-006	3	34	0.0896190476190476	2024-02-20
L11	0.177130412344914	0.0228961438808157	0.609459314810422	3.12983019057464	1.13731493426359	7.90764380142903	7.82771428571429	0.010113767071478		Mcba15-005	3	34	0.195619047619048	2024-02-20
L12	0.169635892348037	0.0134896744414975	0.575349191237673	4.25631662166939	1.20474173096319	7.39606789845432	7.36721428571429	0.00802708040782653		Mmlr14-014	3	34	0.183619047619048	2024-02-20
L13	0.167527517922135	0.0210110311708202	0.605645805754991	3.20664379670294	1.14447615086821	7.46705140784593	7.42671428571428	0.00810794754424009		Mcba15-007	3	34	0.178619047619048	2024-02-20
L14	0.184700918388037	0.0298323647928882	0.315509988166937	5.22006562877144	2.19691041981593	7.79836847175447	7.79221428571429	0.00607926770198894		Wood-18	3	34	0.197619047619048	2024-02-20
L15	0.170178038411003	0.0246325409465654	0.619111130967775	2.86930774575745	1.11958442658984	7.63727423700702	7.58121428571429	0.0086644918146306		Mcba15-009	3	34	0.182619047619048	2024-02-20
L16	0.147791517181593	0.0275763744390269	0.381895855718891	3.85530129251899	1.81501624115597	6.44429010164581	6.46621428571429	0.00471044257372214		Wood-21	3	34	0.157619047619048	2024-02-20
L17	0.165358073244443	0.0223739260594703	0.315511466419084	5.87882754516962	2.19690012672712	6.88888409646442	6.89671428571429	0.00465456859599904		Mmlr14-002	3	34	0.172619047619048	2024-02-20
L18	0.154860821838527	0.0352171845124308	0.455067843839172	2.68747504853046	1.5231732805206	6.92933363874383	6.95321428571429	0.00884792809794735		23G4A03	3	34	0.170619047619048	2024-02-20
L19	0.160518159800822	0.030636921783024	0.476442228928778	3.03166788264003	1.45483993330818	7.14688089308337	7.13121428571429	0.00577606046285528		23G3B05	3	34	0.169619047619048	2024-02-20
L2	0.213245091507411	0.0310271028855951	0.41765995753448	4.23871757143899	1.65959692341998	9.25159727380109	9.18971428571429	0.0413988043284163		23G3B08	3	34	0.287619047619048	2024-02-20
L20	0.121626080365396	0.0316539585947193	0.342667159727877	3.04854614670245	2.02280014551262	5.36027217215041	5.37021428571429	0.00559487402533702		23G4A04	3	34	0.134619047619048	2024-02-20
L21	0.250147207189765	0.0314533024776113	0.401412065032208	4.83086892698281	1.72677216491819	10.7148984303233	10.7382142857143	0.00835579900896209		23G3B06	3	34	0.256619047619048	2024-02-20
L22	0.290457968676573	0.0427129645941278	0.464797592296351	3.78207103987479	1.49128823395023	12.7440518993111	12.7442142857143	0.00897517660162947		24G4A10	3	34	0.305619047619048	2024-02-20
L23	0.216571306727841	0.0288200377866078	0.515649580313968	3.63434242777884	1.34422136082784	9.5483520963436	9.54671428571429	0.00661320418337492		23G3B07	3	34	0.225619047619048	2024-02-20
L24	0	0.0358776894659705	0	-0.111764578868047	0.726780777393038	3.22432886585441	3.08471428571429	0.0143094390046608	questionable fit	24G2B02	3	34	0.0906190476190476	2024-02-20
L3	0	0.0109331224932271	0	2.57382290770838	1.54918950759322	2.03972402597888	2.02721428571429	0.00393967497064406		35G2B08	3	34	0.0506190476190476	2024-02-20
L4	0.273397897788351	0.0442630952387107	0.303811955544272	5.41176603655683	2.28150067142087	11.4845989289146	11.4487142857143	0.0175046714289387		35G3B09	3	34	0.303619047619048	2024-02-20
L5	0.260767916946765	0.0382157447091075	0.358238909070532	4.91826520129368	1.93487408265715	11.1189820479066	11.1092142857143	0.0167645986163797		35G3B01	3	34	0.288619047619048	2024-02-20
L6	0.237105057106398	0.0342560810288117	0.38303533673637	4.64342966337436	1.80961680054343	10.1834698665	10.1597142857143	0.0160678884753938		35G3B10	3	34	0.264619047619048	2024-02-20
L7	0.245297383483533	0.0334734132976647	0.544308726627684	3.38962801688753	1.27344491581901	10.8766888458843	10.9252142857143	0.0141474401311566		35G3B02	3	34	0.265619047619048	2024-02-20
L8	0.229734684460763	0.0276197298636888	0.465397617942178	4.27657163142866	1.48936555288958	9.98155957816595	10.0157142857143	0.0126476191213926		35G3B11	3	34	0.247619047619048	2024-02-20
L9	0.265095892225993	0.0482877385977728	0.37511064436779	4.00371258780003	1.84784727111163	11.5211299811884	11.5417142857143	0.0169256736814342		35G3B04	3	34	0.286619047619048	2024-02-20
M1	0.234001896529058	0.0526790183982159	0.0925063079968573	13.3619218247332	7.49297205314359	7.56085316120647	7.49971428571429	0.0211580716949176		36G1B07	1	34	0.240619047619048	2024-02-20
M10	0.209017282728324	0.0244894599004233	0.536756863218321	3.7625181435014	1.29136156062156	9.1978715486368	9.18571428571429	0.00976432980602569		41G1B04	1	34	0.222619047619048	2024-02-20
M11	0.243161557807936	0.0263397975897941	0.403945038416243	5.21851841784209	1.71594428607809	10.3337959544917	10.3267142857143	0.0086641653173363		Wood-51	1	34	0.257619047619048	2024-02-20
M13	0.189108229705192	0.0356581096000397	0.321804110120439	4.53505383745767	2.15394135364065	8.09679358838945	8.10971428571429	0.00944387644318234		Napa-12	1	34	0.200619047619048	2024-02-20
M15	0.201194144383599	0.0338000522251412	0.361007363802835	4.43173374970435	1.92003612684895	8.66317939777458	8.68221428571429	0.00783913371640341		Napa-18	1	34	0.211619047619048	2024-02-20
M17	0.176803680942814	0.0166877791386562	0.557746142959703	4.05421230497224	1.24276463281616	7.73834933124177	7.72071428571429	0.00775378942096384		S.11	1	34	0.188619047619048	2024-02-20
M19	0.127360336098799	0.0346940472076103	0.565987067542095	1.73579341758357	1.22466964407874	5.82066394424524	5.72871428571429	0.00917617776391734		23G4B04	1	34	0.144619047619048	2024-02-20
M2	0.257700897742018	0.056916354800518	0.367951083430059	3.42613389067578	1.88380252640756	11.3119366694245	11.2897142857143	0.0295042147507814		25G2A02	1	34	0.320619047619048	2024-02-20
M21	0.224110431557349	0.0331186509518217	0.377310065844503	4.6437504739334	1.83707577217303	9.62160714779866	9.65571428571429	0.00890113468387962		23G4B10	1	34	0.240619047619048	2024-02-20
M23	0.25054712015675	0.0493493648528595	0.371802914896877	3.77986113011327	1.86428656900712	10.9314090600879	10.9372142857143	0.0115632847147779		25D05	1	34	0.266619047619048	2024-02-20
M3	0.238318637695441	0.0522855517702564	0.371651218313571	3.41504184716395	1.86504751337885	10.4666009340062	10.4547142857143	0.0148998285838062		36G1B08	1	34	0.270619047619048	2024-02-20
M4	0.171090610924807	0.0440357449705928	0.242413596598742	4.37111339303861	2.8593576857295	7.25448895508551	7.21821428571429	0.010102986472612		37G2B01	1	34	0.186619047619048	2024-02-20
M5	0.201010351920658	0.0355331653265906	0.480040389847396	3.20466126932324	1.4439351255012	8.92287292658409	8.94771428571429	0.00723967639610164		36G4B07	1	34	0.215619047619048	2024-02-20
M6	0.204401201626779	0.0237156350327678	0.651980926106002	3.11454476884376	1.06314027420988	9.13597717279919	9.14371428571429	0.00896908061438406		40G1B01	1	34	0.215619047619048	2024-02-20
M7	0.163668776455214	0.0334269238730076	0.275100154581988	4.9437683862955	2.51961756115032	6.91104944586932	6.89121428571429	0.00702427613921151		37G2A11	1	34	0.176619047619048	2024-02-20
M8	0.18941754874717	0.0174285970843812	0.690904776991831	3.31350708337512	1.00324560437674	8.43794316918436	8.41471428571429	0.0102498681931321		40G3B03	1	34	0.202619047619048	2024-02-20
M9	0.225564876870666	0.0284307857874764	0.292912136380641	6.6108957513913	2.366399662113	9.23218480642957	9.19921428571429	0.00850374685848384		Wood-3	1	34	0.237619047619048	2024-02-20
N1	0.280280312690641	0.0518043380269502	0.0763301459918828	19.4412987210497	9.08090992821705	7.64733898478865	7.64221428571429	0.0208698954914799		36G1B07	2	34	0.251619047619048	2024-02-20
N10	0.221852685253721	0.0290669288636334	0.52984185174024	3.57083615204138	1.30821523117386	9.79792745983939	9.77221428571428	0.0118293517991645		41G1B04	2	34	0.235619047619048	2024-02-20
N11	0.259256770378139	0.0323907721109064	0.342925686417499	5.67611594414984	2.02127518588988	10.8718566024739	10.8912142857143	0.00748213097738281		Wood-51	2	34	0.268619047619048	2024-02-20
N13	0.213264828516089	0.0328972638165287	0.315946740106918	5.38574098495143	2.19387350008859	8.97503508722121	8.99621428571429	0.00825680412673795		Napa-12	2	34	0.220619047619048	2024-02-20
N15	0.218317935735447	0.0380572627107345	0.32092538102743	4.84633544054112	2.15983908265797	9.29091376089272	9.31521428571429	0.00705413798938214		Napa-18	2	34	0.231619047619048	2024-02-20
N17	0.205672128368653	0.0176755224812669	0.528822837019148	4.47076595706366	1.31073609541346	8.91780170119043	8.91671428571428	0.00713770652902953		S.11	2	34	0.213619047619048	2024-02-20
N19	0.156486066868857	0.0290526159156618	0.404540591463313	3.6547278029665	1.71341812215352	6.85997411775828	6.87621428571429	0.0149868839554452		23G4B04	2	34	0.187619047619048	2024-02-20
N2	0.273771557961163	0.0661905442436332	0.394685859429881	2.89593368289689	1.75619968133945	12.1562289910716	12.1757142857143	0.014364553190506		25G2A02	2	34	0.310619047619048	2024-02-20
N21	0.227446152225594	0.0310014058737036	0.388694500067033	4.75012805218361	1.78326984415887	9.75127301425079	9.80471428571428	0.00956875866782904		23G4B10	2	34	0.245619047619048	2024-02-20
N23	0.257054641089063	0.0440159346378203	0.403375626168388	3.90931441592194	1.7183665437202	11.214028745942	11.2332142857143	0.00694505835826952		25D05	2	34	0.267619047619048	2024-02-20
N3	0.230164071086113	0.0537924655692893	0.388312901743372	3.05799716323371	1.78502227829152	10.1862505081607	10.2017142857143	0.00930742838081315		36G1B08	2	34	0.248619047619048	2024-02-20
N4	0.155225677055923	0.0293300337882469	0.281069210003697	5.18321199513816	2.46610854511893	6.53060840968488	6.50671428571429	0.00999058044511559		37G2B01	2	34	0.172619047619048	2024-02-20
N5	0.206894645636735	0.0340763052117482	0.499843456499932	3.24829441179494	1.38672852779466	9.1843958185591	9.18871428571429	0.00823086101560942		36G4B07	2	34	0.225619047619048	2024-02-20
N6	0.197446613849424	0.0164224176673163	0.61472273677825	3.90417212011596	1.12757693686867	8.67868001246818	8.69371428571429	0.00988933980892153		40G1B01	2	34	0.217619047619048	2024-02-20
N7	0.169440219627422	0.0325756561383876	0.272826227204119	5.2613218263241	2.54061784185198	7.10905586142145	7.09221428571429	0.00695486002459708		37G2A11	2	34	0.181619047619048	2024-02-20
N8	0.213355881397017	0.0207084463654547	0.64844488773051	3.43949061057039	1.06893769027294	9.4736531581984	9.39771428571428	0.0143084563946733		40G3B03	2	34	0.247619047619048	2024-02-20
N9	0.220162697805566	0.0300589010109486	0.294459026608694	6.26372850357822	2.3539681854653	9.07901591181533	9.05221428571429	0.00895255090017513		Wood-3	2	34	0.238619047619048	2024-02-20
O1	0.228028031725021	0.0370422071064374	0.160512988221691	10.2181214847297	4.31832456824373	8.3667925544803	8.30171428571428	0.0160475116074517		36G1B07	3	34	0.244619047619048	2024-02-20
O10	0.248897814883671	0.0276480948198318	0.504875533603864	4.11930279457423	1.37290705218408	10.8637600552654	10.8272142857143	0.0191218500470017		41G1B04	3	34	0.312619047619048	2024-02-20
O11	0.277424975829507	0.0319510170515909	0.328594322730764	6.20517980201696	2.10943139491756	11.4916223137825	11.5022142857143	0.00482515550759412		Wood-51	3	34	0.283619047619048	2024-02-20
O13	0.234375793072811	0.0336727644444813	0.337322119956546	5.29208405413224	2.05485243792858	9.9019369520412	9.92221428571429	0.00774757510897908		Napa-12	3	34	0.243619047619048	2024-02-20
O15	0.267912690829565	0.0440503810932716	0.299332317531913	5.43107802010569	2.31564431891337	11.2439820636378	11.2597142857143	0.00880495474852694		Napa-18	3	34	0.277619047619048	2024-02-20
O17	0.224563601171954	0.0199371101621202	0.4950743153505	4.70354333208969	1.40008713655285	9.68063623095116	9.68021428571429	0.0062753692844251		S.11	3	34	0.234619047619048	2024-02-20
O19	0.186005244239269	0.0390070912651958	0.370379055719637	3.58194272731242	1.87145350109816	8.14379586308153	8.17771428571429	0.015897464547534		23G4B04	3	34	0.214619047619048	2024-02-20
O2	0.270564832604297	0.0477820800540812	0.388127946971177	3.96659511348689	1.78587289570112	11.7784336824699	11.8057142857143	0.00969475958397956		25G2A02	3	34	0.285619047619048	2024-02-20
O21	0.246163218248662	0.0371241763270617	0.358396374905368	4.8221822222055	1.93402397204203	10.51650936262	10.5572142857143	0.00823770688931381		23G4B10	3	34	0.257619047619048	2024-02-20
O23	0.253228866663316	0.0429717802004619	0.379417759844771	4.18479983126663	1.82687067902022	10.9711593506509	10.9912142857143	0.0062974800649391		25D05	3	34	0.264619047619048	2024-02-20
O3	0.247978705276562	0.0589461080566717	0.375741936065948	3.10131970026836	1.84474266518467	10.9547851197372	10.9522142857143	0.00864336472809299		36G1B08	3	34	0.266619047619048	2024-02-20
O4	0.166507062544431	0.0306097733092064	0.250704577781853	5.94556365995151	2.76479666503369	6.86746252944323	6.82971428571429	0.00780712162322912		37G2B01	3	34	0.181619047619048	2024-02-20
O5	0.21873314220666	0.0352459145443511	0.463860642504242	3.55666182208284	1.49430047959632	9.63837631750128	9.62571428571428	0.00631830930631637		36G4B07	3	34	0.234619047619048	2024-02-20
O6	0.240346817579224	0.0245869676195498	0.537169221713419	4.04332445835737	1.29037024561646	10.5165615484324	10.4857142857143	0.00967976946471296		40G1B01	3	34	0.266619047619048	2024-02-20
O7	0.183240399052076	0.0351153989735996	0.256630403429464	5.60890970720343	2.70095503610296	7.61587044953516	7.60421428571429	0.00553326447056918		37G2A11	3	34	0.188619047619048	2024-02-20
O8	0.234208793221012	0.0242023063119281	0.534416858847391	4.04308070328518	1.29701593257162	10.247294965975	10.2297142857143	0.0115937908511679		40G3B03	3	34	0.262619047619048	2024-02-20
O9	0.242771218309751	0.0338604767246721	0.282837283060651	6.4335882858263	2.4506924018617	9.96220145485965	9.96421428571429	0.00572520885998713		Wood-3	3	34	0.256619047619048	2024-02-20
A1	0.193223909109322	0.0273129793496616	0.331243902441207	5.4464068321934	2.09255830960684	8.13347366263935	8.10892857142857	0.0130212684826957		02D05	1	40	0.225571428571429	2024-02-20
A10	0.0999653826119606	0.0304351576860718	0.699512310054729	1.18105585015245	0.990900618326094	4.62838941473976	4.43892857142857	0.0152522105258206		26G1B06	1	40	0.125571428571429	2024-02-20
A11	0	0.0204308090927308	0	0.531477385743292	0.713339393909198	2.56894940051701	2.28542857142857	0.0197228446519236		25G4A05	1	40	0.0815714285714286	2024-02-20
A12	0.087230999342424	0.0246822148127409	0.783054200645781	1.18748340506971	0.885184167313463	4.04645004674988	3.86392857142857	0.01478947873559		26G3B01	1	40	0.109571428571429	2024-02-20
A13	0.108866937738313	0.0354402777391146	0.678949783691809	1.07288954180407	1.02091082022434	5.04566022425788	4.98792857142857	0.0156167321463356		26G1A06	1	40	0.145571428571429	2024-02-20
A14	0	0	0	0	0	0	0	0	cannot fit data	Grass-36	1	40	0.0495714285714286	2024-02-20
A15	0	0	0	0	0	0	0	0	cannot fit data	41G3A07	1	40	0.00357142857142857	2024-02-20
A16	0	0	0	0	0	0	0	0	cannot fit data	Grass-39	1	40	0.0465714285714286	2024-02-20
A17	0	0.0581879094785211	0	-174.820912596819	39.0659530554899	2.75084905633002	2.61042857142857	0.0229817916878488	questionable fit (k < n0)	Desert-26	1	40	0.0995714285714286	2024-02-20
A18	0.0885714285714286	0.0235503619540319	0.791971652903336	1.28233141366459	0.875217159627994	4.10328217128807	3.79342857142857	0.0188384340100297		Grass-40	1	40	0.114571428571429	2024-02-20
A19	0.105184197099319	0.0221349143353306	0.787801324304019	1.67844095072907	0.87985023530178	4.84074895254224	4.61192857142857	0.0215600083753244		Grass-31	1	40	0.136571428571429	2024-02-20
A2	0.158594488756612	0.0449860957359819	0.211637445944025	4.37731575936036	3.27516322769871	6.66840631867155	6.69442857142857	0.0266188196508371		08G1B09	1	40	0.197571428571429	2024-02-20
A20	0.0873726282173917	0.0161204710037699	0.691617646587545	2.14878140755616	1.00221153115446	3.98037542427721	3.92042857142857	0.0189024958409258		Grass-42	1	40	0.127571428571429	2024-02-20
A21	0	0.0335613514912484	0	0.465515751663273	0.769277607782683	3.9745501496658	3.71992857142857	0.024052129920607		Grass-34	1	40	0.120571428571429	2024-02-20
A22	0.107562891087095	0.0377946005959943	0.542866291035428	1.12921611576273	1.27682855245604	4.95578349701018	4.86542857142857	0.0270947137655554		09G3B12	1	40	0.146571428571429	2024-02-20
A23	0	0	0	0	0	0	0	0	cannot fit data	04G2A10	1	40	0.0395714285714286	2024-02-20
A24	0.16471615547334	0.0448236023603776	0.192888000500398	5.10068593852931	3.59352151902532	6.79519037535143	6.90792857142857	0.0232611631711001		12G2A10	1	40	0.213571428571429	2024-02-20
A3	0	0	0	0	0	0	0	0	cannot fit data	02G1B04	1	40	0.0565714285714286	2024-02-20
A4	0.127781472474994	0.0374944033029896	0.473373143994289	1.85646901645296	1.46427229629298	5.80253144239866	5.79842857142857	0.0303933165325634		08G4B02	1	40	0.196571428571429	2024-02-20
A5	0.11867014700833	0.025920999026817	0.859992868720559	1.48239031762698	0.805991777107599	5.48624412466301	5.31192857142857	0.0218192062948232		02G2A03	1	40	0.143571428571429	2024-02-20
A6	0.095351373201604	0.0310151023520524	0.897171816410167	0.813277109490359	0.77259134524914	4.45750349225358	4.13692857142857	0.02111213788936		09G1A07	1	40	0.131571428571429	2024-02-20
A7	0	0	0	0	0	0	0	0	cannot fit data	04G1A01	1	40	0.0105714285714286	2024-02-20
A8	0.115111799227231	0.0335679736990004	0.589756120612227	1.50497490834027	1.17531155054463	5.28483323945781	5.11292857142857	0.0193640083869185		26G1B04	1	40	0.143571428571429	2024-02-20
A9	0.129598688831487	0.0370518204458253	0.683587155336533	1.33910900596338	1.0139850860988	5.98335141305625	5.71242857142857	0.0250763335123524		25G3A08	1	40	0.170571428571429	2024-02-20
B1	0.189860112766242	0.0256754646346654	0.412144904788712	4.50195022121752	1.6818045607413	8.19161214725359	8.18392857142857	0.0133841958006463		02D05	2	40	0.228571428571429	2024-02-20
B10	0.150423355449371	0.025192942185674	0.289847233971804	5.53254016379944	2.39142244368416	6.29297296092933	6.26342857142857	0.00800561106385722		26G1B06	2	40	0.169571428571429	2024-02-20
B11	0.0968993009253184	0.0274402106950592	0.339065961969471	2.73907903602494	2.04428417566242	4.29060467078971	4.25892857142857	0.00945936274155566		25G4A05	2	40	0.124571428571429	2024-02-20
B12	0.120562851381814	0.0218773786904246	0.507695025580111	2.96730223210034	1.36528259217811	5.38172080694551	5.30742857142857	0.0106434208654398		26G3B01	2	40	0.135571428571429	2024-02-20
B13	0.147268476468532	0.0355287149850249	0.490316318863771	2.33692276402213	1.41367348769097	6.64180867188641	6.60192857142857	0.012080034816386		26G1A06	2	40	0.167571428571429	2024-02-20
B14	0	0	0	0	0	0	0	0	cannot fit data	Grass-36	2	40	0.0485714285714286	2024-02-20
B15	0.0155714285714286	0.00134577235484522	0.049431157995096	326.160650070974	14.0224750678248	0.2647992744652	0.263428571428571	0.00136111924459922		41G3A07	2	40	0.0155714285714286	2024-02-20
B16	0	0	0	0	0	0	0	0	cannot fit data	Grass-39	2	40	0.0445714285714286	2024-02-20
B17	0.173398378973294	0.0301209258317242	0.30278486492385	5.15072918862215	2.28923985594284	7.3207233695785	7.28092857142857	0.0116658982568389		Desert-26	2	40	0.192571428571429	2024-02-20
B18	0.111691030085267	0.0150570736291882	0.509129503244854	3.65149199634219	1.36143589429071	4.92156346884972	4.86592857142857	0.00893033137459791		Grass-40	2	40	0.124571428571429	2024-02-20
B19	0.144637305406493	0.0210043148837836	0.601377045474212	2.94755103988263	1.15259999658512	6.47852592235821	6.34692857142857	0.0210749829531976		Grass-31	2	40	0.174571428571429	2024-02-20
B2	0.17481758927834	0.0427346287180576	0.167032795504149	6.75568317157653	4.14976698718263	6.9179205170154	6.86292857142857	0.0147953741602889		08G1B09	2	40	0.191571428571429	2024-02-20
B20	0.100393198403372	0.0105268795321797	0.616186319106936	3.48010206042582	1.12489868578152	4.45144735512622	4.36542857142857	0.0150359958865796		Grass-42	2	40	0.122571428571429	2024-02-20
B21	0.106073441218246	0.0205548043542767	0.377046502572213	3.78107107567325	1.83835992598073	4.6298568330254	4.59992857142857	0.00914847069866873		Grass-34	2	40	0.126571428571429	2024-02-20
B22	0.139454304022834	0.0189540347974375	0.495132924661716	3.73563354021022	1.39992140703129	6.13171154598257	6.10092857142857	0.0210112495838686		09G3B12	2	40	0.194571428571429	2024-02-20
B23	0	0	0	0	0	0	0	0	cannot fit data	04G2A10	2	40	0.189571428571429	2024-02-20
B24	0.194098502365134	0.0374664958545229	1.54052272490513	0.928549792649924	0.449942846901288	9.10947621906541	9.05442857142857	0.0531131223228322		12G2A10	2	40	0.287571428571429	2024-02-20
B3	0	0	0	0	0	0	0	0	cannot fit data	02G1B04	2	40	0.0615714285714286	2024-02-20
B4	0.115710575563716	0.0239327967166595	0.355612822880448	3.77972996339941	1.94916250473052	5.04135446659415	4.96092857142857	0.0213851511797581		08G4B02	2	40	0.166571428571429	2024-02-20
B5	0.15543044958487	0.0332101344696814	0.639977161381189	2.03596358104559	1.08308111974497	7.08583173636112	6.87292857142857	0.0266092765285279		02G2A03	2	40	0.198571428571429	2024-02-20
B6	0.0871158076687996	0.016698770272028	0.625665027343258	2.30011283860062	1.10785668091956	3.95155248398815	3.78492857142857	0.0134111639399587		09G1A07	2	40	0.111571428571429	2024-02-20
B7	0	0	0	0	0	0	0	0	cannot fit data	04G1A01	2	40	0.0155714285714286	2024-02-20
B8	0.157255298961493	0.0278223810993932	0.253335447056558	6.06832554893802	2.73608446276844	6.47313027853324	6.41192857142857	0.0111842401606042		26G1B04	2	40	0.181571428571429	2024-02-20
B9	0.170796171070461	0.0402690739773818	0.485859942682101	2.42044458331849	1.42663990106604	7.69028962616973	7.58292857142857	0.0119543271951397		25G3A08	2	40	0.187571428571429	2024-02-20
C1	0.169361106106409	0.021653635647992	0.382320028130235	5.02212873225399	1.81300253599016	7.2181801034717	7.24692857142857	0.011797814548096		02D05	3	40	0.191571428571429	2024-02-20
C10	0.16141693202057	0.0355763532973228	0.398987513209839	3.16635140664271	1.73726534693681	7.13618318177494	7.10242857142857	0.0108655499837577		26G1B06	3	40	0.186571428571429	2024-02-20
C11	0	0.019774247991471	0	3.15573060531249	1.89929625041008	3.63007622809188	3.59992857142857	0.00746002306814089		25G4A05	3	40	0.100571428571429	2024-02-20
C12	0.11416447375039	0.0201051766191604	0.588532691068407	2.62168627537419	1.17775476380356	5.14301422038025	5.06692857142857	0.0094997729343382		26G3B01	3	40	0.130571428571429	2024-02-20
C13	0.122749295594266	0.0268012216312531	0.604662195248952	2.10921021555409	1.14633788255038	5.58305456465621	5.48192857142857	0.011024363968281		26G1A06	3	40	0.138571428571429	2024-02-20
C14	0.0585714285714286	0.0394594908178481	0.00466977733168304	2812.86906421748	148.432597815135	2.12312129656054	2.03292857142857	0.00771805596007666		Grass-36	3	40	0.0585714285714286	2024-02-20
C15	0.153679399208315	0.00138870313016986	0.0812244659034361	57.8325853497046	8.53372407993418	0.685754328755507	0.683928571428571	0.00137315011082244		41G3A07	3	40	0.0465714285714286	2024-02-20
C16	0	0	0	0	0	0	0	0	cannot fit data	Grass-39	3	40	0.0625714285714286	2024-02-20
C17	0.175417228938485	0.0298581240382621	0.470111777438798	3.36967788194486	1.47443057975756	7.75930518777968	7.67942857142857	0.0133115957164124		Desert-26	3	40	0.206571428571429	2024-02-20
C18	0.145673950468973	0.0271309932686026	0.61033229672194	2.41605871649867	1.13568818868475	6.59120198414983	6.47092857142857	0.0147003634612781		Grass-40	3	40	0.181571428571429	2024-02-20
C19	0.146952794951739	0.019251512095725	0.540691784929421	3.49941362807364	1.28196358790697	6.50132191806267	6.44892857142857	0.0131907146763749		Grass-31	3	40	0.168571428571429	2024-02-20
C2	0.174829281430516	0.0401450008628075	0.276367160255518	4.37980928988367	2.50806637054521	7.46106029883526	7.44792857142857	0.0159704094607928		08G1B09	3	40	0.206571428571429	2024-02-20
C20	0.125696701792646	0.0168217832367607	0.650652791531544	2.87023285486464	1.06531039224219	5.6449074944983	5.49842857142857	0.0174326208828024		Grass-42	3	40	0.150571428571429	2024-02-20
C21	0.154123808592232	0.0345283006066262	0.474913517235482	2.61592046102768	1.45952295608435	6.91245302423472	6.77292857142857	0.0200197221190117		Grass-34	3	40	0.197571428571429	2024-02-20
C22	0.188955625771847	0.046703795697532	0.771511794466013	1.44362472021593	0.898427199080856	8.72755410729721	8.67992857142857	0.0478371824455931		09G3B12	3	40	0.306571428571429	2024-02-20
C23	0	0	0	0	0	0	0	0	cannot fit data	04G2A10	3	40	0.0365714285714286	2024-02-20
C24	0.135811553305173	0.0319448373684378	0.45593792210039	2.5860931049571	1.52026656911273	6.08785570243806	6.10142857142857	0.0109021702015897		12G2A10	3	40	0.166571428571429	2024-02-20
C3	0	0	0	0	0	0	0	0	cannot fit data	02G1B04	3	40	0.0485714285714286	2024-02-20
C4	0.150327038943422	0.0352507498179126	0.347873530789332	3.40097301733461	1.99252636148309	6.58896653326681	6.53092857142857	0.0242595918778386		08G4B02	3	40	0.201571428571429	2024-02-20
C5	0.121768536523339	0.0208413940471307	0.749305618173642	2.10522615759037	0.925052693785245	5.55803284334086	5.30092857142857	0.0224488189413998		02G2A03	3	40	0.151571428571429	2024-02-20
C6	0.12632134430693	0.026552873302538	0.79876256899824	1.65720615716121	0.86777624223084	5.81676515946839	5.48342857142857	0.0212450248646485		09G1A07	3	40	0.157571428571429	2024-02-20
C7	0	0	0	0	0	0	0	0	cannot fit data	04G1A01	3	40	0.0105714285714286	2024-02-20
C8	0.175233363006645	0.0398835885798724	0.352911261637346	3.46233616434464	1.96408348473795	7.67625100992287	7.63492857142857	0.0123479641295753		26G1B04	3	40	0.206571428571429	2024-02-20
C9	0.132813758599471	0.026487738484469	0.573059541241738	2.42527697065685	1.20955525678535	6.00139750381512	5.86892857142857	0.0111852089528141		25G3A08	3	40	0.153571428571429	2024-02-20
D1	0.190395101048112	0.0341008618965825	0.171849486070418	8.85901816988219	4.03345506820962	7.23491889320725	7.21892857142857	0.0142900134076893		16G1A05	1	40	0.214571428571429	2024-02-20
D10	0	0	0	0	0	0	0	0	cannot fit data	30G3A09	1	40	0.0555714285714286	2024-02-20
D11	0	0.0394526774574261	0	-0.179166275795717	0.299457361274612	3.13024026577084	2.87392857142857	0.0154374715101867	questionable fit	28G1A08	1	40	0.0905714285714286	2024-02-20
D12	0.0893961968110004	0.0388307693107695	1.75664744433324	0.150317661528286	0.394585255451208	4.24858185384516	3.92342857142857	0.0188241046559919		32G4B12	1	40	0.123571428571429	2024-02-20
D13	0.0888035965743291	0.0177479736461234	0.569195214095938	2.43711051828039	1.21776705670458	4.01136246585725	3.95092857142857	0.0086777761229182		Grass-43	1	40	0.0995714285714286	2024-02-20
D14	0.140275852990839	0.0227359380845872	0.492253201999346	3.33737012260648	1.40811106508732	6.21469698959926	6.15792857142857	0.00833492555178896		Grass-53	1	40	0.151571428571429	2024-02-20
D15	0.126930967348265	0.0210937577670133	0.666206198086421	2.42105973091319	1.04043940532362	5.7507521793279	5.62942857142857	0.0148673881561311		Grass-44	1	40	0.146571428571429	2024-02-20
D16	0.166542048834473	0.0353894664932078	0.383624997893877	3.41465541641388	1.80683528019645	7.3216275538226	7.32842857142857	0.0116250078673958		Grass-54	1	40	0.190571428571429	2024-02-20
D17	0.154634598695092	0.0320004948488762	0.590613398449546	2.27467543625744	1.17360558087501	7.01001161645935	6.96442857142857	0.0121661558142462		Grass-45	1	40	0.181571428571429	2024-02-20
D18	0.162866585028044	0.0361506960028437	0.39020175727686	3.21436605841616	1.77638149401807	7.18932493034132	7.18992857142857	0.0141862309408947		Grass-55	1	40	0.193571428571429	2024-02-20
D19	0.158503791904444	0.0279820968765512	0.560710045308634	2.74647219689947	1.23619540323807	7.11794746817889	7.06342857142857	0.0134128008379497		Grass-51	1	40	0.181571428571429	2024-02-20
D2	0.187188709879822	0.0375244941319676	0.358416664899589	3.85975447563639	1.93391448680025	8.14571283243483	8.15842857142857	0.0053963405905645		19G2B10	1	40	0.199571428571429	2024-02-20
D20	0.171118171420555	0.0292447973559394	0.42026141911267	3.75774022150881	1.64932384710317	7.49434287149593	7.45542857142857	0.0162950021944352		Grass-57	1	40	0.217571428571429	2024-02-20
D21	0	0	0	0	0	0	0	0	cannot fit data	18G1A07	1	40	0.00857142857142856	2024-02-20
D22	0.169237723207392	0.0339164946269368	0.438444319888745	3.15604490002368	1.58092407431765	7.50295973528883	7.43692857142857	0.0172408917078568		19G3B08	1	40	0.214571428571429	2024-02-20
D23	0	0.00778070925585734	0	3.04674052228878	3.98214819149376	0.888405838445915	0.891928571428571	0.00180756302923248		18G4B09	1	40	0.0255714285714286	2024-02-20
D24	0.147571428571429	0.097950072390126	0.00518182817167644	2162.42567548775	133.764987490061	5.33795153834238	5.14492857142857	0.0291091581750657		19G4A01	1	40	0.147571428571429	2024-02-20
D3	0	0.00713889088845285	0	19.7113585530023	7.24161968228561	1.49095743937974	1.48742857142857	0.00177036450296233		16G2A12	1	40	0.0495714285714286	2024-02-20
D4	0	0.0115479570990387	0	0.218247129454541	1.09625409231802	1.16063142783645	1.12992857142857	0.00299607131256528		19G3B07	1	40	0.0295714285714286	2024-02-20
D5	0.112323666056272	0.0357509131229626	0.473496864232839	1.60859670772249	1.46388969583354	5.11996264575701	5.12092857142857	0.00638298676259928		26G3B03	1	40	0.132571428571429	2024-02-20
D6	0.173694219765395	0.0356506480998508	0.569016982378196	2.37919444892048	1.21814849473024	7.85394533025007	7.71792857142857	0.0179438223445394		28G3A04	1	40	0.200571428571429	2024-02-20
D7	0	0.0343839409347977	0	0.201583701934489	0.563188578543947	3.71302139934188	3.26042857142857	0.0281070820199602		26G3B10	1	40	0.117571428571429	2024-02-20
D8	0	0.0392774511970658	0	-0.0249517502487661	0.895850167637922	3.66585193208561	3.45442857142857	0.0194008812435432	questionable fit	28G4A10	1	40	0.101571428571429	2024-02-20
D9	0	0.0315660950669762	0	-0.122323511462907	1.88811458698444	2.85096000621212	2.84442857142857	0.00669806350117981	questionable fit	28D10	1	40	0.0805714285714286	2024-02-20
E1	0.200933071155917	0.0424534477380683	0.201594243325977	6.53400551614754	3.43832824352593	8.09555561180013	7.97142857142857	0.0183879339534345		16G1A05	2	40	0.236571428571429	2024-02-20
E10	0	0	0	0	0	0	0	0	cannot fit data	30G3A09	2	40	0.0455714285714286	2024-02-20
E11	0	0.0742583890654339	0	-22.3806038350688	10.8125760549702	2.94576011016644	2.61742857142857	0.0140825692878681	questionable fit (k < n0)	28G1A08	2	40	0.0815714285714286	2024-02-20
E12	0	0.0721640360278344	0	-49.4766017454273	26.3037610705682	2.9963137570753	2.55292857142857	0.0179330126757978	questionable fit (k < n0)	32G4B12	2	40	0.0935714285714286	2024-02-20
E13	0.100183664524331	0.0308064519732915	0.665229955010433	1.22038147918167	1.04196627848647	4.63121611968409	4.52642857142857	0.0116461361515026		Grass-43	2	40	0.121571428571429	2024-02-20
E14	0.117717080726936	0.016488359572106	0.525509124285261	3.45327566571636	1.3190012285756	5.21010751374239	5.17592857142857	0.00747167800396082		Grass-53	2	40	0.127571428571429	2024-02-20
E15	0.114782510259432	0.0190243697692478	0.656510132385554	2.46166020317437	1.05580576196328	5.19532206532875	5.10942857142857	0.0152043196766209		Grass-44	2	40	0.144571428571429	2024-02-20
E16	0.145600694307876	0.0296388370872634	0.403195954312317	3.38340635687125	1.71913228083393	6.41401453441802	6.43942857142857	0.0130284902167979		Grass-54	2	40	0.174571428571429	2024-02-20
E17	0.121553240747646	0.0200074679343347	0.610149104496845	2.66230671807715	1.13602916967574	5.47511547885347	5.41792857142857	0.0110982363443839		Grass-45	2	40	0.143571428571429	2024-02-20
E18	0.142429084982005	0.0297277705730415	0.403699679285617	3.30111592155123	1.71698719648857	6.28382734968914	6.26792857142857	0.0128605732763801		Grass-55	2	40	0.173571428571429	2024-02-20
E19	0.13732267491594	0.0212342775233361	0.558935450208177	3.03923325400671	1.24012026845279	6.13286203486348	6.09192857142857	0.0108581809317376		Grass-51	2	40	0.154571428571429	2024-02-20
E2	0.17070088044894	0.0291626731102769	0.358619582112067	4.40489087202709	1.93282022269308	7.3525493436009	7.36242857142857	0.00401080438999815		19G2B10	2	40	0.174571428571429	2024-02-20
E20	0.15775145640401	0.0286173491109152	0.40175919400634	3.7506006883705	1.72528019495431	6.90181037370667	6.89692857142857	0.0138693956682575		Grass-57	2	40	0.196571428571429	2024-02-20
E21	0	0	0	0	0	0	0	0	cannot fit data	18G1A07	2	40	0.0145714285714286	2024-02-20
E22	0.154176607443351	0.0263688214270652	0.50708684834417	3.11257364102969	1.36692005092093	6.86356122897751	6.76292857142857	0.017095318957542		19G3B08	2	40	0.187571428571429	2024-02-20
E23	0	0.0106447855934306	0	1.35082945670563	2.98288192581044	1.11674058306139	1.11992857142857	0.00135125511793831		18G4B09	2	40	0.0275714285714286	2024-02-20
E24	0	0	0	0	0	0	0	0	cannot fit data	19G4A01	2	40	0.106571428571429	2024-02-20
E3	0	0.0119592620572054	0	13.4705278768969	6.88396212890806	1.90075150794152	1.89892857142857	0.00234620470682968		16G2A12	2	40	0.0545714285714286	2024-02-20
E4	0	0.00942341967513633	0	0.174498489903678	1.45019323770769	0.913720357133551	0.898428571428571	0.00188206811755331		19G3B07	2	40	0.0235714285714286	2024-02-20
E5	0.11012041182038	0.0415015430065127	0.674350628738604	0.745660971684714	1.02787355868045	5.12642598621187	5.06942857142857	0.00726191908100928		26G3B03	2	40	0.125571428571429	2024-02-20
E6	0.142996662938235	0.026358891860598	0.618527879355904	2.40452781228142	1.12064015817969	6.47289609922593	6.37842857142857	0.0111957667853132		28G3A04	2	40	0.160571428571429	2024-02-20
E7	0	0.0374857937355188	0	0.0955846581641562	0.501503249424383	3.80854713393765	3.29892857142857	0.0297036754802706		26G3B10	2	40	0.123571428571429	2024-02-20
E8	0	0.0320116843378351	0	-0.380309730085158	0.710227467364144	2.5675981021707	2.47392857142857	0.00973549761701299	questionable fit	28G4A10	2	40	0.0675714285714286	2024-02-20
E9	0	0.030871802824519	0	-0.201872396066447	0.669427352267561	2.65209460939522	2.59892857142857	0.00559449944025403	questionable fit	28D10	2	40	0.0655714285714286	2024-02-20
F1	0.226655902332083	0.0566919340982855	0.0835737102349977	13.1375586303387	8.29384238908278	7.26448030027364	7.18892857142857	0.0179670330628855		16G1A05	3	40	0.223571428571429	2024-02-20
F10	0	0	0	0	0	0	0	0	cannot fit data	30G3A09	3	40	0.0465714285714286	2024-02-20
F11	0	0	0	0	0	0	0	0	cannot fit data	28G1A08	3	40	0.0585714285714286	2024-02-20
F12	0	0	0	0	0	0	0	0	cannot fit data	32G4B12	3	40	0.0875714285714286	2024-02-20
F13	0	0.022993367831612	0	1.62728667795915	1.14451586882989	3.87871628021108	3.80442857142857	0.0102834053369127		Grass-43	3	40	0.0995714285714286	2024-02-20
F14	0.111747627023396	0.0164663406231001	0.574995560040226	3.05309329863781	1.2054826658339	4.99172968062893	4.92342857142857	0.00909510886544294		Grass-53	3	40	0.126571428571429	2024-02-20
F15	0.133268730709955	0.0293216962459677	0.726166948774235	1.74278622751901	0.954528682047528	6.11903710976871	5.96792857142857	0.0160234226647601		Grass-44	3	40	0.159571428571429	2024-02-20
F16	0.144764204470583	0.0317113632078681	0.400196824349702	3.17638765825627	1.73201569424313	6.39941589352649	6.42192857142857	0.0102572373010787		Grass-54	3	40	0.163571428571429	2024-02-20
F17	0.139802969814945	0.0281112254790409	0.642720873686918	2.14645870510587	1.07845755278456	6.36163049170292	6.28292857142857	0.01343224308915		Grass-45	3	40	0.162571428571429	2024-02-20
F18	0.146049758036942	0.0319725938295455	0.402509479984295	3.16016409218678	1.72206423706341	6.45919751073152	6.44542857142857	0.0116689204784543		Grass-55	3	40	0.177571428571429	2024-02-20
F19	0.15499685999314	0.0306008527819802	0.562953965925464	2.49122004824845	1.2312679588649	6.99316384339075	6.95392857142857	0.012237545963934		Grass-51	3	40	0.175571428571429	2024-02-20
F2	0.158303791084082	0.0230827706060125	0.329619776776515	5.36322233968281	2.10286890956153	6.67387212030476	6.66842857142857	0.00323683174787302		19G2B10	3	40	0.162571428571429	2024-02-20
F20	0.156938560020058	0.0268709611369918	0.407532077069829	3.86965395748578	1.70084079158553	6.85343209587477	6.84942857142857	0.0108534026002236		Grass-57	3	40	0.188571428571429	2024-02-20
F21	0.180477216848611	0.00233505223456814	0.0822501858899654	52.6995483486107	8.42730229798192	1.10900876674967	1.09742857142857	0.00600125313471866		18G1A07	3	40	0.0675714285714286	2024-02-20
F22	0.148885327996065	0.0218821136661068	0.44790418694083	3.92615847663774	1.54753449681754	6.50910801613279	6.47242857142857	0.0133310205442423		19G3B08	3	40	0.179571428571429	2024-02-20
F23	0	0.0106450970572156	0	5.82005104799503	5.0470339045992	1.35558262613329	1.35442857142857	0.00208606455135073		18G4B09	3	40	0.0375714285714286	2024-02-20
F24	0.108338879474798	0.0288085940908743	0.726668935985079	1.39742336364767	0.95386928797267	5.00278339140811	4.76942857142857	0.0182098624702955		19G4A01	3	40	0.133571428571429	2024-02-20
F3	0	0.00905335818443057	0	16.3285079938357	6.77859421195544	1.73451591434747	1.73342857142857	0.0016516152508422		16G2A12	3	40	0.0535714285714286	2024-02-20
F4	0	0.00981327956224798	0	0.397615572354617	1.42967360270701	1.00665550303808	0.995928571428571	0.00188344709764691		19G3B07	3	40	0.0245714285714286	2024-02-20
F5	0.0938898469705807	0.0368674672616334	0.627412955265665	0.695099292177033	1.10477027090785	4.36682464875534	4.34442857142857	0.00445273711997074		26G3B03	3	40	0.103571428571429	2024-02-20
F6	0.143779010970625	0.0272103187851648	0.628341915926345	2.31543436208145	1.10313694342365	6.52047536777401	6.44542857142857	0.0111892222395185		28G3A04	3	40	0.166571428571429	2024-02-20
F7	0	0.034508123218725	0	0.0721004736569481	0.469543164568388	3.46187988394342	3.00542857142857	0.0264805668029972		26G3B10	3	40	0.113571428571429	2024-02-20
F8	0	0.0283657334451207	0	-0.109814491371667	0.479952898098227	2.50096898661112	2.36442857142857	0.00860314842829514	questionable fit	28G4A10	3	40	0.0635714285714286	2024-02-20
F9	0.0505714285714286	0.0442697333480581	0.000711240341106654	11280.2118599783	974.561115981474	2.16162357569806	2.12892857142857	0.00530598661124985		28D10	3	40	0.0505714285714286	2024-02-20
G1	0.181798606257928	0.0269402866411152	0.614523921975115	2.84592309342217	1.12794173794265	8.16149936197745	8.14642857142857	0.0156314204320575		20G2A05	1	40	0.204571428571429	2024-02-20
G10	0.105982949954695	0.0288250598342021	0.375669425987542	2.62094446183483	1.8450987293891	4.71985518237739	4.72792857142857	0.00556289291465628		35G2A07	1	40	0.113571428571429	2024-02-20
G11	0	0	0	0	0	0	0	0	cannot fit data	Grass-58	1	40	0.0435714285714286	2024-02-20
G12	0	0	0	0	0	0	0	0	cannot fit data	Mcba15-003	1	40	0.0465714285714286	2024-02-20
G13	0.12191882340601	0.0272590690741824	0.582558370832946	2.13695779810641	1.18983301118629	5.53860594572726	5.47492857142857	0.0153442224339759		Grass-59	1	40	0.142571428571429	2024-02-20
G14	0.103968391910204	0.0254013535144423	0.490878006700204	2.30026559890635	1.41205588985223	4.6919951265403	4.62392857142857	0.0101225635586454		Salt-6	1	40	0.121571428571429	2024-02-20
G15	0	0	0	0	0	0	0	0	cannot fit data	Pine-20	1	40	0.0665714285714286	2024-02-20
G16	0.11637612970734	0.0288249964175407	0.582640365613038	1.90680242364201	1.18966556639212	5.30730127216287	5.19642857142857	0.0120716877168789		Salt-5	1	40	0.132571428571429	2024-02-20
G17	0.18710064962068	0.045308690913033	0.174494594193288	6.53809387391683	3.97231320411075	7.46100454690355	7.43142857142857	0.0062777417299534		Salt-11	1	40	0.193571428571429	2024-02-20
G18	0.0970134235596765	0.0281806720247789	0.572146169275118	1.56086567666075	1.21148618619282	4.44703136473315	4.33492857142857	0.0104212201522434		Salt-16	1	40	0.113571428571429	2024-02-20
G19	0.177298085993261	0.0348039534193462	0.360579077224878	3.90918366771966	1.92231669650555	7.70976460176064	7.70342857142857	0.007894382885871		23G1B04	1	40	0.186571428571429	2024-02-20
G2	0.174292212158757	0.0314022142975889	0.562304229388497	2.69462081176397	1.23269067585307	7.83479853217106	7.74992857142857	0.0123578594034279		23G2B11	1	40	0.194571428571429	2024-02-20
G20	0.147489696243693	0.0382604969670782	0.565228647062972	1.85594002095696	1.22631289861485	6.72741109207211	6.60192857142857	0.0177459796306192		23G3A03	1	40	0.174571428571429	2024-02-20
G21	0.177572784313976	0.0361003910072919	0.547046613122714	2.49668102949967	1.26707151444233	8.00637665813219	7.98392857142857	0.0147797107969822		23G1B09	1	40	0.206571428571429	2024-02-20
G22	0.143513313098545	0.020660837993734	0.512921619446011	3.47566597802207	1.3513705686818	6.34634223470034	6.24492857142857	0.0158794823267298		23G3A08	1	40	0.167571428571429	2024-02-20
G23	0.168963407259346	0.0338755067170099	0.50258434590562	2.75224140072879	1.37916587774127	7.56999095999303	7.46342857142857	0.0161641732329736		23G2A11	1	40	0.203571428571429	2024-02-20
G24	0.094122513258585	0.0280428854075694	0.714475707308832	1.19965665521771	0.970148002891206	4.35836590091082	4.10792857142857	0.0197473299342423		23G3A10	1	40	0.122571428571429	2024-02-20
G3	0.166788788525543	0.0296171042371247	0.342161622635928	4.4799918212783	2.02578879308589	7.16335438513005	7.14442857142857	0.00773988786219154		23D06	1	40	0.183571428571429	2024-02-20
G4	0	0.0217370300848245	0	-0.412338828013426	0.748063382336043	1.73489488254071	1.57442857142857	0.00750476982930752	questionable fit	35D02	1	40	0.0435714285714286	2024-02-20
G5	0.123757147204706	0.0369722974696963	0.475338896036762	1.79506275657746	1.45821683506064	5.62579385515301	5.62592857142857	0.00810644493003549		33G1A03	1	40	0.145571428571429	2024-02-20
G6	0	0.034481392651133	0	-27.1618702518436	11.7124082166988	1.4221360588886	1.04042857142857	0.00939400713346369	questionable fit (k < n0)	35D04	1	40	0.0365714285714286	2024-02-20
G7	0	0	0	0	0	0	0	0	cannot fit data	33G3A07	1	40	0.0625714285714286	2024-02-20
G8	0.130115536469779	0.0312540743873098	0.551447440448228	2.08826746603451	1.25695964786153	5.90901271147241	5.85542857142857	0.0123874802495846		35G1B04	1	40	0.152571428571429	2024-02-20
G9	0.117511241722924	0.0257407067033909	0.67231869923783	1.89079616707741	1.03098007142405	5.37513547090036	5.28942857142857	0.0135456140590777		33G4B08	1	40	0.145571428571429	2024-02-20
H1	0.177372283861689	0.0271741327078883	0.637387421640183	2.68234021343072	1.08748173720824	7.9918201041148	7.95342857142857	0.0126477046723897		20G2A05	2	40	0.196571428571429	2024-02-20
H10	0.101925998017653	0.0309052367983653	0.257328095794519	3.23340752220658	2.69363195036984	4.41978493578116	4.42442857142857	0.00573389931749314		35G2A07	2	40	0.110571428571429	2024-02-20
H11	0	0	0	0	0	0	0	0	cannot fit data	Grass-58	2	40	0.0325714285714286	2024-02-20
H12	0	0	0	0	0	0	0	0	cannot fit data	Mcba15-003	2	40	0.0445714285714286	2024-02-20
H13	0.112676984069353	0.0184798306332544	0.528358099188043	3.08258748001379	1.31188900411509	5.02295642433396	5.00392857142857	0.010581646013468		Grass-59	2	40	0.127571428571429	2024-02-20
H14	0.108851741649911	0.0236093448565295	0.488492762184795	2.62819927385616	1.41895076901412	4.88431985020034	4.82592857142857	0.00879722622380859		Salt-6	2	40	0.121571428571429	2024-02-20
H15	0	0	0	0	0	0	0	0	cannot fit data	Pine-20	2	40	0.0545714285714286	2024-02-20
H16	0.117166905924503	0.0257789175092636	0.654692254803663	1.93305638746721	1.05873740749815	5.35305109223685	5.24342857142857	0.0112208243251034		Salt-5	2	40	0.137571428571429	2024-02-20
H17	0.191292439907497	0.0417020277272185	0.18975309693254	6.73164886506234	3.65288994891278	7.64682680386312	7.63242857142857	0.0066506378866847		Salt-11	2	40	0.197571428571429	2024-02-20
H18	0.099642954092574	0.028941124560099	0.589015653964198	1.51644165173038	1.1767890647641	4.5737136209006	4.43942857142857	0.0113673323653379		Salt-16	2	40	0.120571428571429	2024-02-20
H19	0.150392382331074	0.0267330078793711	0.38546405472419	3.97347491858074	1.79821483239445	6.54489322083846	6.52742857142857	0.00675590736386545		23G1B04	2	40	0.156571428571429	2024-02-20
H2	0.173123377456921	0.0322213725309447	0.54825664083214	2.69113871638953	1.26427502913214	7.77899332358154	7.71542857142857	0.0109270183327744		23G2B11	2	40	0.185571428571429	2024-02-20
H20	0.141840547577951	0.036379026945122	0.596579461600264	1.78409381448087	1.16186899679826	6.48482859762287	6.34692857142857	0.016251916366925		23G3A03	2	40	0.169571428571429	2024-02-20
H21	0.164296598936873	0.0349134642109353	0.553314148257194	2.36738116033888	1.25271906157323	7.42634845458527	7.38892857142857	0.01453447178505		23G1B09	2	40	0.195571428571429	2024-02-20
H22	0.125322960802451	0.014317738772826	0.521305431097307	3.92874863986801	1.32963736652604	5.49397487279726	5.42742857142857	0.0145974048452207		23G3A08	2	40	0.151571428571429	2024-02-20
H23	0.107280034432243	0.0366871058322546	0.539404748739398	1.21338313378471	1.28502239214587	4.93603358930997	4.64342857142857	0.0264475175916025		23G2A11	2	40	0.144571428571429	2024-02-20
H24	0.0894727936485707	0.0175414815492636	0.682935282651897	2.0662912733133	1.01495295113235	4.08122739517968	3.86842857142857	0.021230615167725		23G3A10	2	40	0.114571428571429	2024-02-20
H3	0.164138700245354	0.0286749915149716	0.357464552641923	4.34358705950206	1.93906549736774	7.07754171230605	7.05592857142857	0.0071808791448994		23D06	2	40	0.177571428571429	2024-02-20
H4	0	0.0266536718041244	0	-1.19195213135377	0.835725397963714	1.74147984069057	1.60742857142857	0.00752194584485448	questionable fit	35D02	2	40	0.0435714285714286	2024-02-20
H5	0.122777704428283	0.0358670769015665	0.51814989111503	1.70811678097371	1.33773487642414	5.60174469494047	5.59242857142857	0.00856787371214852		33G1A03	2	40	0.142571428571429	2024-02-20
H6	0	0	0	0	0	0	0	0	cannot fit data	35D04	2	40	0.0375714285714286	2024-02-20
H7	0	0	0	0	0	0	0	0	cannot fit data	33G3A07	2	40	0.0675714285714286	2024-02-20
H8	0.128637096596737	0.0318479849732383	0.481326197324253	2.30937022966207	1.4400778191863	5.80148624702081	5.84092857142857	0.00982817232180958		35G1B04	2	40	0.146571428571429	2024-02-20
H9	0.105929137023605	0.0279910756924669	0.505750780390828	2.02476937523389	1.37053111420669	4.80584575162595	4.77842857142857	0.00888750830144068		33G4B08	2	40	0.123571428571429	2024-02-20
I1	0.182911271044183	0.0293760826789488	0.633814032736553	2.60920217376554	1.09361286553915	8.25196497900818	8.28142857142857	0.0112663970700637		20G2A05	3	40	0.202571428571429	2024-02-20
I10	0.116577306234407	0.0246520522785832	0.542284035711279	2.42698576648691	1.27819949493956	5.26170581556483	5.23742857142857	0.00998817361461275		35G2A07	3	40	0.130571428571429	2024-02-20
I11	0	0	0	0	0	0	0	0	cannot fit data	Grass-58	3	40	0.0545714285714286	2024-02-20
I12	0	0	0	0	0	0	0	0	cannot fit data	Mcba15-003	3	40	0.0495714285714286	2024-02-20
I13	0.147623040683097	0.0346496896621946	0.586719289901235	2.01435884302937	1.18139490637273	6.72123261172262	6.65092857142857	0.0162709407553896		Grass-59	3	40	0.178571428571429	2024-02-20
I14	0.112228331648797	0.0280252760004771	0.506370954456813	2.17256614738805	1.36885256640261	5.07946044318678	5.01342857142857	0.0108425700459897		Salt-6	3	40	0.128571428571429	2024-02-20
I15	0	0.058734949789989	0	-48.3857170460401	13.7937813554616	2.66109473725193	2.41742857142857	0.013075773072872	questionable fit (k < n0)	Pine-20	3	40	0.0745714285714286	2024-02-20
I16	0.116441627945795	0.0237958622285044	0.731749365397561	1.85756435799968	0.947246712244645	5.33652263053087	5.20592857142857	0.0126517120818062		Salt-5	3	40	0.143571428571429	2024-02-20
I17	0.179407432209004	0.0436503884568479	0.188352194476068	6.02411172697038	3.68005895810264	7.26558440380878	7.21592857142857	0.0100551778664912		Salt-11	3	40	0.190571428571429	2024-02-20
I18	0.0878916957420637	0.0209326658356644	0.659598440820491	1.76284534497266	1.05086236968317	4.02761459536644	3.87592857142857	0.012306613729625		Salt-16	3	40	0.110571428571429	2024-02-20
I19	0.181015071151424	0.0339726702620302	0.411945245372867	3.5566974434319	1.6826196887709	7.95357100564724	7.94342857142857	0.00858502676398322		23G1B04	3	40	0.196571428571429	2024-02-20
I2	0.158818613812929	0.0272873692268233	0.510135549430773	3.08314230819895	1.35875098556331	7.07494236027343	7.03592857142857	0.00844555277582472		23G2B11	3	40	0.168571428571429	2024-02-20
I20	0.129798988129104	0.0273559422198223	0.589083714478835	2.24140167340113	1.17665310298584	5.88726957317832	5.75842857142857	0.0184578015383063		23G3A03	3	40	0.156571428571429	2024-02-20
I21	0.161779821000024	0.0321880798695732	0.600129765586208	2.32081949985394	1.15499550315235	7.33016523836129	7.28842857142857	0.0138954516435179		23G1B09	3	40	0.191571428571429	2024-02-20
I22	0.147118245185914	0.0279119337258813	0.592015566104621	2.45230270174469	1.17082593810963	6.64861678773103	6.49442857142857	0.0180344347538467		23G3A08	3	40	0.176571428571429	2024-02-20
I23	0.102139648519472	0.0192805836845471	0.78827277748894	1.84966756346123	0.879324011122115	4.68667187762681	4.31492857142857	0.0279968761146395		23G2A11	3	40	0.147571428571429	2024-02-20
I24	0.0895714285714286	0.0973742149107767	0.0142745246088551	-176.824140760451	48.5583372864099	4.56485927699343	4.31692857142857	0.0300023562057771	questionable fit (k < n0)	23G3A10	3	40	0.149571428571429	2024-02-20
I3	0.158500280659743	0.0278362127700335	0.417609086371235	3.70272564016346	1.65979908766585	6.94783068446601	6.93342857142857	0.00557886415367484		23D06	3	40	0.168571428571429	2024-02-20
I4	0	0.0228620663191454	0	-0.227093299903991	0.785258975231267	1.96726837375614	1.85292857142857	0.00823008056924029	questionable fit	35D02	3	40	0.0495714285714286	2024-02-20
I5	0.126660651056307	0.0380344132885177	0.508626545775764	1.66317821074902	1.36278215582073	5.78012934441994	5.72342857142857	0.00874579938572092		33G1A03	3	40	0.141571428571429	2024-02-20
I6	0	0	0	0	0	0	0	0	cannot fit data	35D04	3	40	0.0365714285714286	2024-02-20
I7	0	0.0557930976278993	0	-11.9538928164274	7.0488607312853	1.99514101325155	1.77892857142857	0.0142479373516068	questionable fit (k < n0)	33G3A07	3	40	0.0835714285714286	2024-02-20
I8	0.131010759335665	0.0334090038199541	0.508840431337374	2.106888476176	1.36220932510839	5.93669657135283	5.97592857142857	0.0119685300845154		35G1B04	3	40	0.153571428571429	2024-02-20
I9	0.119594162049041	0.0252063490811795	0.664136574606237	1.98801888788263	1.04368168696463	5.4601420848022	5.34042857142857	0.0144086379610533		33G4B08	3	40	0.140571428571429	2024-02-20
J1	0.118870647339946	0.0315474336210815	0.459880845985828	2.21388670863256	1.50723211590618	5.36290420247827	5.38092857142857	0.0122235080953445		23G3B01	1	40	0.150571428571429	2024-02-20
J10	0	0.0105321059816741	0	-0.998921262549604	0.387761569463566	0.589249223076038	0.563428571428571	0.0021608770606769	questionable fit	Mmlr14-006	1	40	0.0155714285714286	2024-02-20
J11	0.0535714285714286	0.0440821773494321	0.000698886852163695	12341.9176522525	991.787409383965	2.15182948805123	2.12292857142857	0.00617421949427281		Mcba15-005	1	40	0.0535714285714286	2024-02-20
J12	0.126316124858579	0.0240681959989811	0.401912471786871	3.59906531827459	1.72462222303844	5.54211764379144	5.51492857142857	0.00643933943023193		Mmlr14-014	1	40	0.134571428571429	2024-02-20
J13	0.110753500167324	0.0274221846618178	0.685924281481917	1.62040053105932	1.01053016968932	5.09076868963342	5.04342857142857	0.0117092317726361		Mcba15-007	1	40	0.133571428571429	2024-02-20
J14	0.122149407636989	0.0278085750299847	0.342595294083242	3.56563472138344	2.02322446493246	5.33552584230878	5.33792857142857	0.0040733299219391		Wood-18	1	40	0.128571428571429	2024-02-20
J15	0.0956179526051397	0.0401908194652562	0.653106386125803	0.492156638671925	1.06130822678318	4.46276940822358	4.43392857142857	0.00661349851106155		Mcba15-009	1	40	0.105571428571429	2024-02-20
J16	0.105429618367125	0.0252203379763337	0.513310665940345	2.25397321538972	1.35034634296981	4.7668312251774	4.75292857142857	0.00726267526233412		Wood-21	1	40	0.115571428571429	2024-02-20
J17	0.157891980789826	0.0343008439999385	0.332302879940044	3.85735108158744	2.08588977828001	6.85339217233341	6.84392857142857	0.00789213660129081		Mmlr14-002	1	40	0.175571428571429	2024-02-20
J18	0.144197349714498	0.034644738100134	0.537356462133119	2.14244943689496	1.28992061956116	6.53880174939936	6.44392857142857	0.0130750974343949		23G4A03	1	40	0.164571428571429	2024-02-20
J19	0.157646835443754	0.0435133258635122	0.520137077753514	1.85393756413406	1.3326240527856	7.17688709177986	7.13892857142857	0.00754665711715864		23G3B05	1	40	0.166571428571429	2024-02-20
J2	0.176538198998388	0.0500616310559182	0.473841616791535	1.9559324403291	1.46282461480139	8.0042927200985	7.96642857142857	0.0111360688421724		23G3B08	1	40	0.193571428571429	2024-02-20
J20	0	0	0	0	0	0	0	0	cannot fit data	23G4A04	1	40	0.0635714285714286	2024-02-20
J21	0.184836964103679	0.0381260793669813	0.483732297692662	2.78576671494358	1.43291482472054	8.26899122359892	8.21592857142857	0.00948492664931041		23G3B06	1	40	0.194571428571429	2024-02-20
J22	0.213449102420409	0.0437525436273343	0.526437213524525	2.57478405376032	1.31667587843817	9.6029645716112	9.52942857142857	0.0121734378701349		24G4A10	1	40	0.232571428571429	2024-02-20
J23	0.147874114372478	0.0329778183597022	0.718014172405398	1.73839853187989	0.965366990233429	6.78892601554501	6.45542857142857	0.0253370113425334		23G3B07	1	40	0.190571428571429	2024-02-20
J24	0	0	0	0	0	0	0	0	cannot fit data	24G2B02	1	40	0.0735714285714286	2024-02-20
J3	0	0.00912034709134466	0	2.70386117273476	1.61150921785684	1.71066254154939	1.70792857142857	0.00463725561704871		35G2B08	1	40	0.0485714285714286	2024-02-20
J4	0.174748829022571	0.043078471693575	0.566198522723139	1.97329750201841	1.22421227315509	7.95575371814118	7.95792857142857	0.00997255756906845		35G3B09	1	40	0.196571428571429	2024-02-20
J5	0.143827295195074	0.0371633316003461	0.40436059564255	2.60747662207287	1.71418082777947	6.42235729328195	6.47092857142857	0.00838275168498223		35G3B01	1	40	0.156571428571429	2024-02-20
J6	0.162505255090765	0.0479059963357358	0.550911962016412	1.58319425832955	1.25818139439727	7.43994923364682	7.45442857142857	0.00830903828799017		35G3B10	1	40	0.174571428571429	2024-02-20
J7	0.141824420312706	0.0389575433509017	0.383539240253589	2.53158783401774	1.80723928039709	6.32977544012435	6.35692857142857	0.0103070494665433		35G3B02	1	40	0.158571428571429	2024-02-20
J8	0.174322659472099	0.0452222357659643	0.507884631340481	2.06543298913895	1.36477289877918	7.904357115037	7.96442857142857	0.0124288067357656		35G3B11	1	40	0.189571428571429	2024-02-20
J9	0.141794582819234	0.0319239062685753	0.443599522616838	2.78618168299972	1.56255168281291	6.3295408063318	6.34442857142857	0.00647561987160783		35G3B04	1	40	0.149571428571429	2024-02-20
K1	0.120975497903534	0.0316984234364772	0.428081519068464	2.41887990516825	1.61919435828083	5.42833282418345	5.43942857142857	0.0100267309385041		23G3B01	2	40	0.150571428571429	2024-02-20
K10	0	0.0121493951166335	0	-21.9357024998505	9.80770278882932	0.490758598961613	0.413428571428571	0.00246699779712798	questionable fit (k < n0)	Mmlr14-006	2	40	0.0135714285714286	2024-02-20
K11	0.0575714285714286	0.0413409903485365	0.00538560571229234	2499.2707217841	128.703662612708	2.26446261704306	2.25192857142857	0.00563184273859677		Mcba15-005	2	40	0.0575714285714286	2024-02-20
K12	0.125293007148237	0.0192250429368202	0.454409239228879	3.7584321889656	1.52538091376883	5.49722980932927	5.50092857142857	0.00703557791064381		Mmlr14-014	2	40	0.140571428571429	2024-02-20
K13	0.101385992819376	0.0215353275978086	0.690350196917135	1.89825900048258	1.00405154319547	4.63900362794116	4.55242857142857	0.0136812427384368		Mcba15-007	2	40	0.122571428571429	2024-02-20
K14	0.12059905853807	0.026437466126709	0.358692482857923	3.54127911714875	1.93242739584955	5.27847958678939	5.27192857142857	0.00462314843550195		Wood-18	2	40	0.130571428571429	2024-02-20
K15	0.0876977543131819	0.0303089180919732	0.669436367051053	0.953649710762971	1.03541906994587	4.07030817029611	4.02442857142857	0.00645165362449221		Mcba15-009	2	40	0.101571428571429	2024-02-20
K16	0.109281189799611	0.0238921062711448	0.529260954505533	2.40650690629136	1.30965107979206	4.93157159904202	4.90092857142857	0.00807939469909769		Wood-21	2	40	0.120571428571429	2024-02-20
K17	0.142051795197221	0.0237247199437945	0.332958409392295	4.826233633801	2.08178307262176	6.05494830584834	6.04992857142857	0.00620046979496404		Mmlr14-002	2	40	0.151571428571429	2024-02-20
K18	0.143194111678254	0.0315425758614036	0.589886425815168	2.14286077902387	1.1750519256348	6.50607199331323	6.39192857142857	0.0142161147164639		23G4A03	2	40	0.166571428571429	2024-02-20
K19	0.14512123254022	0.0328174080350505	0.497704521422723	2.471845757833	1.39268813266662	6.53235167224753	6.49892857142857	0.00583669614162095		23G3B05	2	40	0.153571428571429	2024-02-20
K2	0.149132486564203	0.0349623985406551	0.3771863295621	3.13748428123653	1.83767842637527	6.58483406191345	6.58742857142857	0.0080432899392498		23G3B08	2	40	0.167571428571429	2024-02-20
K20	0	0	0	0	0	0	0	0	cannot fit data	23G4A04	2	40	0.0605714285714286	2024-02-20
K21	0.168587945440958	0.0311377038713937	0.443439544844038	3.34846668809904	1.56311539784692	7.45007868187126	7.44042857142857	0.0071618297660362		23G3B06	2	40	0.180571428571429	2024-02-20
K22	0.207253098281934	0.04318028495996	0.496740076039636	2.68737384587661	1.39539210543713	9.29370536679658	9.23742857142857	0.0138799794695213		24G4A10	2	40	0.232571428571429	2024-02-20
K23	0.131736969748001	0.022465697245856	0.700077801465042	2.25952593649532	0.990100213304017	5.99052770769313	5.72892857142857	0.0239314834459857		23G3B07	2	40	0.168571428571429	2024-02-20
K24	0	0	0	0	0	0	0	0	cannot fit data	24G2B02	2	40	0.0475714285714286	2024-02-20
K3	0	0.0123097344539421	0	2.09007638684204	1.90011091250573	1.73590472205859	1.72492857142857	0.00496765572815443		35G2B08	2	40	0.0495714285714286	2024-02-20
K4	0.158282892248194	0.0314658550250895	0.557122523829841	2.50185972718757	1.24415573040384	7.1386079944843	7.12842857142857	0.0087935132952731		35G3B09	2	40	0.178571428571429	2024-02-20
K5	0.147748563537625	0.0364727783350182	0.397354752018472	2.80717792432245	1.7444039036627	6.5717605428329	6.60892857142857	0.00726782049469391		35G3B01	2	40	0.160571428571429	2024-02-20
K6	0.142315224314089	0.0348211646061985	0.620553969854763	1.81645797466979	1.11698130095304	6.5082674842174	6.46192857142857	0.00739747082519968		35G3B10	2	40	0.156571428571429	2024-02-20
K7	0.139103331539196	0.0334148035736041	0.459529606743386	2.50581750037688	1.50838416151719	6.24523217317188	6.28292857142857	0.00998059294753366		35G3B02	2	40	0.159571428571429	2024-02-20
K8	0.154233917949294	0.0354499945401243	0.464491549365032	2.60323998493355	1.49227080989415	6.91500082722014	6.99192857142857	0.0132472712405397		35G3B11	2	40	0.174571428571429	2024-02-20
K9	0.142114873790481	0.0355339745258535	0.416700970329119	2.63597909481311	1.66341628629394	6.34877200333897	6.35342857142857	0.00704618163628796		35G3B04	2	40	0.154571428571429	2024-02-20
L1	0.130216898356486	0.0338213550627559	0.357427137647971	2.93029669340014	1.93926847614638	5.75927165794373	5.76592857142857	0.00681643352200561		23G3B01	3	40	0.146571428571429	2024-02-20
L10	0.0355714285714286	0.0124437664772607	0.0195270736460817	818.595934361075	35.4967258854494	0.989709654495811	0.972928571428571	0.0026552929899262		Mmlr14-006	3	40	0.0355714285714286	2024-02-20
L11	0	0.0437856505998202	0	-7.65417442367294	20.4036633314125	2.73847157786359	2.73742857142857	0.00607269260116986	questionable fit	Mcba15-005	3	40	0.0685714285714286	2024-02-20
L12	0.150786705666819	0.0198803402828991	0.444802435835365	4.23727666442148	1.55832595488866	6.55090812979154	6.56342857142857	0.00855164545944423		Mmlr14-014	3	40	0.166571428571429	2024-02-20
L13	0.119069952007652	0.0223834508414451	0.624914179550136	2.34136456097852	1.10918779448872	5.39689438339322	5.33592857142857	0.0108763435029437		Mcba15-007	3	40	0.133571428571429	2024-02-20
L14	0.133935854248912	0.0274457466349952	0.344391990634671	3.93691178960788	2.01266928212402	5.81244802785736	5.81042857142857	0.00456551793565668		Wood-18	3	40	0.139571428571429	2024-02-20
L15	0.0989756600594972	0.0289658214615517	0.57918835886922	1.52371712142166	1.19675606380144	4.5408532318408	4.53342857142857	0.0064807511419771		Mcba15-009	3	40	0.116571428571429	2024-02-20
L16	0.119875549509592	0.0230572368156495	0.523748127014094	2.73959256616806	1.32343610374628	5.37672330154848	5.35492857142857	0.0086851349976543		Wood-21	3	40	0.133571428571429	2024-02-20
L17	0.15611071830844	0.0269420243610929	0.325450561404673	4.81619062763991	2.12980791174015	6.65058312847432	6.64942857142857	0.00727768765527769		Mmlr14-002	3	40	0.171571428571429	2024-02-20
L18	0.146780863322694	0.0317572143885485	0.582645068533644	2.20892254181968	1.18965596380041	6.65983464635404	6.54842857142857	0.0154240987754971		23G4A03	3	40	0.167571428571429	2024-02-20
L19	0.15461801196164	0.0346289950966673	0.453938077776389	2.73761760381661	1.52696417087397	6.91201418069047	6.90342857142857	0.00512262854519146		23G3B05	3	40	0.162571428571429	2024-02-20
L2	0.160058452018902	0.0391847521285922	0.454362920692733	2.47920429194473	1.52553641371782	7.18707317369442	7.18642857142857	0.00975040370482368		23G3B08	3	40	0.184571428571429	2024-02-20
L20	0	0	0	0	0	0	0	0	cannot fit data	23G4A04	3	40	0.0665714285714286	2024-02-20
L21	0.188882000841904	0.0360550101125181	0.377662762207174	3.82420724444268	1.83536014117194	8.23807577032635	8.23892857142857	0.00692475991636926		23G3B06	3	40	0.199571428571429	2024-02-20
L22	0.221872604697964	0.048033281662131	0.481240697763288	2.67275255218191	1.44033367040975	9.94439293355131	9.90842857142857	0.0129284827073572		24G4A10	3	40	0.251571428571429	2024-02-20
L23	0.140238889818852	0.0232624827366951	0.694651160919978	2.32509564022763	0.997834912766804	6.3687811746589	6.09692857142857	0.0240796140367376		23G3B07	3	40	0.179571428571429	2024-02-20
L24	0	0	0	0	0	0	0	0	cannot fit data	24G2B02	3	40	0.0545714285714286	2024-02-20
L3	0	0.012063511853037	0	2.28249775766117	1.73394395020545	1.88943119875711	1.88592857142857	0.00468210777661337		35G2B08	3	40	0.0535714285714286	2024-02-20
L4	0.16862066024102	0.0346911089468687	0.523337618583866	2.58118363617971	1.32447421310086	7.58433544767317	7.63192857142857	0.0107025624092786		35G3B09	3	40	0.186571428571429	2024-02-20
L5	0.169395461630119	0.0422234286567025	0.303078072952522	3.63789270865246	2.28702516750042	7.35450163900907	7.37142857142857	0.0136672398358352		35G3B01	3	40	0.186571428571429	2024-02-20
L6	0.158129590995817	0.0317733996019681	0.625537233028231	2.20686365646394	1.10808301082961	7.1845465687062	7.17892857142857	0.00817910649689923		35G3B10	3	40	0.169571428571429	2024-02-20
L7	0.166462900651442	0.0342857758481193	0.449751385315722	3.00035164287981	1.54117853372116	7.40541090061143	7.44092857142857	0.0115407800785631		35G3B02	3	40	0.185571428571429	2024-02-20
L8	0.17532695420076	0.0360101155392099	0.479132461303864	2.82375121102909	1.44667129977727	7.83648709540257	7.92442857142857	0.0146726069511102		35G3B11	3	40	0.194571428571429	2024-02-20
L9	0.167845111079883	0.0352446717391515	0.421059549324944	3.14688511791796	1.64619750738636	7.4344195194543	7.46192857142857	0.0109499930612181		35G3B04	3	40	0.183571428571429	2024-02-20
M1	0.155995259127973	0.031685402342063	0.189985614028371	7.19486693684383	3.64841929798136	6.17933299169187	6.13142857142857	0.0132405349805536		36G1B07	1	40	0.172571428571429	2024-02-20
M10	0.125916921558306	0.0207786653672414	0.759399392367523	2.13504180954573	0.912757091362652	5.74527093569636	5.61742857142857	0.0126995772548816		41G1B04	1	40	0.153571428571429	2024-02-20
M11	0.153199154576684	0.0271582714708869	0.558219868819515	2.74967759290513	1.24170997715607	6.87875854464505	6.83942857142857	0.0119653585234159		Wood-51	1	40	0.165571428571429	2024-02-20
M13	0.143394673819305	0.0325270807009211	0.431575761808917	2.84136355261457	1.60608459023434	6.39002976847679	6.42242857142857	0.00585176821404209		Napa-12	1	40	0.152571428571429	2024-02-20
M15	0.145651421492186	0.0321250935597235	0.402353263065531	3.13753468529199	1.72273284247493	6.44407844177106	6.45292857142857	0.00470057877213975		Napa-18	1	40	0.157571428571429	2024-02-20
M17	0.127147205458056	0.0245574719365505	0.647319451794147	2.20868026879585	1.0707961558065	5.78008486561006	5.68842857142857	0.0155245018761841		S.11	1	40	0.150571428571429	2024-02-20
M19	0	0	0	0	0	0	0	0	cannot fit data	23G4B04	1	40	0.0565714285714286	2024-02-20
M2	0.201751514401143	0.0468404859085137	0.476205818007242	2.51173544019924	1.45556218414241	9.06540007950229	9.04042857142857	0.011046607135504		25G2A02	1	40	0.226571428571429	2024-02-20
M21	0.146627938047185	0.0240257855209193	0.495656057469615	3.28820137632745	1.39844388082039	6.50305966640171	6.42642857142857	0.0159031232975013		23G4B10	1	40	0.171571428571429	2024-02-20
M23	0.130214782301425	0.0344392203898847	0.602926263367985	1.69641227653877	1.14963839307311	5.9630700209598	5.71342857142857	0.0221045555801815		25D05	1	40	0.166571428571429	2024-02-20
M3	0.180346259568831	0.0402951717700761	0.599315886663566	2.07866275871199	1.156564002364	8.20564729282938	8.11192857142857	0.0146327934080405		36G1B08	1	40	0.211571428571429	2024-02-20
M4	0.112307557835109	0.0313495090741664	0.444864077359859	2.13263453899478	1.55811002918819	5.06862118296137	5.07392857142857	0.00396788224643762		37G2B01	1	40	0.116571428571429	2024-02-20
M5	0.155798492625121	0.0297513647933559	0.669246251844672	2.15732379091329	1.03571320519076	7.09288840883563	7.08992857142857	0.0137193734610408		36G4B07	1	40	0.188571428571429	2024-02-20
M6	0.124623630519421	0.0201154919219601	0.831334595981109	1.98208362441758	0.833776416753016	5.70853102538012	5.50142857142857	0.0153774453400373		40G1B01	1	40	0.154571428571429	2024-02-20
M7	0.117719606401407	0.0262583969192037	0.490603196561601	2.54366284307147	1.41284684938434	5.29054130954976	5.28092857142857	0.00647015299097654		37G2A11	1	40	0.133571428571429	2024-02-20
M8	0.127299056740345	0.0195734547371983	0.795806772990148	2.14299881776416	0.870999348190426	5.81084745572914	5.69292857142857	0.0154003525844888		40G3B03	1	40	0.154571428571429	2024-02-20
M9	0.144006067352923	0.0290451400905392	0.317370699342389	4.334808272751	2.18403016408316	6.18584046276654	6.18892857142857	0.00575840210232291		Wood-3	1	40	0.157571428571429	2024-02-20
N1	0.159237838790703	0.0354455113264088	0.138660505924861	9.01921386790464	4.99887964447177	5.923205149465	5.89742857142857	0.0155476544946631		36G1B07	2	40	0.190571428571429	2024-02-20
N10	0.137238940630821	0.028979752484643	0.655442272184342	2.01075045386296	1.0575259027007	6.2618510633344	6.17942857142857	0.0100769065131785		41G1B04	2	40	0.155571428571429	2024-02-20
N11	0.163161101295727	0.0279362631737964	0.411706731328425	3.83042865332059	1.68359448076891	7.13233029907906	7.14192857142857	0.010242834414354		Wood-51	2	40	0.183571428571429	2024-02-20
N13	0.159698052357891	0.0353912307356844	0.277800805523954	4.52226481067048	2.49512300460258	6.79929074598942	6.78792857142857	0.00822045147509289		Napa-12	2	40	0.168571428571429	2024-02-20
N15	0.156331081925428	0.0347061085870651	0.352540271712896	3.55711591123677	1.96615035551012	6.83648536959855	6.82992857142857	0.00548608986148378		Napa-18	2	40	0.169571428571429	2024-02-20
N17	0.13153864132824	0.0282374269546881	0.538876081767627	2.40686287768601	1.28628306954407	5.93827262621643	5.88442857142857	0.0114343062548354		S.11	2	40	0.156571428571429	2024-02-20
N19	0	0	0	0	0	0	0	0	cannot fit data	23G4B04	2	40	0.0545714285714286	2024-02-20
N2	0.193983658372083	0.0456036674534427	0.467193933397557	2.52526470342064	1.48363908649069	8.71008026590045	8.68892857142857	0.0123425145144299		25G2A02	2	40	0.227571428571429	2024-02-20
N21	0.158013050324115	0.0277955403154077	0.46138309391023	3.34717643336045	1.50232461854099	6.98946937090666	6.93192857142857	0.0139491012858384		23G4B10	2	40	0.179571428571429	2024-02-20
N23	0.141487793256683	0.0337655665624971	0.555893041003909	2.08693815324589	1.24690746138531	6.42674008328531	6.25342857142857	0.0178537717820337		25D05	2	40	0.183571428571429	2024-02-20
N3	0.179416748567362	0.0372717627917912	0.537527824714669	2.49031118297894	1.28950939596082	8.08747482831426	8.02842857142857	0.0158968375041615		36G1B08	2	40	0.214571428571429	2024-02-20
N4	0.115847583155906	0.0409568194344191	0.265125178211501	2.2763294116431	2.61441476526607	5.10636006139536	5.07142857142857	0.00793250112814981		37G2B01	2	40	0.122571428571429	2024-02-20
N5	0.161240468819315	0.0314156437649004	0.539540988000649	2.62979105538493	1.28469791169807	7.25075028136777	7.31592857142857	0.0147007249891098		36G4B07	2	40	0.197571428571429	2024-02-20
N6	0.130704581925688	0.0191871104043614	0.758156177440472	2.32134566171083	0.914253818916313	5.94303979266489	5.77542857142857	0.0133925037125865		40G1B01	2	40	0.158571428571429	2024-02-20
N7	0.12216345483504	0.0239053686434535	0.419518838342389	3.36932303685561	1.65224327779587	5.38882550666077	5.37942857142857	0.00881878243355021		37G2A11	2	40	0.142571428571429	2024-02-20
N8	0.137652171063279	0.0244602848047248	0.775096969572649	1.97657038189652	0.894271565714046	6.30047963780809	6.13592857142857	0.0168255894913398		40G3B03	2	40	0.168571428571429	2024-02-20
N9	0.146044451501328	0.0261623333988425	0.287579701876942	5.29310024687236	2.41027852812974	6.13685942445419	6.12992857142857	0.00657007607380284		Wood-3	2	40	0.152571428571429	2024-02-20
O1	0.159224751901746	0.031364550781633	0.208775216220709	6.73096747105599	3.32006448422105	6.40387760491784	6.36542857142857	0.0117854328628852		36G1B07	3	40	0.191571428571429	2024-02-20
O10	0.171726413012136	0.0362510871114202	0.560151242857099	2.35350751023721	1.23742862199946	7.76601631226556	7.74742857142857	0.00950992746193786		41G1B04	3	40	0.189571428571429	2024-02-20
O11	0.160121494538446	0.0294461918232233	0.470101549288005	3.16984926251528	1.47446265941849	7.10905282812347	7.05042857142857	0.0111969774545303		Wood-51	3	40	0.178571428571429	2024-02-20
O13	0.184597832448542	0.0390444244703508	0.298955785582661	4.401463564232	2.31856085075929	7.90146199136405	7.89692857142857	0.00865602053706046		Napa-12	3	40	0.200571428571429	2024-02-20
O15	0.188414489059819	0.0413424576965504	0.28675820752538	4.42544429221595	2.41718340528613	8.04731450055995	8.03292857142857	0.0133543265708298		Napa-18	3	40	0.241571428571429	2024-02-20
O17	0.134459007576386	0.028110135153531	0.516482375454471	2.57626360430443	1.34205388896382	6.04657273539207	5.98492857142857	0.01342729074719		S.11	3	40	0.162571428571429	2024-02-20
O19	0	0	0	0	0	0	0	0	cannot fit data	23G4B04	3	40	0.0575714285714286	2024-02-20
O2	0.195131512115245	0.0460859907084372	0.426576720691793	2.75153964226831	1.62490625235209	8.70615720259724	8.70242857142857	0.0114619213105796		25G2A02	3	40	0.219571428571429	2024-02-20
O21	0.177088586580119	0.0318182625016184	0.459296673754279	3.30626364195662	1.50914914078123	7.83838805774587	7.76742857142857	0.0145154508271216		23G4B10	3	40	0.200571428571429	2024-02-20
O23	0.136967153362572	0.0349302844563017	0.596161095912957	1.79813814217691	1.16268435715092	6.2604979298757	6.03442857142857	0.0194560036868948		25D05	3	40	0.168571428571429	2024-02-20
O3	0.20087195377529	0.0459134826647914	0.511137291981522	2.37978789236458	1.35608806368408	9.06183604823226	8.99292857142857	0.0206276898804827		36G1B08	3	40	0.261571428571429	2024-02-20
O4	0.14874413902599	0.0315187588916764	0.250085127245401	5.25227362883608	2.77164495223972	6.21685420595492	6.23992857142857	0.0188419747845787		37G2B01	3	40	0.196571428571429	2024-02-20
O5	0.184224545533611	0.0400901417761646	0.478246180106624	2.67564240724952	1.44935225704345	8.25532546362655	8.26942857142857	0.0172043766759138		36G4B07	3	40	0.227571428571429	2024-02-20
O6	0.142195469879865	0.0226432062972569	0.631096766743245	2.63651131076445	1.09832155239348	6.41140194771013	6.34742857142857	0.0151087549933758		40G1B01	3	40	0.171571428571429	2024-02-20
O7	0.128870016982674	0.0289072762381985	0.370887275595307	3.3452325524908	1.86888908347525	5.66640243166356	5.63192857142857	0.0130682256076351		37G2A11	3	40	0.153571428571429	2024-02-20
O8	0.142568409484003	0.0236782002369511	0.734492879599715	2.19695207002351	0.943708509383642	6.49481413439749	6.35442857142857	0.018300898391429		40G3B03	3	40	0.167571428571429	2024-02-20
O9	0.17930532249144	0.0332843510037323	0.298236644355187	4.95801885182353	2.32415162147022	7.59420386075624	7.58442857142857	0.0076379437558991		Wood-3	3	40	0.191571428571429	2024-02-20
A1	0	0.0272532910979958	0	-2.9918815954016	9.56264563685798	1.9771036269833	1.99485714285714	0.0085101398382795	questionable fit	02D05	1	46	0.0608095238095238	2024-02-20
A10	0	0	0	0	0	0	0	0	cannot fit data	26G1B06	1	46	0.0438095238095238	2024-02-20
A11	0	0	0	0	0	0	0	0	cannot fit data	25G4A05	1	46	0.0318095238095238	2024-02-20
A12	0	0	0	0	0	0	0	0	cannot fit data	26G3B01	1	46	0.0358095238095238	2024-02-20
A13	0	0	0	0	0	0	0	0	cannot fit data	26G1A06	1	46	0.0548095238095238	2024-02-20
A14	0	0	0	0	0	0	0	0	cannot fit data	Grass-36	1	46	0.0338095238095238	2024-02-20
A15	0	0	0	0	0	0	0	0	cannot fit data	41G3A07	1	46	0.00680952380952381	2024-02-20
A16	0	0	0	0	0	0	0	0	cannot fit data	Grass-39	1	46	0.0378095238095238	2024-02-20
A17	0	0	0	0	0	0	0	0	cannot fit data	Desert-26	1	46	0.0408095238095238	2024-02-20
A18	0	0	0	0	0	0	0	0	cannot fit data	Grass-40	1	46	0.0348095238095238	2024-02-20
A19	0	0	0	0	0	0	0	0	cannot fit data	Grass-31	1	46	0.0738095238095238	2024-02-20
A2	0	0	0	0	0	0	0	0	cannot fit data	08G1B09	1	46	0.0378095238095238	2024-02-20
A20	0	0.0296704766619169	0	-6.84050393588412	3.30962196487776	1.11367100893031	1.17585714285714	0.0206891244116918	questionable fit (k < n0)	Grass-42	1	46	0.0988095238095238	2024-02-20
A21	0	0	0	0	0	0	0	0	cannot fit data	Grass-34	1	46	0.0708095238095238	2024-02-20
A22	0	0	0	0	0	0	0	0	cannot fit data	09G3B12	1	46	0.0508095238095238	2024-02-20
A23	0.0948095238095238	0.0196779342231729	0.00837151650564855	1550.98832761723	82.7982815410153	1.16250638143931	0.981857142857143	0.0160458478426373		04G2A10	1	46	0.0948095238095238	2024-02-20
A24	0	0.0367576784081312	0	-0.0493958164396203	0.111674735014105	3.0571868684026	2.64335714285714	0.0224941867095725	questionable fit	12G2A10	1	46	0.0978095238095238	2024-02-20
A3	0	0.0228298821784555	0	-465.185241939341	159.412006828747	1.07986119410837	1.15635714285714	0.013312258857165	questionable fit (k < n0)	02G1B04	1	46	0.0628095238095238	2024-02-20
A4	0	0.0350421242071437	0	-43.2870192759016	20.7147619799643	1.46272547701702	1.41385714285714	0.0159959958574846	questionable fit (k < n0)	08G4B02	1	46	0.0968095238095238	2024-02-20
A5	0	0.0307991728967989	0	-0.296278150994607	0.196326078663676	1.99419926249921	1.85885714285714	0.0164863827551665	questionable fit	02G2A03	1	46	0.0868095238095238	2024-02-20
A6	0	0.040064106232051	0	-55.1107443529899	17.0346158659373	1.80430178474658	1.71835714285714	0.00877619380743439	questionable fit (k < n0)	09G1A07	1	46	0.0568095238095238	2024-02-20
A7	0	0	0	0	0	0	0	0	cannot fit data	04G1A01	1	46	0.0158095238095238	2024-02-20
A8	0	0	0	0	0	0	0	0	cannot fit data	26G1B04	1	46	0.0438095238095238	2024-02-20
A9	0	0	0	0	0	0	0	0	cannot fit data	25G3A08	1	46	0.0538095238095238	2024-02-20
B1	0	0.0275658906751207	0	-34.4065361233455	24.6211799124768	1.51737401346062	1.53785714285714	0.00461987497874841	questionable fit	02D05	2	46	0.0388095238095238	2024-02-20
B10	0	0	0	0	0	0	0	0	cannot fit data	26G1B06	2	46	0.0458095238095238	2024-02-20
B11	0	0	0	0	0	0	0	0	cannot fit data	25G4A05	2	46	0.0328095238095238	2024-02-20
B12	0	0	0	0	0	0	0	0	cannot fit data	26G3B01	2	46	0.0568095238095238	2024-02-20
B13	0	0	0	0	0	0	0	0	cannot fit data	26G1A06	2	46	0.0568095238095238	2024-02-20
B14	0	0	0	0	0	0	0	0	cannot fit data	Grass-36	2	46	0.0828095238095238	2024-02-20
B15	0	0	0	0	0	0	0	0	cannot fit data	41G3A07	2	46	0.00480952380952382	2024-02-20
B16	0	0	0	0	0	0	0	0	cannot fit data	Grass-39	2	46	0.0348095238095238	2024-02-20
B17	0	0	0	0	0	0	0	0	cannot fit data	Desert-26	2	46	0.0348095238095238	2024-02-20
B18	0	0	0	0	0	0	0	0	cannot fit data	Grass-40	2	46	0.0408095238095238	2024-02-20
B19	0	0	0	0	0	0	0	0	cannot fit data	Grass-31	2	46	0.0418095238095238	2024-02-20
B2	0	0	0	0	0	0	0	0	cannot fit data	08G1B09	2	46	0.0418095238095238	2024-02-20
B20	0	0	0	0	0	0	0	0	cannot fit data	Grass-42	2	46	0.0338095238095238	2024-02-20
B21	0	0	0	0	0	0	0	0	cannot fit data	Grass-34	2	46	0.0448095238095238	2024-02-20
B22	0	0	0	0	0	0	0	0	cannot fit data	09G3B12	2	46	0.0488095238095238	2024-02-20
B23	0	0	0	0	0	0	0	0	cannot fit data	04G2A10	2	46	0.0248095238095238	2024-02-20
B24	0	0	0	0	0	0	0	0	cannot fit data	12G2A10	2	46	0.0508095238095238	2024-02-20
B3	0	0	0	0	0	0	0	0	cannot fit data	02G1B04	2	46	0.0478095238095238	2024-02-20
B4	0	0	0	0	0	0	0	0	cannot fit data	08G4B02	2	46	0.0468095238095238	2024-02-20
B5	0	0	0	0	0	0	0	0	cannot fit data	02G2A03	2	46	0.0418095238095238	2024-02-20
B6	0	0	0	0	0	0	0	0	cannot fit data	09G1A07	2	46	0.0408095238095238	2024-02-20
B7	0	0	0	0	0	0	0	0	cannot fit data	04G1A01	2	46	0.00980952380952381	2024-02-20
B8	0	0	0	0	0	0	0	0	cannot fit data	26G1B04	2	46	0.0448095238095238	2024-02-20
B9	0	0	0	0	0	0	0	0	cannot fit data	25G3A08	2	46	0.0588095238095238	2024-02-20
C1	0.0448095238095238	0.0294961684840867	0.00402851243710637	2711.7173426952	172.060330303417	1.56196707444911	1.57135714285714	0.00584343385871023		02D05	3	46	0.0448095238095238	2024-02-20
C10	0	0	0	0	0	0	0	0	cannot fit data	26G1B06	3	46	0.0408095238095238	2024-02-20
C11	0	0	0	0	0	0	0	0	cannot fit data	25G4A05	3	46	0.0238095238095238	2024-02-20
C12	0	0	0	0	0	0	0	0	cannot fit data	26G3B01	3	46	0.0438095238095238	2024-02-20
C13	0	0	0	0	0	0	0	0	cannot fit data	26G1A06	3	46	0.0488095238095238	2024-02-20
C14	0	0	0	0	0	0	0	0	cannot fit data	Grass-36	3	46	0.0348095238095238	2024-02-20
C15	0	0	0	0	0	0	0	0	cannot fit data	41G3A07	3	46	0.00580952380952381	2024-02-20
C16	0	0	0	0	0	0	0	0	cannot fit data	Grass-39	3	46	0.0418095238095238	2024-02-20
C17	0	0	0	0	0	0	0	0	cannot fit data	Desert-26	3	46	0.0488095238095238	2024-02-20
C18	0	0	0	0	0	0	0	0	cannot fit data	Grass-40	3	46	0.0378095238095238	2024-02-20
C19	0	0	0	0	0	0	0	0	cannot fit data	Grass-31	3	46	0.0488095238095238	2024-02-20
C2	0	0	0	0	0	0	0	0	cannot fit data	08G1B09	3	46	0.0398095238095238	2024-02-20
C20	0	0	0	0	0	0	0	0	cannot fit data	Grass-42	3	46	0.0368095238095238	2024-02-20
C21	0	0	0	0	0	0	0	0	cannot fit data	Grass-34	3	46	0.0468095238095238	2024-02-20
C22	0	0.0394365287770513	0	-39.6416148350936	14.1118890648791	1.71946752247779	1.49835714285714	0.00734113378825214	questionable fit (k < n0)	09G3B12	3	46	0.0468095238095238	2024-02-20
C23	0	0	0	0	0	0	0	0	cannot fit data	04G2A10	3	46	0.0198095238095238	2024-02-20
C24	0	0	0	0	0	0	0	0	cannot fit data	12G2A10	3	46	0.0468095238095238	2024-02-20
C3	0	0	0	0	0	0	0	0	cannot fit data	02G1B04	3	46	0.0358095238095238	2024-02-20
C4	0	0	0	0	0	0	0	0	cannot fit data	08G4B02	3	46	0.0348095238095238	2024-02-20
C5	0	0	0	0	0	0	0	0	cannot fit data	02G2A03	3	46	0.0508095238095238	2024-02-20
C6	0	0	0	0	0	0	0	0	cannot fit data	09G1A07	3	46	0.0368095238095238	2024-02-20
C7	0	0	0	0	0	0	0	0	cannot fit data	04G1A01	3	46	0.0108095238095238	2024-02-20
C8	0	0	0	0	0	0	0	0	cannot fit data	26G1B04	3	46	0.0438095238095238	2024-02-20
C9	0	0	0	0	0	0	0	0	cannot fit data	25G3A08	3	46	0.0638095238095238	2024-02-20
D1	0	0	0	0	0	0	0	0	cannot fit data	16G1A05	1	46	0.0328095238095238	2024-02-20
D10	0	0	0	0	0	0	0	0	cannot fit data	30G3A09	1	46	0.0338095238095238	2024-02-20
D11	0	0	0	0	0	0	0	0	cannot fit data	28G1A08	1	46	0.0408095238095238	2024-02-20
D12	0	0	0	0	0	0	0	0	cannot fit data	32G4B12	1	46	0.0548095238095238	2024-02-20
D13	0	0	0	0	0	0	0	0	cannot fit data	Grass-43	1	46	0.0328095238095238	2024-02-20
D14	0	0	0	0	0	0	0	0	cannot fit data	Grass-53	1	46	0.0318095238095238	2024-02-20
D15	0	0	0	0	0	0	0	0	cannot fit data	Grass-44	1	46	0.0518095238095238	2024-02-20
D16	0	0	0	0	0	0	0	0	cannot fit data	Grass-54	1	46	0.0348095238095238	2024-02-20
D17	0	0	0	0	0	0	0	0	cannot fit data	Grass-45	1	46	0.0558095238095238	2024-02-20
D18	0	0	0	0	0	0	0	0	cannot fit data	Grass-55	1	46	0.0438095238095238	2024-02-20
D19	0	0	0	0	0	0	0	0	cannot fit data	Grass-51	1	46	0.0628095238095238	2024-02-20
D2	0	0	0	0	0	0	0	0	cannot fit data	19G2B10	1	46	0.0408095238095238	2024-02-20
D20	0	0	0	0	0	0	0	0	cannot fit data	Grass-57	1	46	0.0348095238095238	2024-02-20
D21	0	0	0	0	0	0	0	0	cannot fit data	18G1A07	1	46	0.0128095238095238	2024-02-20
D22	0	0	0	0	0	0	0	0	cannot fit data	19G3B08	1	46	0.0528095238095238	2024-02-20
D23	0	0	0	0	0	0	0	0	cannot fit data	18G4B09	1	46	0.00980952380952381	2024-02-20
D24	0	0	0	0	0	0	0	0	cannot fit data	19G4A01	1	46	0.0468095238095238	2024-02-20
D3	0	0	0	0	0	0	0	0	cannot fit data	16G2A12	1	46	0.00980952380952381	2024-02-20
D4	0	0	0	0	0	0	0	0	cannot fit data	19G3B07	1	46	0.0118095238095238	2024-02-20
D5	0	0	0	0	0	0	0	0	cannot fit data	26G3B03	1	46	0.0398095238095238	2024-02-20
D6	0	0	0	0	0	0	0	0	cannot fit data	28G3A04	1	46	0.0478095238095238	2024-02-20
D7	0	0	0	0	0	0	0	0	cannot fit data	26G3B10	1	46	0.0418095238095238	2024-02-20
D8	0	0	0	0	0	0	0	0	cannot fit data	28G4A10	1	46	0.0358095238095238	2024-02-20
D9	0.0568095238095238	0.0371045803384717	0.0000956071582576068	113862.525452283	7249.95066470136	1.78511271596887	1.73835714285714	0.00950046475234399		28D10	1	46	0.0568095238095238	2024-02-20
E1	0	0	0	0	0	0	0	0	cannot fit data	16G1A05	2	46	0.0468095238095238	2024-02-20
E10	0	0.0270507192277583	0	-7.51489659083811	7.29153090828346	0.759785645545516	0.586357142857143	0.00547380497032521	questionable fit (k < n0)	30G3A09	2	46	0.0288095238095238	2024-02-20
E11	0	0	0	0	0	0	0	0	cannot fit data	28G1A08	2	46	0.0458095238095238	2024-02-20
E12	0	0	0	0	0	0	0	0	cannot fit data	32G4B12	2	46	0.0428095238095238	2024-02-20
E13	0	0	0	0	0	0	0	0	cannot fit data	Grass-43	2	46	0.0378095238095238	2024-02-20
E14	0	0	0	0	0	0	0	0	cannot fit data	Grass-53	2	46	0.0288095238095238	2024-02-20
E15	0	0	0	0	0	0	0	0	cannot fit data	Grass-44	2	46	0.0458095238095238	2024-02-20
E16	0	0	0	0	0	0	0	0	cannot fit data	Grass-54	2	46	0.0498095238095238	2024-02-20
E17	0	0	0	0	0	0	0	0	cannot fit data	Grass-45	2	46	0.0398095238095238	2024-02-20
E18	0	0	0	0	0	0	0	0	cannot fit data	Grass-55	2	46	0.0488095238095238	2024-02-20
E19	0	0	0	0	0	0	0	0	cannot fit data	Grass-51	2	46	0.0448095238095238	2024-02-20
E2	0	0	0	0	0	0	0	0	cannot fit data	19G2B10	2	46	0.0448095238095238	2024-02-20
E20	0	0	0	0	0	0	0	0	cannot fit data	Grass-57	2	46	0.0398095238095238	2024-02-20
E21	0	0	0	0	0	0	0	0	cannot fit data	18G1A07	2	46	0.00980952380952381	2024-02-20
E22	0	0	0	0	0	0	0	0	cannot fit data	19G3B08	2	46	0.0488095238095238	2024-02-20
E23	0	0	0	0	0	0	0	0	cannot fit data	18G4B09	2	46	0.0128095238095238	2024-02-20
E24	0	0	0	0	0	0	0	0	cannot fit data	19G4A01	2	46	0.0488095238095238	2024-02-20
E3	0	0	0	0	0	0	0	0	cannot fit data	16G2A12	2	46	0.0158095238095238	2024-02-20
E4	0	0.0108095238095238	0	-6.31011754227693	7.43006136257954	0.272281700987087	0.182857142857143	0.00213793838951996	questionable fit (k < n0)	19G3B07	2	46	0.0108095238095238	2024-02-20
E5	0	0	0	0	0	0	0	0	cannot fit data	26G3B03	2	46	0.0628095238095238	2024-02-20
E6	0	0	0	0	0	0	0	0	cannot fit data	28G3A04	2	46	0.0488095238095238	2024-02-20
E7	0	0	0	0	0	0	0	0	cannot fit data	26G3B10	2	46	0.0468095238095238	2024-02-20
E8	0	0	0	0	0	0	0	0	cannot fit data	28G4A10	2	46	0.0298095238095238	2024-02-20
E9	0	0	0	0	0	0	0	0	cannot fit data	28D10	2	46	0.0388095238095238	2024-02-20
F1	0	0	0	0	0	0	0	0	cannot fit data	16G1A05	3	46	0.0388095238095238	2024-02-20
F10	0	0	0	0	0	0	0	0	cannot fit data	30G3A09	3	46	0.0388095238095238	2024-02-20
F11	0	0	0	0	0	0	0	0	cannot fit data	28G1A08	3	46	0.0538095238095238	2024-02-20
F12	0	0	0	0	0	0	0	0	cannot fit data	32G4B12	3	46	0.0508095238095238	2024-02-20
F13	0	0	0	0	0	0	0	0	cannot fit data	Grass-43	3	46	0.0408095238095238	2024-02-20
F14	0	0.0354853102166198	0	-9.01467481097728	5.62116510249072	1.2197341413624	1.03085714285714	0.0100048243383358	questionable fit (k < n0)	Grass-53	3	46	0.0508095238095238	2024-02-20
F15	0	0	0	0	0	0	0	0	cannot fit data	Grass-44	3	46	0.0448095238095238	2024-02-20
F16	0	0	0	0	0	0	0	0	cannot fit data	Grass-54	3	46	0.0438095238095238	2024-02-20
F17	0	0	0	0	0	0	0	0	cannot fit data	Grass-45	3	46	0.0518095238095238	2024-02-20
F18	0	0	0	0	0	0	0	0	cannot fit data	Grass-55	3	46	0.0378095238095238	2024-02-20
F19	0	0	0	0	0	0	0	0	cannot fit data	Grass-51	3	46	0.0538095238095238	2024-02-20
F2	0	0	0	0	0	0	0	0	cannot fit data	19G2B10	3	46	0.0278095238095238	2024-02-20
F20	0	0	0	0	0	0	0	0	cannot fit data	Grass-57	3	46	0.0358095238095238	2024-02-20
F21	0	0	0	0	0	0	0	0	cannot fit data	18G1A07	3	46	0.0108095238095238	2024-02-20
F22	0	0	0	0	0	0	0	0	cannot fit data	19G3B08	3	46	0.0628095238095238	2024-02-20
F23	0	0.0128095238095238	0	-1.26911311885185	0.928391264836818	0.381632612607121	0.386857142857143	0.000886514248866396	questionable fit (k < n0)	18G4B09	3	46	0.0128095238095238	2024-02-20
F24	0	0	0	0	0	0	0	0	cannot fit data	19G4A01	3	46	0.0498095238095238	2024-02-20
F3	0	0	0	0	0	0	0	0	cannot fit data	16G2A12	3	46	0.0118095238095238	2024-02-20
F4	0	0	0	0	0	0	0	0	cannot fit data	19G3B07	3	46	0.00880952380952381	2024-02-20
F5	0	0	0	0	0	0	0	0	cannot fit data	26G3B03	3	46	0.0808095238095238	2024-02-20
F6	0	0	0	0	0	0	0	0	cannot fit data	28G3A04	3	46	0.0678095238095238	2024-02-20
F7	0	0	0	0	0	0	0	0	cannot fit data	26G3B10	3	46	0.0568095238095238	2024-02-20
F8	0	0	0	0	0	0	0	0	cannot fit data	28G4A10	3	46	0.0438095238095238	2024-02-20
F9	0	0	0	0	0	0	0	0	cannot fit data	28D10	3	46	0.0498095238095238	2024-02-20
G1	0	0.0363679066024495	0	-7.48597155936057	3.30285348048716	1.41483898603529	1.24385714285714	0.0075415211069624	questionable fit (k < n0)	20G2A05	1	46	0.0378095238095238	2024-02-20
G10	0	0	0	0	0	0	0	0	cannot fit data	35G2A07	1	46	0.0418095238095238	2024-02-20
G11	0	0	0	0	0	0	0	0	cannot fit data	Grass-58	1	46	0.0378095238095238	2024-02-20
G12	0	0	0	0	0	0	0	0	cannot fit data	Mcba15-003	1	46	0.0358095238095238	2024-02-20
G13	0	0	0	0	0	0	0	0	cannot fit data	Grass-59	1	46	0.0398095238095238	2024-02-20
G14	0	0	0	0	0	0	0	0	cannot fit data	Salt-6	1	46	0.0388095238095238	2024-02-20
G15	0	0.032290164026615	0	-35.4674944343473	15.3082570524885	1.35338111964192	1.11385714285714	0.00805992998091073	questionable fit (k < n0)	Pine-20	1	46	0.0388095238095238	2024-02-20
G16	0	0.0353003118421871	0	-30.9524009471389	26.0482809170655	1.28379155207055	0.868857142857143	0.0100852289679422	questionable fit (k < n0)	Salt-5	1	46	0.0418095238095238	2024-02-20
G17	0	0	0	0	0	0	0	0	cannot fit data	Salt-11	1	46	0.0388095238095238	2024-02-20
G18	0	0	0	0	0	0	0	0	cannot fit data	Salt-16	1	46	0.0408095238095238	2024-02-20
G19	0	0	0	0	0	0	0	0	cannot fit data	23G1B04	1	46	0.0648095238095238	2024-02-20
G2	0	0.0484040743391063	0	-12.0959891696495	4.20615613712597	2.04400257271026	1.94285714285714	0.0110138912840107	questionable fit (k < n0)	23G2B11	1	46	0.0608095238095238	2024-02-20
G20	0	0	0	0	0	0	0	0	cannot fit data	23G3A03	1	46	0.0598095238095238	2024-02-20
G21	0	0	0	0	0	0	0	0	cannot fit data	23G1B09	1	46	0.0588095238095238	2024-02-20
G22	0	0	0	0	0	0	0	0	cannot fit data	23G3A08	1	46	0.0418095238095238	2024-02-20
G23	0	0	0	0	0	0	0	0	cannot fit data	23G2A11	1	46	0.0448095238095238	2024-02-20
G24	0	0	0	0	0	0	0	0	cannot fit data	23G3A10	1	46	0.0428095238095238	2024-02-20
G3	0	0	0	0	0	0	0	0	cannot fit data	23D06	1	46	0.0348095238095238	2024-02-20
G4	0	0	0	0	0	0	0	0	cannot fit data	35D02	1	46	0.0278095238095238	2024-02-20
G5	0	0	0	0	0	0	0	0	cannot fit data	33G1A03	1	46	0.0428095238095238	2024-02-20
G6	0	0	0	0	0	0	0	0	cannot fit data	35D04	1	46	0.0288095238095238	2024-02-20
G7	0	0	0	0	0	0	0	0	cannot fit data	33G3A07	1	46	0.0248095238095238	2024-02-20
G8	0	0	0	0	0	0	0	0	cannot fit data	35G1B04	1	46	0.0568095238095238	2024-02-20
G9	0	0	0	0	0	0	0	0	cannot fit data	33G4B08	1	46	0.0478095238095238	2024-02-20
H1	0	0	0	0	0	0	0	0	cannot fit data	20G2A05	2	46	0.0278095238095238	2024-02-20
H10	0	0	0	0	0	0	0	0	cannot fit data	35G2A07	2	46	0.0328095238095238	2024-02-20
H11	0	0	0	0	0	0	0	0	cannot fit data	Grass-58	2	46	0.0278095238095238	2024-02-20
H12	0	0	0	0	0	0	0	0	cannot fit data	Mcba15-003	2	46	0.0508095238095238	2024-02-20
H13	0	0.0327270572505696	0	-10.8387171190491	6.84332893574132	1.13369027105383	1.01685714285714	0.00663067875802398	questionable fit (k < n0)	Grass-59	2	46	0.0388095238095238	2024-02-20
H14	0	0	0	0	0	0	0	0	cannot fit data	Salt-6	2	46	0.0478095238095238	2024-02-20
H15	0	0	0	0	0	0	0	0	cannot fit data	Pine-20	2	46	0.0358095238095238	2024-02-20
H16	0	0.0239279943633987	0	-162.99583803187	117.108532899903	1.06549815337747	0.561357142857143	0.0123905876898863	questionable fit (k < n0)	Salt-5	2	46	0.0348095238095238	2024-02-20
H17	0	0	0	0	0	0	0	0	cannot fit data	Salt-11	2	46	0.0318095238095238	2024-02-20
H18	0	0	0	0	0	0	0	0	cannot fit data	Salt-16	2	46	0.0348095238095238	2024-02-20
H19	0	0	0	0	0	0	0	0	cannot fit data	23G1B04	2	46	0.0528095238095238	2024-02-20
H2	0	0	0	0	0	0	0	0	cannot fit data	23G2B11	2	46	0.0548095238095238	2024-02-20
H20	0	0	0	0	0	0	0	0	cannot fit data	23G3A03	2	46	0.0488095238095238	2024-02-20
H21	0	0	0	0	0	0	0	0	cannot fit data	23G1B09	2	46	0.0558095238095238	2024-02-20
H22	0	0	0	0	0	0	0	0	cannot fit data	23G3A08	2	46	0.0288095238095238	2024-02-20
H23	0	0	0	0	0	0	0	0	cannot fit data	23G2A11	2	46	0.0418095238095238	2024-02-20
H24	0.0568095238095238	0.0258244055165772	0.000639833614597009	15273.316072574	1083.32410918503	1.2588015854338	1.24235714285714	0.00922455980109264		23G3A10	2	46	0.0568095238095238	2024-02-20
H3	0	0	0	0	0	0	0	0	cannot fit data	23D06	2	46	0.0268095238095238	2024-02-20
H4	0	0	0	0	0	0	0	0	cannot fit data	35D02	2	46	0.0228095238095238	2024-02-20
H5	0	0	0	0	0	0	0	0	cannot fit data	33G1A03	2	46	0.0348095238095238	2024-02-20
H6	0	0	0	0	0	0	0	0	cannot fit data	35D04	2	46	0.0268095238095238	2024-02-20
H7	0	0	0	0	0	0	0	0	cannot fit data	33G3A07	2	46	0.0188095238095238	2024-02-20
H8	0	0	0	0	0	0	0	0	cannot fit data	35G1B04	2	46	0.0518095238095238	2024-02-20
H9	0	0.0347757264952121	0	-8.80569817765319	6.18671104883828	1.13734557027543	0.884357142857143	0.00779696321074313	questionable fit (k < n0)	33G4B08	2	46	0.0368095238095238	2024-02-20
I1	0	0.0508095238095238	0	-6.00439117130685	2.88386409915161	1.90635929644147	1.68885714285714	0.00977186691048815	questionable fit (k < n0)	20G2A05	3	46	0.0508095238095238	2024-02-20
I10	0	0	0	0	0	0	0	0	cannot fit data	35G2A07	3	46	0.0448095238095238	2024-02-20
I11	0	0	0	0	0	0	0	0	cannot fit data	Grass-58	3	46	0.0408095238095238	2024-02-20
I12	0	0	0	0	0	0	0	0	cannot fit data	Mcba15-003	3	46	0.0358095238095238	2024-02-20
I13	0	0	0	0	0	0	0	0	cannot fit data	Grass-59	3	46	0.0588095238095238	2024-02-20
I14	0	0	0	0	0	0	0	0	cannot fit data	Salt-6	3	46	0.0478095238095238	2024-02-20
I15	0	0	0	0	0	0	0	0	cannot fit data	Pine-20	3	46	0.0368095238095238	2024-02-20
I16	0	0	0	0	0	0	0	0	cannot fit data	Salt-5	3	46	0.0398095238095238	2024-02-20
I17	0	0	0	0	0	0	0	0	cannot fit data	Salt-11	3	46	0.0458095238095238	2024-02-20
I18	0	0	0	0	0	0	0	0	cannot fit data	Salt-16	3	46	0.0458095238095238	2024-02-20
I19	0	0	0	0	0	0	0	0	cannot fit data	23G1B04	3	46	0.0828095238095238	2024-02-20
I2	0	0	0	0	0	0	0	0	cannot fit data	23G2B11	3	46	0.0438095238095238	2024-02-20
I20	0	0.053482493677767	0	-10.3103332269103	7.51854064278483	1.74710384908896	1.49485714285714	0.00897484013346391	questionable fit (k < n0)	23G3A03	3	46	0.0558095238095238	2024-02-20
I21	0	0.0566909064896784	0	-10.9528337930722	6.57962593264897	2.0017193076358	1.78785714285714	0.00872015328453962	questionable fit (k < n0)	23G1B09	3	46	0.0608095238095238	2024-02-20
I22	0	0	0	0	0	0	0	0	cannot fit data	23G3A08	3	46	0.0378095238095238	2024-02-20
I23	0	0	0	0	0	0	0	0	cannot fit data	23G2A11	3	46	0.0428095238095238	2024-02-20
I24	0	0	0	0	0	0	0	0	cannot fit data	23G3A10	3	46	0.0388095238095238	2024-02-20
I3	0	0	0	0	0	0	0	0	cannot fit data	23D06	3	46	0.0488095238095238	2024-02-20
I4	0	0	0	0	0	0	0	0	cannot fit data	35D02	3	46	0.0238095238095238	2024-02-20
I5	0	0	0	0	0	0	0	0	cannot fit data	33G1A03	3	46	0.0538095238095238	2024-02-20
I6	0	0	0	0	0	0	0	0	cannot fit data	35D04	3	46	0.0218095238095238	2024-02-20
I7	0	0	0	0	0	0	0	0	cannot fit data	33G3A07	3	46	0.0308095238095238	2024-02-20
I8	0	0	0	0	0	0	0	0	cannot fit data	35G1B04	3	46	0.0428095238095238	2024-02-20
I9	0	0	0	0	0	0	0	0	cannot fit data	33G4B08	3	46	0.0548095238095238	2024-02-20
J1	0	0.0314782559995497	0	-20.9885392928753	11.2813545554487	1.2090456351008	1.05185714285714	0.00806358630826397	questionable fit (k < n0)	23G3B01	1	46	0.0418095238095238	2024-02-20
J10	0	0	0	0	0	0	0	0	cannot fit data	Mmlr14-006	1	46	0.00580952380952381	2024-02-20
J11	0	0	0	0	0	0	0	0	cannot fit data	Mcba15-005	1	46	0.0328095238095238	2024-02-20
J12	0	0	0	0	0	0	0	0	cannot fit data	Mmlr14-014	1	46	0.0238095238095238	2024-02-20
J13	0	0	0	0	0	0	0	0	cannot fit data	Mcba15-007	1	46	0.0378095238095238	2024-02-20
J14	0	0	0	0	0	0	0	0	cannot fit data	Wood-18	1	46	0.0368095238095238	2024-02-20
J15	0	0	0	0	0	0	0	0	cannot fit data	Mcba15-009	1	46	0.0378095238095238	2024-02-20
J16	0	0	0	0	0	0	0	0	cannot fit data	Wood-21	1	46	0.0328095238095238	2024-02-20
J17	0	0	0	0	0	0	0	0	cannot fit data	Mmlr14-002	1	46	0.0378095238095238	2024-02-20
J18	0	0	0	0	0	0	0	0	cannot fit data	23G4A03	1	46	0.0578095238095238	2024-02-20
J19	0	0	0	0	0	0	0	0	cannot fit data	23G3B05	1	46	0.0548095238095238	2024-02-20
J2	0	0	0	0	0	0	0	0	cannot fit data	23G3B08	1	46	0.0508095238095238	2024-02-20
J20	0	0	0	0	0	0	0	0	cannot fit data	23G4A04	1	46	0.0328095238095238	2024-02-20
J21	0	0	0	0	0	0	0	0	cannot fit data	23G3B06	1	46	0.0488095238095238	2024-02-20
J22	0	0	0	0	0	0	0	0	cannot fit data	24G4A10	1	46	0.0718095238095238	2024-02-20
J23	0	0	0	0	0	0	0	0	cannot fit data	23G3B07	1	46	0.0548095238095238	2024-02-20
J24	0	0	0	0	0	0	0	0	cannot fit data	24G2B02	1	46	0.0338095238095238	2024-02-20
J3	0	0	0	0	0	0	0	0	cannot fit data	35G2B08	1	46	0.0148095238095238	2024-02-20
J4	0	0	0	0	0	0	0	0	cannot fit data	35G3B09	1	46	0.0388095238095238	2024-02-20
J5	0	0	0	0	0	0	0	0	cannot fit data	35G3B01	1	46	0.0428095238095238	2024-02-20
J6	0	0	0	0	0	0	0	0	cannot fit data	35G3B10	1	46	0.0478095238095238	2024-02-20
J7	0	0	0	0	0	0	0	0	cannot fit data	35G3B02	1	46	0.0468095238095238	2024-02-20
J8	0	0	0	0	0	0	0	0	cannot fit data	35G3B11	1	46	0.0378095238095238	2024-02-20
J9	0	0	0	0	0	0	0	0	cannot fit data	35G3B04	1	46	0.0438095238095238	2024-02-20
K1	0	0	0	0	0	0	0	0	cannot fit data	23G3B01	2	46	0.0398095238095238	2024-02-20
K10	0	0	0	0	0	0	0	0	cannot fit data	Mmlr14-006	2	46	0.0128095238095238	2024-02-20
K11	0	0.0308095238095238	0	-6.80259358148429	5.97793947781367	0.894439649619214	0.664857142857143	0.00626715340394139	questionable fit (k < n0)	Mcba15-005	2	46	0.0308095238095238	2024-02-20
K12	0	0	0	0	0	0	0	0	cannot fit data	Mmlr14-014	2	46	0.0338095238095238	2024-02-20
K13	0	0	0	0	0	0	0	0	cannot fit data	Mcba15-007	2	46	0.0368095238095238	2024-02-20
K14	0	0	0	0	0	0	0	0	cannot fit data	Wood-18	2	46	0.0268095238095238	2024-02-20
K15	0	0	0	0	0	0	0	0	cannot fit data	Mcba15-009	2	46	0.0318095238095238	2024-02-20
K16	0	0	0	0	0	0	0	0	cannot fit data	Wood-21	2	46	0.0438095238095238	2024-02-20
K17	0	0	0	0	0	0	0	0	cannot fit data	Mmlr14-002	2	46	0.0258095238095238	2024-02-20
K18	0	0	0	0	0	0	0	0	cannot fit data	23G4A03	2	46	0.0508095238095238	2024-02-20
K19	0	0	0	0	0	0	0	0	cannot fit data	23G3B05	2	46	0.0398095238095238	2024-02-20
K2	0	0	0	0	0	0	0	0	cannot fit data	23G3B08	2	46	0.0528095238095238	2024-02-20
K20	0	0	0	0	0	0	0	0	cannot fit data	23G4A04	2	46	0.0368095238095238	2024-02-20
K21	0	0	0	0	0	0	0	0	cannot fit data	23G3B06	2	46	0.0428095238095238	2024-02-20
K22	0	0	0	0	0	0	0	0	cannot fit data	24G4A10	2	46	0.0808095238095238	2024-02-20
K23	0	0	0	0	0	0	0	0	cannot fit data	23G3B07	2	46	0.0458095238095238	2024-02-20
K24	0	0	0	0	0	0	0	0	cannot fit data	24G2B02	2	46	0.0828095238095238	2024-02-20
K3	0	0	0	0	0	0	0	0	cannot fit data	35G2B08	2	46	0.0128095238095238	2024-02-20
K4	0.0878095238095238	0.0457129117122825	0.00205567344604519	5459.06436297755	337.187398073102	2.30612271120399	2.20085714285714	0.0167143978642826		35G3B09	2	46	0.0878095238095238	2024-02-20
K5	0	0	0	0	0	0	0	0	cannot fit data	35G3B01	2	46	0.0478095238095238	2024-02-20
K6	0	0	0	0	0	0	0	0	cannot fit data	35G3B10	2	46	0.0638095238095238	2024-02-20
K7	0	0.0426977898027728	0	-6.62946684516955	3.59394115533655	1.5309818014992	1.28435714285714	0.0110341043582229	questionable fit (k < n0)	35G3B02	2	46	0.0548095238095238	2024-02-20
K8	0	0	0	0	0	0	0	0	cannot fit data	35G3B11	2	46	0.0688095238095238	2024-02-20
K9	0	0	0	0	0	0	0	0	cannot fit data	35G3B04	2	46	0.0508095238095238	2024-02-20
L1	0	0	0	0	0	0	0	0	cannot fit data	23G3B01	3	46	0.0338095238095238	2024-02-20
L10	0	0	0	0	0	0	0	0	cannot fit data	Mmlr14-006	3	46	0.0108095238095238	2024-02-20
L11	0	0	0	0	0	0	0	0	cannot fit data	Mcba15-005	3	46	0.0328095238095238	2024-02-20
L12	0	0	0	0	0	0	0	0	cannot fit data	Mmlr14-014	3	46	0.0398095238095238	2024-02-20
L13	0	0	0	0	0	0	0	0	cannot fit data	Mcba15-007	3	46	0.0338095238095238	2024-02-20
L14	0	0	0	0	0	0	0	0	cannot fit data	Wood-18	3	46	0.0408095238095238	2024-02-20
L15	0	0	0	0	0	0	0	0	cannot fit data	Mcba15-009	3	46	0.0398095238095238	2024-02-20
L16	0	0.0383078203349937	0	-27.5628015119354	18.3158382910195	1.43697731768671	0.866857142857143	0.0138851036458409	questionable fit (k < n0)	Wood-21	3	46	0.0468095238095238	2024-02-20
L17	0	0	0	0	0	0	0	0	cannot fit data	Mmlr14-002	3	46	0.0388095238095238	2024-02-20
L18	0	0	0	0	0	0	0	0	cannot fit data	23G4A03	3	46	0.0598095238095238	2024-02-20
L19	0	0	0	0	0	0	0	0	cannot fit data	23G3B05	3	46	0.0458095238095238	2024-02-20
L2	0	0	0	0	0	0	0	0	cannot fit data	23G3B08	3	46	0.0558095238095238	2024-02-20
L20	0	0	0	0	0	0	0	0	cannot fit data	23G4A04	3	46	0.0378095238095238	2024-02-20
L21	0	0	0	0	0	0	0	0	cannot fit data	23G3B06	3	46	0.0398095238095238	2024-02-20
L22	0	0	0	0	0	0	0	0	cannot fit data	24G4A10	3	46	0.0768095238095238	2024-02-20
L23	0	0	0	0	0	0	0	0	cannot fit data	23G3B07	3	46	0.0508095238095238	2024-02-20
L24	0	0.0418095238095238	0	-15.3423064768101	14.4217433526463	1.32001979580223	0.820857142857143	0.0113725466695264	questionable fit (k < n0)	24G2B02	3	46	0.0418095238095238	2024-02-20
L3	0	0.00966605430493974	0	-29.5297151485063	16.7910010749628	0.377779481039719	0.263857142857143	0.00274698387681836	questionable fit (k < n0)	35G2B08	3	46	0.0128095238095238	2024-02-20
L4	0	0	0	0	0	0	0	0	cannot fit data	35G3B09	3	46	0.0608095238095238	2024-02-20
L5	0	0	0	0	0	0	0	0	cannot fit data	35G3B01	3	46	0.0388095238095238	2024-02-20
L6	0	0	0	0	0	0	0	0	cannot fit data	35G3B10	3	46	0.0598095238095238	2024-02-20
L7	0	0	0	0	0	0	0	0	cannot fit data	35G3B02	3	46	0.0528095238095238	2024-02-20
L8	0	0	0	0	0	0	0	0	cannot fit data	35G3B11	3	46	0.0598095238095238	2024-02-20
L9	0	0.0466227300609076	0	-6.59129910556085	3.75575753765374	1.637314534448	1.37335714285714	0.0115512484196938	questionable fit (k < n0)	35G3B04	3	46	0.0478095238095238	2024-02-20
M1	0	0	0	0	0	0	0	0	cannot fit data	36G1B07	1	46	0.0318095238095238	2024-02-20
M10	0	0	0	0	0	0	0	0	cannot fit data	41G1B04	1	46	0.0558095238095238	2024-02-20
M11	0	0	0	0	0	0	0	0	cannot fit data	Wood-51	1	46	0.0538095238095238	2024-02-20
M13	0	0	0	0	0	0	0	0	cannot fit data	Napa-12	1	46	0.0468095238095238	2024-02-20
M15	0	0	0	0	0	0	0	0	cannot fit data	Napa-18	1	46	0.0418095238095238	2024-02-20
M17	0	0	0	0	0	0	0	0	cannot fit data	S.11	1	46	0.0478095238095238	2024-02-20
M19	0	0	0	0	0	0	0	0	cannot fit data	23G4B04	1	46	0.0378095238095238	2024-02-20
M2	0	0	0	0	0	0	0	0	cannot fit data	25G2A02	1	46	0.0868095238095238	2024-02-20
M21	0	0	0	0	0	0	0	0	cannot fit data	23G4B10	1	46	0.0478095238095238	2024-02-20
M23	0	0	0	0	0	0	0	0	cannot fit data	25D05	1	46	0.0588095238095238	2024-02-20
M3	0	0.0543050165908914	0	-29.1791311281341	8.82941256358048	2.40773692385089	2.04685714285714	0.0132535194859971	questionable fit (k < n0)	36G1B08	1	46	0.0628095238095238	2024-02-20
M4	0	0	0	0	0	0	0	0	cannot fit data	37G2B01	1	46	0.0318095238095238	2024-02-20
M5	0	0	0	0	0	0	0	0	cannot fit data	36G4B07	1	46	0.0568095238095238	2024-02-20
M6	0	0.0308095238095238	0	-9.06368528047526	5.58323095493113	1.06449234303297	0.913857142857143	0.00515927729252857	questionable fit (k < n0)	40G1B01	1	46	0.0308095238095238	2024-02-20
M7	0	0	0	0	0	0	0	0	cannot fit data	37G2A11	1	46	0.0408095238095238	2024-02-20
M8	0	0	0	0	0	0	0	0	cannot fit data	40G3B03	1	46	0.0348095238095238	2024-02-20
M9	0	0	0	0	0	0	0	0	cannot fit data	Wood-3	1	46	0.0348095238095238	2024-02-20
N1	0	0	0	0	0	0	0	0	cannot fit data	36G1B07	2	46	0.0268095238095238	2024-02-20
N10	0	0	0	0	0	0	0	0	cannot fit data	41G1B04	2	46	0.0458095238095238	2024-02-20
N11	0	0	0	0	0	0	0	0	cannot fit data	Wood-51	2	46	0.0448095238095238	2024-02-20
N13	0	0	0	0	0	0	0	0	cannot fit data	Napa-12	2	46	0.0378095238095238	2024-02-20
N15	0	0	0	0	0	0	0	0	cannot fit data	Napa-18	2	46	0.0508095238095238	2024-02-20
N17	0	0	0	0	0	0	0	0	cannot fit data	S.11	2	46	0.0418095238095238	2024-02-20
N19	0	0	0	0	0	0	0	0	cannot fit data	23G4B04	2	46	0.0478095238095238	2024-02-20
N2	0	0	0	0	0	0	0	0	cannot fit data	25G2A02	2	46	0.0758095238095238	2024-02-20
N21	0	0	0	0	0	0	0	0	cannot fit data	23G4B10	2	46	0.0608095238095238	2024-02-20
N23	0	0	0	0	0	0	0	0	cannot fit data	25D05	2	46	0.0518095238095238	2024-02-20
N3	0	0	0	0	0	0	0	0	cannot fit data	36G1B08	2	46	0.0598095238095238	2024-02-20
N4	0	0	0	0	0	0	0	0	cannot fit data	37G2B01	2	46	0.0288095238095238	2024-02-20
N5	0	0	0	0	0	0	0	0	cannot fit data	36G4B07	2	46	0.0458095238095238	2024-02-20
N6	0	0	0	0	0	0	0	0	cannot fit data	40G1B01	2	46	0.0298095238095238	2024-02-20
N7	0	0	0	0	0	0	0	0	cannot fit data	37G2A11	2	46	0.0298095238095238	2024-02-20
N8	0	0	0	0	0	0	0	0	cannot fit data	40G3B03	2	46	0.0318095238095238	2024-02-20
N9	0	0	0	0	0	0	0	0	cannot fit data	Wood-3	2	46	0.0278095238095238	2024-02-20
O1	0	0	0	0	0	0	0	0	cannot fit data	36G1B07	3	46	0.0488095238095238	2024-02-20
O10	0	0	0	0	0	0	0	0	cannot fit data	41G1B04	3	46	0.0418095238095238	2024-02-20
O11	0	0	0	0	0	0	0	0	cannot fit data	Wood-51	3	46	0.0508095238095238	2024-02-20
O13	0	0	0	0	0	0	0	0	cannot fit data	Napa-12	3	46	0.0438095238095238	2024-02-20
O15	0	0	0	0	0	0	0	0	cannot fit data	Napa-18	3	46	0.0398095238095238	2024-02-20
O17	0	0	0	0	0	0	0	0	cannot fit data	S.11	3	46	0.0318095238095238	2024-02-20
O19	0	0.0235855897955598	0	-25.2494066379647	9.55349460783563	0.997147113371989	0.744357142857143	0.00684229670152004	questionable fit (k < n0)	23G4B04	3	46	0.0278095238095238	2024-02-20
O2	0	0	0	0	0	0	0	0	cannot fit data	25G2A02	3	46	0.0458095238095238	2024-02-20
O21	0	0.0301225510455021	0	-1.50660805660905	1.18018462345987	2.01766251000341	1.65585714285714	0.034577933178281	questionable fit	23G4B10	3	46	0.118809523809524	2024-02-20
O23	0	0.0453557067634118	0	-11.8737068075718	7.23722558098348	1.6022152609812	1.44735714285714	0.013883208441582	questionable fit (k < n0)	25D05	3	46	0.0688095238095238	2024-02-20
O3	0	0.054716493716477	0	-8.08128364157916	4.30774632709201	1.9895172951017	1.69785714285714	0.009820382057108	questionable fit (k < n0)	36G1B08	3	46	0.0578095238095238	2024-02-20
O4	0	0	0	0	0	0	0	0	cannot fit data	37G2B01	3	46	0.0238095238095238	2024-02-20
O5	0	0.0449183875073184	0	-24.3586703682888	7.76685909038251	1.96401634686038	1.60535714285714	0.0132287684688224	questionable fit (k < n0)	36G4B07	3	46	0.0528095238095238	2024-02-20
O6	0	0	0	0	0	0	0	0	cannot fit data	40G1B01	3	46	0.0168095238095238	2024-02-20
O7	0	0	0	0	0	0	0	0	cannot fit data	37G2A11	3	46	0.0408095238095238	2024-02-20
O8	0	0	0	0	0	0	0	0	cannot fit data	40G3B03	3	46	0.0298095238095238	2024-02-20
O9	0	0	0	0	0	0	0	0	cannot fit data	Wood-3	3	46	0.0318095238095238	2024-02-20
