sample	k	n0	r	t_mid	t_gen	auc_l	auc_e	sigma	note	StrainID	replicate	Temp	max.OD	date
A1	0.660771501409033	0.0244133449891587	0.0795797241420528	40.9731457408234	8.71009780484601	8.08477813606555	8.1986	0.0135707796687876		Desert-26	1	9	0.41495	2024-01-14
A10	0.51795313840198	0.0270531020317933	0.083435429830777	34.7387056627331	8.30758805900299	8.30945019418542	8.4311	0.0158002619254229		23G3A10	1	9	0.37055	2024-01-14
A11	0.4966920952445	0.0267914622219883	0.0979006752875905	29.258613200383	7.08010622525099	9.77883305165905	9.9677	0.0184753000667772		23G3A03	1	9	0.41145	2024-01-14
A12	0.56117168008947	0.0266805066705593	0.0933818591117399	32.0981187738891	7.42271772219197	9.8579387516621	10.0701	0.0209835339268662		23G3A08	1	9	0.44195	2024-01-14
A13	0.586046535261699	0.0365116457743433	0.0879180803385071	30.8405390851491	7.88401177426932	10.9595827149332	11.01575	0.0182744115320349		23G4A03	1	9	0.46285	2024-01-14
A14	0.533533447978677	0.0478149078770583	0.0744009462764219	31.1594403757194	9.31637586953122	10.1135801956747	10.05975	0.0151770656575474		23G1B09	1	9	0.40645	2024-01-14
A15	0.511748495720921	0.0138084249285446	0.11580832976966	30.958056550757	5.98529641122186	9.175270600372	9.52505	0.0270024490575827		23G2A11	1	9	0.44425	2024-01-14
A16	0.566234936251119	0.0352107096530461	0.0664700915268342	40.822229885877	10.4279558616242	7.63003985864337	7.55965	0.0121716589965667		23G2B11	1	9	0.34525	2024-01-14
A17	0.42464448956187	0.0510624069582876	0.0789024346141935	25.2221519609807	8.78486429410199	9.80841684267332	9.69735	0.011656916246793		26G3B01	1	9	0.37035	2024-01-14
A18	0.422795598731268	0.0371004614991987	0.0927898588113991	25.2335533065438	7.4700747413444	9.72726465813944	9.7003	0.0146534057357633		26G3B10	1	9	0.37715	2024-01-14
A19	0.49656784545155	0.0219303762487445	0.107715357984928	28.5444771138677	6.43498934160283	9.98749146804911	10.13465	0.013516029602451		02G2A03	1	9	0.42565	2024-01-14
A2	0.537731675481577	0.0256439032084413	0.0930757688773406	32.1693844165708	7.44712817224648	9.4222476221625	9.51495	0.0144562135328933		Grass-59	1	9	0.42505	2024-01-14
A20	0.648495580615592	0.0225553748771868	0.0765627509912999	43.4059828600382	9.05332125067854	7.19110843199124	7.2695	0.0152957118104073		02G1B04	1	9	0.37115	2024-01-14
A21	0.778214326204645	0.0436388564260312	0.0641054051635344	44.0422266593603	10.8126167955995	9.35138311673223	9.25815	0.0140878094472235		25D05	1	9	0.44155	2024-01-14
A22	0.61949472214671	0.032854612564573	0.0613457360874224	46.9848365414668	11.2990278504794	6.76873768629809	6.8013	0.0108885400919763		35D02	1	9	0.31405	2024-01-14
A3	0.514380342719643	0.0183095036633839	0.105753613362626	31.1979740586207	6.55435931236847	9.22653175941361	9.4293	0.0149176703086125		Grass-45	1	9	0.42285	2024-01-14
A4	0.516761457579603	0.0187356765983314	0.087733296134526	37.3885678929063	7.90061711003206	7.22334351861629	7.3677	0.0170841986045225		Grass-44	1	9	0.35345	2024-01-14
A5	0.462863697224443	0.0154718551148217	0.103388207890658	32.541547137858	6.70431565360923	7.82760271175436	8.08035	0.0208964443079875		Grass-42	1	9	0.36505	2024-01-14
A6	0.47273335482005	0.0165210801200082	0.101675611824875	32.636352098692	6.81724130417643	7.98261106971851	8.24785	0.0265338728878736		Grass-53	1	9	0.36875	2024-01-14
A7	0	0.04685	0	-0.0557644892691975	0.204788913465346	0.390990810686082	0.5027	0.000512495381070417	questionable fit (k < n0)	Grass-54	1	9	0.04685	2024-01-14
A8	0.498064181006371	0.0269468205496323	0.102794216317141	27.8346586406606	6.74305622819718	10.3483642469354	10.45425	0.013299365978044		Grass-57	1	9	0.43665	2024-01-14
A9	0.588737830867385	0.034917451661712	0.0658637397634549	41.9632056576323	10.5239572342739	7.60186706940073	7.61265	0.0116890384196722		23G3B01	1	9	0.34415	2024-01-14
B1	0.576427549714011	0.0196777567747419	0.0915711512282301	36.5030578876589	7.5694929163046	8.292791188528	8.3552	0.0125188918368302		Desert-26	2	9	0.42825	2024-01-14
B10	0.577317902122241	0.0506775141387114	0.0599725154439912	39.0351416550874	11.5577473352319	8.71957398617623	8.66485	0.0254157602298889		23G3A10	2	9	0.35345	2024-01-14
B11	0.526848449626692	0.0377501378440801	0.0813897233911087	31.4729462386965	8.51639680883431	9.72459469586761	9.8251	0.0263849894257719		23G3A03	2	9	0.40675	2024-01-14
B12	0.57830575964749	0.0503995068933634	0.0684310412245716	34.3256113473986	10.12913391578	9.93422463888875	9.90365	0.0221221639266048		23G3A08	2	9	0.39515	2024-01-14
B13	0.530269236545016	0.0472518636474523	0.0727703948501727	31.9437668448512	9.52512600745219	9.80645335506036	9.73855	0.0197447168938442		23G4A03	2	9	0.38865	2024-01-14
B14	0.50024456340736	0.0653445973705704	0.0618681167657883	30.6368025432201	11.203625013898	9.92984792317119	9.7468	0.0168285389863535		23G1B09	2	9	0.36855	2024-01-14
B15	0.451514648103798	0.0259865599209505	0.0883817610153204	31.6326745206952	7.84264957607931	8.16710880084849	8.29015	0.0193526717877156		23G2A11	2	9	0.34735	2024-01-14
B16	0.380019495379028	0.0388180974099091	0.0730650742845315	29.7486366520608	9.48671013267813	7.59209979146534	7.5003	0.0141384721349414		23G2B11	2	9	0.29595	2024-01-14
B17	0.366007599098415	0.049668015136376	0.0760746333811243	24.3373516214337	9.11141006868039	8.69497292591254	8.57395	0.013115430208641		26G3B01	2	9	0.31345	2024-01-14
B18	0.370961703101104	0.0407697276877396	0.0910735044622657	22.9675403813987	7.61085438243057	9.20860773202362	9.1193	0.0139172508556392		26G3B10	2	9	0.33565	2024-01-14
B19	0.371118505102209	0.0180461004508181	0.116103127645192	25.6129493546684	5.9700991232397	8.37809542616156	8.50785	0.0108791607852947		02G2A03	2	9	0.34445	2024-01-14
B2	0.611007874832955	0.0551123092349978	0.0736075701547075	31.3990442937924	9.41679203787188	11.5022813966415	11.5033	0.0273620173370986		Grass-59	2	9	0.46745	2024-01-14
B20	0.477394641318955	0.0198706440390245	0.0920873236240573	34.0609949806342	7.52706402229355	7.70175049391104	7.8038	0.0112710814282989		02G1B04	2	9	0.35885	2024-01-14
B21	0.637254795660482	0.0418813579939198	0.0635114757229658	41.7932034089187	10.9137313008349	8.44403540303832	8.30845	0.0133831081804826		25D05	2	9	0.38015	2024-01-14
B22	0.36651898680953	0.0279441548480472	0.0864010673538836	28.8716003721777	8.02243770578593	7.41787348650061	7.45165	0.0098701798034857		35D02	2	9	0.30815	2024-01-14
B3	0.517844947089425	0.0483818136758703	0.0767864718656009	29.5946111946614	9.0269439879092	10.3385064851634	10.2419	0.0325500448018479		Grass-45	2	9	0.43305	2024-01-14
B4	0.584102996466385	0.0469908793869824	0.0595035996998187	40.9429570959917	11.6488277021341	8.25663482687802	8.2458	0.0262225967800182		Grass-44	2	9	0.34535	2024-01-14
B5	0.598075461620205	0.0367122470805155	0.06992972753929	38.9999764896776	9.91205321328473	8.49436332514979	8.581	0.0314685322062092		Grass-42	2	9	0.38355	2024-01-14
B6	0.627339482317395	0.0425570503683646	0.069651841060084	37.6213218430218	9.9515988380266	9.44175955910207	9.51185	0.0289302502434696		Grass-53	2	9	0.41715	2024-01-14
B7	0	0.04675	0	-0.0550275077553166	0.270423200299953	0.300066738911148	0.41565	0.000171888001451017	questionable fit (k < n0)	Grass-54	2	9	0.04675	2024-01-14
B8	0.503599252316094	0.0501861866685321	0.0806350079951312	27.2966269435681	8.59610729624778	10.8483580549668	10.883	0.0249304633656229		Grass-57	2	9	0.42035	2024-01-14
B9	0.77864523162692	0.0485025675893133	0.0532925981259043	50.8817979244078	13.0064437639609	8.10879148431701	8.0268	0.0263409762544282		23G3B01	2	9	0.34955	2024-01-14
C1	0.514195527463189	0.0238526907583108	0.0924627731370765	32.6964861597773	7.49650001879514	8.81420967243374	8.86225	0.0130707490585454		Desert-26	3	9	0.42135	2024-01-14
C10	0.348213058817999	0.0525735144868947	0.0676592926665173	25.5238921734588	10.2446708093205	8.00141717731571	7.9015	0.0224390433660308		23G3A10	3	9	0.30045	2024-01-14
C11	0.399822088158267	0.0490419031407848	0.078756792095146	24.9817777315765	8.80110987408623	9.30628134172642	9.27425	0.0285856223964647		23G3A03	3	9	0.37615	2024-01-14
C12	0.442423926830216	0.0585669806634406	0.0657305222638725	28.6031331341071	10.5452863705743	9.28450438664707	9.17075	0.0241713673985573		23G3A08	3	9	0.36005	2024-01-14
C13	0.399215778166204	0.0558645119905116	0.0722460592043974	25.133892593183	9.59425591088511	9.26448190107334	9.12405	0.0200284486748421		23G4A03	3	9	0.34435	2024-01-14
C14	0.379052225063352	0.0639119952347733	0.0719160043354376	22.1857521972655	9.63828826372084	9.5767749003628	9.44315	0.018785586074232		23G1B09	3	9	0.33285	2024-01-14
C15	0.345247493888142	0.0439162064935354	0.0734600957094357	26.2173203439085	9.4356966713142	7.74517390219137	7.69165	0.0187326230139898		23G2A11	3	9	0.29605	2024-01-14
C16	0.370279731482682	0.0433675852998538	0.0704384412123794	28.6772272975663	9.84046734467097	7.69981836543813	7.63865	0.0185897941006847		23G2B11	3	9	0.30175	2024-01-14
C17	0.309953748991937	0.0527868206381701	0.0791515541556128	20.0054675764194	8.75721504087223	8.35128006175097	8.2212	0.0172147095515065		26G3B01	3	9	0.29375	2024-01-14
C18	0.35510386581803	0.0406315697805461	0.0900380334579555	22.7276247548765	7.69838204966594	8.88081142572944	8.8679	0.0158824138781778		26G3B10	3	9	0.33415	2024-01-14
C19	0.333976905550287	0.0249530772294093	0.107585101670263	23.3900530716963	6.44278036455616	8.19049485417774	8.29885	0.0120226093585892		02G2A03	3	9	0.30655	2024-01-14
C2	0.630214280811897	0.113590137348056	0.0588438053575521	25.7413490219096	11.7794418010219	14.458012214721	14.60785	0.0192673321132291		Grass-59	3	9	0.48255	2024-01-14
C20	0.341563983390547	0.0224843376488836	0.0937073497473738	28.3075104527145	7.39693505822761	7.0126582104898	7.07555	0.00939009229504015		02G1B04	3	9	0.29715	2024-01-14
C21	0.474036496442619	0.0419202684484822	0.06904211948067	33.7898832200966	10.0394829384403	8.28637386039259	8.189	0.00961260307859244		25D05	3	9	0.34535	2024-01-14
C22	0.334957151304224	0.0288622472939827	0.0962297048600076	24.53879269399	7.20304797326685	7.89111715604563	7.8954	0.00972951668925787		35D02	3	9	0.30845	2024-01-14
C3	0.517459066106621	0.058335556551783	0.0639627472055969	32.2548288050306	10.8367324863635	9.69869841990304	9.60825	0.0364536945536951		Grass-45	3	9	0.39155	2024-01-14
C4	0.487848087352537	0.0569964859134292	0.0577467248271952	35.0283779620236	12.0032293196568	8.5494268807681	8.4789	0.0322619247437631		Grass-44	3	9	0.34035	2024-01-14
C5	0.482007570848582	0.0520624831596215	0.0612996415771134	34.4408686038685	11.3075241995989	8.47967361046278	8.47295	0.034705169797842		Grass-42	3	9	0.34975	2024-01-14
C6	0.475233960707101	0.0601567412345616	0.0646177295949473	29.8913483370807	10.7268885011111	9.59820522757923	9.47615	0.0285326708165358		Grass-53	3	9	0.38055	2024-01-14
C7	0	0	0	0	0	0	0	0	cannot fit data	Grass-54	3	9	0.04685	2024-01-14
C8	0.427890687839032	0.0486418757539434	0.0862589136260018	23.8086430571057	8.03565859367609	10.3329104829638	10.33125	0.02316349307635		Grass-57	3	9	0.39185	2024-01-14
C9	0.489593085916874	0.0472864286224847	0.0629828674099171	35.498226664057	11.0053290531959	8.24645491334047	8.2011	0.0268257357613296		23G3B01	3	9	0.34015	2024-01-14
D1	0.45488428248675	0.0343323592619649	0.0853563878963248	29.3531589740053	8.12062456768733	9.05151468298443	9.02775	0.00961422624971829		19G2B10	1	9	0.37705	2024-01-14
D10	0.307283500968679	0.0468739456600992	0.0807008582493135	21.2487655043757	8.58909304803882	8.00603067175131	7.93605	0.0245720405615028		35G3B01	1	9	0.30055	2024-01-14
D11	0.318238785304631	0.0541003166704059	0.0674451557005752	23.509967651679	10.2771974259677	7.74208975206448	7.68935	0.0296367873013195		Grass-34	1	9	0.30365	2024-01-14
D12	0.319515812824417	0.047013647184529	0.0798775222992943	21.9987874636316	8.67762495139474	8.14341225346027	8.1425	0.0258411859374821		Grass-31	1	9	0.32405	2024-01-14
D13	0.339403763166397	0.0282459800560226	0.0897358015801655	26.7379232580601	7.72431034608547	7.4110755859639	7.48675	0.022995184356478		S.11	1	9	0.32015	2024-01-14
D14	0.37222199941128	0.0198752685855499	0.0919937784201718	31.2536303727979	7.53471802619161	6.79683886642728	6.88855	0.0175050991950369		Mcba15-007	1	9	0.30395	2024-01-14
D15	0.336570053512957	0.04964890631548	0.0761615311109716	23.0330331023615	9.10101425810349	8.31293799539296	8.2373	0.021777711760247		35G3B11	1	9	0.32175	2024-01-14
D16	0.328225272830671	0.0436900320167518	0.0813374939141682	23.0365732854537	8.52186546700581	8.11494652401523	8.0329	0.0193925987396452		35G3B02	1	9	0.30495	2024-01-14
D17	0.320297369633342	0.0338882073489906	0.0870296776016953	24.5244426562594	7.96449210960243	7.55619003835164	7.5507	0.0160652859714915		35G3B09	1	9	0.29065	2024-01-14
D18	0.234411393189759	0.0237712180853608	0.115026206188469	18.9667719562936	6.02599358466396	6.65881062027098	6.6879	0.0171178548720333		26G1A06	1	9	0.25575	2024-01-14
D19	0.216364047855203	0.0206571441948663	0.0976798171885105	23.019667622478	7.09611463770713	5.36767618190207	5.4491	0.0140561455953828		Mmlr14-002	1	9	0.21565	2024-01-14
D2	0.793344829342899	0.0535928923902642	0.0544126951238537	48.2405521186837	12.7387033298426	8.99129652661537	9.0457	0.0476891130771601		12G2A10	1	9	0.40385	2024-01-14
D20	0.325347101395517	0.0170000683780801	0.107557714117188	26.9437532841164	6.44442089764696	6.98713605598051	7.0602	0.0123034640928142		Mcba15-009	1	9	0.29535	2024-01-14
D3	0.24445	0.0358824411205723	0.0385605454197429	415.290131211289	17.9755543656044	4.99293353731456	4.9941	0.0548449963669051		41G1B04	1	9	0.24445	2024-01-14
D4	0.481199571966657	0.069485199344453	0.0566713921793854	31.3953125086654	12.2309891093885	9.46352898445888	9.26415	0.0411264682990431		Mcba15-003	1	9	0.36925	2024-01-14
D5	0.581846925239319	0.0733186882082419	0.0457986079939704	42.2874252589529	15.1346779066124	8.86525832136288	8.67075	0.0398638289039148		19G3B08	1	9	0.33765	2024-01-14
D6	0.50801695789517	0.0613863676823078	0.0505129715008578	39.2878103996953	13.7221620499632	8.13040053954823	8.0566	0.0430247257217833		19G4A01	1	9	0.34005	2024-01-14
D7	0.418288907390766	0.0508798677643592	0.0698397900690583	28.3077663146442	9.92481764155582	8.80994732840862	8.74635	0.0395257941796398		Mcba15-005	1	9	0.37575	2024-01-14
D8	0.401214410362925	0.0624166460175469	0.0596236240587711	28.3708242800226	11.6253782204971	8.5560153072087	8.45315	0.038561279321684		Mmlr14-006	1	9	0.34585	2024-01-14
D9	0.328883801458841	0.0370585823410958	0.0786276068621576	26.2459354124493	8.81557010599477	7.34958880676343	7.39015	0.0285107045297434		35G1B04	1	9	0.30715	2024-01-14
E1	0.417161236062104	0.0308348286210519	0.0919242260866253	27.5013223868912	7.5404189958233	8.84464169862409	8.8535	0.00967209165719107		19G2B10	2	9	0.36205	2024-01-14
E10	0.292070077801671	0.0444236081508587	0.0818446227566084	20.993818560416	8.46906195195307	7.67025611858893	7.65045	0.0307555269109177		35G3B01	2	9	0.30545	2024-01-14
E11	0.29527514215008	0.0470217924729612	0.074346591832591	22.3794876281	9.32318702813884	7.42730970856214	7.42755	0.0273424328507891		Grass-34	2	9	0.29465	2024-01-14
E12	0.313646171235848	0.0456708770208429	0.0777141654369924	22.7684869302802	8.91918708336284	7.81006859452526	7.83085	0.0269122012913426		Grass-31	2	9	0.31645	2024-01-14
E13	0.319972394549479	0.0246010131746104	0.0942597651285089	26.3680463561616	7.35358484730939	7.0654030463248	7.16405	0.0229878061692263		S.11	2	9	0.30895	2024-01-14
E14	0.349361267218189	0.0198204892705923	0.0890888037238637	31.5526056197689	7.78040731929007	6.33207722630115	6.422	0.0180759668521042		Mcba15-007	2	9	0.28135	2024-01-14
E15	0.324174677268208	0.0486646205890934	0.0771177407103091	22.4808432646537	8.98816762752083	8.13874010133454	8.08275	0.0243918738464281		35G3B11	2	9	0.31915	2024-01-14
E16	0.302741842658384	0.0388797988064954	0.0879468026826032	21.7739763372496	7.88143695298951	7.79342034866869	7.75665	0.0196906433293387		35G3B02	2	9	0.29735	2024-01-14
E17	0.310529794235889	0.0360791051887538	0.0843871547824259	24.0446276064143	8.21389442915899	7.44208784752242	7.4199	0.0151311956174989		35G3B09	2	9	0.28025	2024-01-14
E18	0.241566198561524	0.0217638454430392	0.120484657476829	19.1931376904163	5.75299125279289	6.8308566340367	6.87465	0.0161157952958722		26G1A06	2	9	0.25315	2024-01-14
E19	0.231595787010929	0.018927756598204	0.101281282562214	23.8849953145768	6.84378359974034	5.58062619132235	5.66535	0.0152667821461838		Mmlr14-002	2	9	0.23115	2024-01-14
E2	0.846185568985614	0.0509644368101517	0.0539810127982312	50.8973806751028	12.8405738356702	8.71378591687206	8.77405	0.0502064595027858		12G2A10	2	9	0.39885	2024-01-14
E20	0.312139843057094	0.0159230180757532	0.113469989645103	25.7629878355083	6.10863879275816	7.0092415714937	7.1003	0.0138083189141194		Mcba15-009	2	9	0.29225	2024-01-14
E3	0.22465	0.0290493900372022	0.0419841029806123	372.229105788116	16.5097532482719	4.49917196120061	4.54255	0.0470652136577715		41G1B04	2	9	0.22465	2024-01-14
E4	0.44133132593026	0.0640415662653212	0.0579817779562234	30.5868706097125	11.9545692628342	8.85633684963784	8.6767	0.0382797622247742		Mcba15-003	2	9	0.34755	2024-01-14
E5	0.627129140418155	0.0658146135219229	0.0451121892058895	47.5135331820106	15.3649643868193	8.24791316482132	8.0913	0.0370798014277723		19G3B08	2	9	0.32725	2024-01-14
E6	0.550725962320683	0.0585464480919729	0.0480744020494485	44.2860025673615	14.4182174090691	7.72122374953246	7.65585	0.0341749835380011		19G4A01	2	9	0.30695	2024-01-14
E7	0.392391916409264	0.0529626789544798	0.0657739469477343	28.2433711977568	10.5383242564224	8.32580680970366	8.27185	0.0385543076199088		Mcba15-005	2	9	0.34415	2024-01-14
E8	0.393999729485745	0.0580214649165574	0.0570816346418006	30.7670488636	12.1430856861334	7.88292305296186	7.8243	0.0367191391201749		Mmlr14-006	2	9	0.32245	2024-01-14
E9	0.343391852416657	0.0375391501020509	0.0744435299860849	28.1786641547001	9.31104665092466	7.22230931725916	7.25825	0.0325193018277648		35G1B04	2	9	0.30765	2024-01-14
F1	0.438076747955684	0.0341479041638195	0.0844129260778325	29.2672892098674	8.21138672436059	8.75602595828367	8.7613	0.00891356118038893		19G2B10	3	9	0.36085	2024-01-14
F10	0.266238391794008	0.0383583762015803	0.0870890047447101	20.4600607120437	7.95906650434018	7.12245575001702	7.14455	0.0261018398551402		35G3B01	3	9	0.28395	2024-01-14
F11	0.314929976513555	0.0516055787727749	0.0675856054567739	24.1139652471524	10.2558403653462	7.53426686408864	7.5402	0.0298108615286021		Grass-34	3	9	0.30295	2024-01-14
F12	0.308660525623622	0.0463620493119758	0.0752309898624505	23.0357444354178	9.21358580855136	7.62139813479734	7.60245	0.0259730498398065		Grass-31	3	9	0.30235	2024-01-14
F13	0.307276359661511	0.023379144167297	0.0948076797618842	26.3350807825913	7.31108684761436	6.79164272119069	6.89305	0.0212154959517249		S.11	3	9	0.28975	2024-01-14
F14	0.34104064152119	0.0193528111503475	0.0912152357218025	30.8144126817422	7.59902855126063	6.35077147035616	6.4529	0.0191660485092911		Mcba15-007	3	9	0.28245	2024-01-14
F15	0.325322259801969	0.0488866001008275	0.0751375352378317	23.0573808491988	9.22504548979331	8.02759204667201	7.99845	0.0229442056039096		35G3B11	3	9	0.31125	2024-01-14
F16	0.296144752916353	0.0383150449864002	0.0872365668671343	21.8538710329335	7.94560360927136	7.60301364968006	7.577	0.0215542927850077		35G3B02	3	9	0.29755	2024-01-14
F17	0.308845693996752	0.0330746213949174	0.0876057436802558	24.2085133037794	7.91212027249948	7.36191835454496	7.3827	0.0177633354899247		35G3B09	3	9	0.28405	2024-01-14
F18	0.226090158161486	0.021753204473298	0.117846242369502	19.0078974193032	5.88179280580379	6.42270615187924	6.47335	0.0176406548147266		26G1A06	3	9	0.24825	2024-01-14
F19	0.228725592432291	0.0207281815785841	0.0953154504630941	24.1936791707621	7.27213874762445	5.45328022711146	5.5123	0.0135307330469693		Mmlr14-002	3	9	0.21695	2024-01-14
F2	0.888912739268641	0.0424650239969432	0.0590438875164771	50.6803970305084	11.7395247791994	8.55422165035871	8.6792	0.046632408109103		12G2A10	3	9	0.41765	2024-01-14
F20	0.306470799850715	0.0161196371726547	0.108984459441109	26.527202888488	6.36005522360273	6.68741023731624	6.7814	0.0127938579623659		Mcba15-009	3	9	0.27955	2024-01-14
F3	0.24155	0.0283250029473141	0.0434555255447129	367.933475360393	15.9507259864282	4.59631382290477	4.6717	0.052293954489753		41G1B04	3	9	0.24155	2024-01-14
F4	0.493540273311754	0.070389882751441	0.0563703569553089	31.8195272135905	12.2963063921962	9.59489687472297	9.35775	0.0430814146077064		Mcba15-003	3	9	0.37545	2024-01-14
F5	0.756828603456406	0.0720867175862472	0.0404911349017721	55.5966672346723	17.1184922882863	8.43037817028263	8.26675	0.0432059825302968		19G3B08	3	9	0.33525	2024-01-14
F6	0.44747354471292	0.0592837051355179	0.0495752058814552	37.9052387679496	13.9817307510009	7.51187495711554	7.4126	0.036207529733279		19G4A01	3	9	0.30145	2024-01-14
F7	0.373268767141446	0.0513549854701048	0.0644956894350677	28.459603227696	10.7471861550962	7.88203693240305	7.8134	0.0341133932589815		Mcba15-005	3	9	0.31965	2024-01-14
F8	0.355666170043946	0.0535090705323842	0.0612507265977208	28.2624548824411	11.3165544159559	7.59005193467226	7.5639	0.0314134947303693		Mmlr14-006	3	9	0.30775	2024-01-14
F9	0.287290398826246	0.0289930454648379	0.0846701417966438	25.8303035473539	8.18644171194031	6.49133326830761	6.53635	0.0253866326870064		35G1B04	3	9	0.28315	2024-01-14
G1	0.304084462672456	0.00228137027631397	0.101656606288301	48.0539210419131	6.81851584336937	2.04269114925238	2.20465	0.0111633226916236		26G1B06	1	9	0.15395	2024-01-14
G10	0.274308531178468	0.0203973820673297	0.0950531111942394	26.5280936616346	7.2922092906934	6.01939244077381	6.04475	0.0114754563101415		23G3B07	1	9	0.24705	2024-01-14
G11	0.08905	0.00710290232341196	0.0334515528066047	322.987486199047	20.7209269048667	0.845313907396346	0.996	0.0309790133466227		23G3B06	1	9	0.08905	2024-01-14
G12	0.345857195483505	0.0385963415833221	0.0794816112208402	26.1008747503844	8.72084963947235	7.76236793444093	7.79755	0.0281543021675728		Grass-55	1	9	0.32195	2024-01-14
G13	0.351675464059447	0.0370890397821152	0.0737877758135724	28.9741398420955	9.39379420124015	7.20662297673663	7.1859	0.0243294950854845		Grass-51	1	9	0.29555	2024-01-14
G14	0.250241630461853	0.0277903505682199	0.0873763890511551	23.8052782321025	7.93288882828675	6.04386610365295	6.1626	0.0227871198699502		Salt-6	1	9	0.25555	2024-01-14
G15	0.284929028624212	0.0343705414810365	0.0941260477332475	21.1045993910921	7.36403150086912	7.50581865975455	7.53575	0.022982067020888		23G3B05	1	9	0.30175	2024-01-14
G16	0.280087858599094	0.0120959459340196	0.121555095703028	25.4870964958546	5.70232927341339	6.34852715840517	6.5189	0.0175142913865851		08G4A02	1	9	0.27485	2024-01-14
G17	0.26512932343684	0.0251770656911483	0.119366283170218	18.8872973934151	5.8068925508178	7.56473315811772	7.60425	0.0244602087875951		Salt-5	1	9	0.30635	2024-01-14
G18	0.345856667417843	0.0456306833985797	0.0773309708424005	24.3622326066745	8.96338391991186	8.20915225032182	8.14515	0.0195122489871577		23G3B08	1	9	0.30615	2024-01-14
G19	0.293060791333693	0.0283447920952406	0.0782725373569089	28.544037446684	8.85556037872283	6.05955899192317	6.00935	0.0182537703517197		Wood-51	1	9	0.24735	2024-01-14
G2	0	0.046849038338005	0	-0.345186693173166	2.62924493110721	0.233352911242781	0.32485	0.000761619686532937	questionable fit (k < n0)	Grass-39	1	9	0.04685	2024-01-14
G20	0.310134854393809	0.012243796208756	0.115891944802201	27.5403823085439	5.98097807179762	6.47634694242151	6.60815	0.0116712445568954		08G1B09	1	9	0.28045	2024-01-14
G3	0.20965	0.0410296896811801	0.0297131804023595	515.870916929978	23.3279363290543	4.36763403660825	4.4314	0.0480429443641767		26G3A08	1	9	0.20965	2024-01-14
G4	0.409416111891969	0.0446353484688951	0.0659854336339306	31.8368812265677	10.504548388745	7.73653592184734	7.76475	0.037211670207503		40G1B01	1	9	0.32315	2024-01-14
G5	0.287849635183453	0.0710737668700626	0.055026616085404	20.2655683103517	12.5965801619374	7.52888131576867	7.33235	0.038472794245597		Mmlr14-014	1	9	0.27925	2024-01-14
G6	0.346106860573736	0.0598400162796158	0.0532747489411339	29.3807070558648	13.0108014460254	7.26032793151999	7.1685	0.0326482390575557		28G3A04	1	9	0.27915	2024-01-14
G7	0.339900635425565	0.0496827576147407	0.0693658409090394	25.4444259152918	9.99262996708828	7.82304863576385	7.77185	0.0319916849758492		Grass-36	1	9	0.30725	2024-01-14
G8	0.291937745986656	0.0344832247917806	0.0829840715226884	24.2259759376921	8.35277382564236	6.95637995943373	6.89895	0.018930639550633		Grass-43	1	9	0.27445	2024-01-14
G9	0	0	0	0	0	0	0	0	cannot fit data	Grass-40	1	9	0.04625	2024-01-14
H1	0.260926066008481	0.00148392681160565	0.109568972791053	47.1286875350034	6.32612648365129	1.75345544530734	1.90005	0.0103795619770146		26G1B06	2	9	0.13805	2024-01-14
H10	0.252933551668524	0.0176431757845056	0.103146676121916	25.114443075749	6.72001470741207	5.83234367023259	5.88235	0.0117773296243033		23G3B07	2	9	0.24045	2024-01-14
H11	0	0	0	0	0	0	0	0	cannot fit data	23G3B06	2	9	0.09265	2024-01-14
H12	0.349697144389403	0.0513759332864194	0.0662726227671389	26.5418944256515	10.4590274478112	7.80561223363096	7.77715	0.034434004090243		Grass-55	2	9	0.32045	2024-01-14
H13	0.330350931244763	0.0412817835424592	0.0680163305143838	28.6143722245786	10.1908935003978	6.90712806347517	6.8695	0.0254452753964087		Grass-51	2	9	0.27835	2024-01-14
H14	0.242048544772509	0.0286278253504249	0.0810572835119344	24.7835380099634	8.55132506948485	5.66696753449678	5.76225	0.0218741447733818		Salt-6	2	9	0.23615	2024-01-14
H15	0.292232201897703	0.0374404143142341	0.0860166461291732	22.2944750930087	8.05829117679187	7.39945816458371	7.3851	0.0212598460692217		23G3B05	2	9	0.28855	2024-01-14
H16	0.281650578772819	0.0145732960959325	0.11206169851219	25.9530890919594	6.185406697941	6.27994998118238	6.43015	0.0201021189176195		08G4A02	2	9	0.27405	2024-01-14
H17	0.263494093919426	0.0296851425640245	0.108945446108101	18.9439553293859	6.36233275755439	7.46696166513738	7.4902	0.0258324931400292		Salt-5	2	9	0.30385	2024-01-14
H18	0.334692702232492	0.0467361229846634	0.0747316687692123	24.3309477106189	9.27514656069751	7.95345959899671	7.8719	0.0229569880956959		23G3B08	2	9	0.30375	2024-01-14
H19	0.310489263224464	0.0281305068295727	0.0752458904508021	30.650495258043	9.2117612856631	5.98460257168989	5.9458	0.0196840058654119		Wood-51	2	9	0.25365	2024-01-14
H2	0	0.0465499997347293	0	-0.0897397752035398	0.604748716168142	0.227631207632157	0.3425	0.000414008437207437	questionable fit (k < n0)	Grass-39	2	9	0.04655	2024-01-14
H20	0.308660872242183	0.0138944153548225	0.108562752746901	28.1376098852786	6.38476054651934	6.31119133811922	6.42555	0.0125156401456851		08G1B09	2	9	0.27575	2024-01-14
H3	0.17915	0.0348105437583769	0.0287632682516212	540.164968658984	24.098345657256	3.6034176099201	3.7023	0.0359237692066199		26G3A08	2	9	0.17915	2024-01-14
H4	0.508216854056631	0.0488631357932951	0.0592683451657458	37.8076575635228	11.6950655298631	8.05210973333019	8.01155	0.044051021051329		40G1B01	2	9	0.34535	2024-01-14
H5	0.288028767765186	0.0723233201263744	0.0538183094372351	20.3047475157262	12.8793934222018	7.51679170974852	7.31095	0.0387758601071794		Mmlr14-014	2	9	0.27735	2024-01-14
H6	0.346330983602321	0.0668479201913823	0.049193135141933	29.0796977894369	14.0903233461349	7.38279596075856	7.21165	0.0348794748664271		28G3A04	2	9	0.27755	2024-01-14
H7	0.351603736202207	0.052810886309129	0.0619532496958171	27.9732408310589	11.18822957574	7.55934553414269	7.479	0.0327267909651555		Grass-36	2	9	0.29545	2024-01-14
H8	0.2500717128094	0.0291163736131127	0.0935241144508326	21.669918232903	7.41142735892299	6.47209868979491	6.433	0.0155444330164449		Grass-43	2	9	0.24455	2024-01-14
H9	0	0.0458499999005267	0	-0.0885887124916469	0.441766282176815	0.293343484004731	0.4036	0.0000707378778292607	questionable fit (k < n0)	Grass-40	2	9	0.04585	2024-01-14
I1	0.114147870123206	0.00187497618992193	0.116118120890351	35.2428756913792	5.96932826026765	1.64128625433647	1.8061	0.0108617107503901		26G1B06	3	9	0.09355	2024-01-14
I10	0.246444516339646	0.0196353860221429	0.101763625589381	24.0437137166368	6.8113451790408	5.90561910346119	5.99815	0.011599890397503		23G3B07	3	9	0.22605	2024-01-14
I11	0	0	0	0	0	0	0	0	cannot fit data	23G3B06	3	9	0.05895	2024-01-14
I12	0.346056450573247	0.0487459624280732	0.0699359102162653	25.8544520225801	9.91117693923624	7.86582851432208	7.8195	0.0239436844178967		Grass-55	3	9	0.30165	2024-01-14
I13	0.319524807591083	0.036014850001312	0.0709997349957101	29.0608956922345	9.7626727846495	6.555645711628	6.513	0.0170023817236202		Grass-51	3	9	0.25815	2024-01-14
I14	0.241899976282508	0.0259697949549346	0.0879541670120141	24.0809624217583	7.88077704681422	5.7902466077324	5.915	0.0184413998895491		Salt-6	3	9	0.23235	2024-01-14
I15	0.275331002269336	0.0398943878706337	0.0855970343932488	20.7391071125731	8.09779433917649	7.29994187103667	7.28425	0.0212165784661707		23G3B05	3	9	0.27815	2024-01-14
I16	0.310557079513967	0.0226851429511596	0.0951619176230554	26.6998140151729	7.28387150945782	6.77124143035302	6.8837	0.0196338392378934		08G4A02	3	9	0.28235	2024-01-14
I17	0.25074387459735	0.0314934262910656	0.107695681161169	18.0177684023591	6.43616506331982	7.29578544533173	7.2951	0.0214720855703884		Salt-5	3	9	0.28005	2024-01-14
I18	0.358219704822114	0.0562963660609291	0.0648022344417531	25.917982109449	10.6963469166017	8.15009373439671	8.01395	0.0186785973682265		23G3B08	3	9	0.29125	2024-01-14
I19	0.356191245839768	0.0314257276826572	0.0681151004370866	34.2872067130085	10.1761162519339	6.13451608758177	6.06445	0.0184778182742428		Wood-51	3	9	0.25445	2024-01-14
I2	0	0	0	0	0	0	0	0	cannot fit data	Grass-39	3	9	0.04985	2024-01-14
I20	0.330146911291373	0.0172889458964317	0.102744763650206	28.1832559464761	6.74630176696656	6.76385696381299	6.9177	0.0168518641354795		08G1B09	3	9	0.30045	2024-01-14
I3	0.14435	0.0345859348164101	0.0270548252292878	600.568550841576	25.6200945556133	3.40592004958744	3.4413	0.0246697947188688		26G3A08	3	9	0.14435	2024-01-14
I4	0.401334318384496	0.0376077070029161	0.0750029801676716	30.2547113443332	9.24159518742311	7.84988117841835	7.83105	0.0292569764656295		40G1B01	3	9	0.32335	2024-01-14
I5	0.287288486989213	0.0622138579721812	0.0540643060389818	23.7837929315564	12.8207912270282	6.93038061231832	6.7361	0.0269409769782511		Mmlr14-014	3	9	0.24515	2024-01-14
I6	0.338513532916212	0.0582184440383512	0.0549876979796138	28.5816788555559	12.6054955204148	7.23060603144858	7.0732	0.0259510795092443		28G3A04	3	9	0.26425	2024-01-14
I7	0.321330124222853	0.0480345018612168	0.0685961452655063	25.345950955326	10.1047541064745	7.41933076558269	7.2999	0.0236863244031947		Grass-36	3	9	0.27225	2024-01-14
I8	0.278829258176357	0.0341878775917839	0.087294598562207	22.5434596533521	7.94032153164668	7.00885748973819	6.98215	0.020685006669024		Grass-43	3	9	0.27675	2024-01-14
I9	0	0.04495	0	-0.0504752314406194	0.201057688417954	0.348419911698389	0.44795	0.00176467333240814	questionable fit (k < n0)	Grass-40	3	9	0.04495	2024-01-14
J1	0.515394336682376	0.0322959302198582	0.0687300246841649	39.3609512365978	10.0850710260205	7.26450708130326	7.28105	0.00997574268530467		Salt-16	1	9	0.32595	2024-01-14
J10	0.334486136287353	0.0425763534897908	0.0678959163148882	28.3543676738685	10.2089671688834	7.05251813638254	7.02695	0.0241495187907012		35G3B04	1	9	0.27885	2024-01-14
J11	0.415959075257936	0.0530886648850812	0.0531095682877272	36.1908860896622	13.051267462856	7.19438885131774	7.09325	0.0245939728010225		Wood-3	1	9	0.27405	2024-01-14
J12	0.376830370416079	0.0595278937686344	0.091009650003875	18.3871765064095	7.61619433247389	10.7176952522332	10.57595	0.0387946060814951		33G3A07	1	9	0.39115	2024-01-14
J13	0.497144208891431	0.055178072295035	0.0471679563362018	44.111888523364	14.6952981303527	7.07642500144982	6.95135	0.0284245586062891		Wood-18	1	9	0.28165	2024-01-14
J14	0.503808857420353	0.0505128995503536	0.0494571769488436	44.3680095763301	14.0150979761119	6.94062636592722	6.82565	0.0277540425714186		25G2A02	1	9	0.27845	2024-01-14
J15	0.445854307089831	0.0651330793479842	0.0485294193527131	36.3827734533454	14.2830305782588	7.86732624426273	7.69905	0.0412033088251519		Napa-18	1	9	0.32075	2024-01-14
J16	0.428700527280832	0.0596434338723396	0.0521186895390857	34.9695533016928	13.2993977149047	7.72767751042348	7.5391	0.0267487918062726		25G3A08	1	9	0.29525	2024-01-14
J17	0.388978983635754	0.0634756760098713	0.0610203031020945	26.7897037972308	11.3592877341206	8.6588945176738	8.46555	0.0340338459117662		Pine-20	1	9	0.32855	2024-01-14
J18	0.340773384010025	0.0374554306330492	0.0691728786357215	30.2377165440941	10.0205050625434	6.74400439739534	6.75235	0.0316724367255222		28G4A10	1	9	0.28485	2024-01-14
J19	0.280889425016596	0.040298405260945	0.0554185382655693	32.2416764842625	12.507496629347	5.41005038595651	5.4267	0.0258549151406102		02D05	1	9	0.21415	2024-01-14
J2	0.46785	0.0538578509743997	0.045857642247268	89.270909618723	15.1151944712387	8.86521696618783	8.93925	0.0545818786196019		Napa-12	1	9	0.46785	2024-01-14
J20	0.487710572573068	0.0289766868349313	0.0680523639075887	40.586079737157	10.1854974722289	6.56218662589361	6.5614	0.0230386250904657		23D06	1	9	0.31485	2024-01-14
J3	0.40855	0.0925225601991243	0.029531718544427	532.839693093855	23.4712781620611	9.79649010601898	9.4764	0.0694464076313266		Wood-21	1	9	0.40855	2024-01-14
J4	0.526555564103706	0.0741292497652636	0.0504269624994811	35.8699915857125	13.7455667802136	9.32792005648949	9.08225	0.0396791134668874		Grass-58	1	9	0.35755	2024-01-14
J5	0.621308460309745	0.0834148968954847	0.0448386730483161	41.5675501323825	15.4586907559249	9.74881870135954	9.41245	0.0520779774395909		09G1A07	1	9	0.38005	2024-01-14
J6	0.621592896485291	0.0600289388822785	0.0469997776775605	47.5725423061288	14.747882113725	7.9575263074764	7.80915	0.0466253473410283		40G3B03	1	9	0.33125	2024-01-14
J7	0.759443308731534	0.0908319612176302	0.0371292800906097	53.7632758179599	18.6684788627304	9.50057226092747	9.1638	0.055625112550866		09G3B12	1	9	0.36105	2024-01-14
J8	0.528258247947561	0.0572315101029195	0.0430019776307715	49.016588402437	16.1189605397111	6.8407276670777	6.6771	0.0319938939152236		35G2A07	1	9	0.26745	2024-01-14
J9	0.24896125639931	0.0356861367327868	0.0901909100123535	19.8226261059508	7.68533303927197	6.79727603622124	6.7709	0.0118206869331045		Salt-11	1	9	0.23665	2024-01-14
K1	0.598173055333342	0.0324893598174183	0.066454185917728	42.9938670558223	10.4304517614297	7.35776224212585	7.39335	0.00983654672195073		Salt-16	2	9	0.34585	2024-01-14
K10	0.59996901438713	0.0602261032144231	0.0479022970220032	45.7804156701746	14.4700196786296	8.04015256166028	7.86435	0.0388935901056776		35G3B04	2	9	0.32775	2024-01-14
K11	0.31765	0.0728653653886966	0.034901390921792	78.587076254678	19.860159215808	8.04601674145134	7.8189	0.0379995681094032		Wood-3	2	9	0.31765	2024-01-14
K12	0.355999611039169	0.0554993118721951	0.0899014768543558	18.7881021164845	7.71007557176033	10.0049197917429	9.80315	0.0321874910966822		33G3A07	2	9	0.35695	2024-01-14
K13	0.33815	0.0627780696112072	0.0381544017753843	87.4018880371987	18.1668994482083	7.93080813162757	7.7786	0.0417150372081001		Wood-18	2	9	0.33815	2024-01-14
K14	0.32395	0.0557280450008311	0.0404344888446335	79.4443861020983	17.1424741691013	7.39647237692868	7.23365	0.0356814371757602		25G2A02	2	9	0.32395	2024-01-14
K15	0.576374467524128	0.0689669810460594	0.0448279349491357	44.5188150962288	15.4623937361029	8.31586358111683	8.07695	0.0404907422384928		Napa-18	2	9	0.32995	2024-01-14
K16	0.36295	0.0702833992978983	0.0373095849344767	86.1238330052418	18.578260298989	8.60246979623834	8.42235	0.0441894818545321		25G3A08	2	9	0.36295	2024-01-14
K17	0.506466681153237	0.0707857358052302	0.0540730998335366	33.6073333249878	12.8187062087025	9.4187876567964	9.2117	0.0410301301412457		Pine-20	2	9	0.36405	2024-01-14
K18	0.380777657897702	0.0329683298169264	0.0752312399206709	31.3182000741837	9.21355518386841	7.16319237330451	7.20165	0.0307058226194913		28G4A10	2	9	0.30515	2024-01-14
K19	0.26235	0.0369606073177526	0.044216713721868	80.8050684622756	15.6761351583019	5.59989772746222	5.64155	0.0327269524748163		02D05	2	9	0.26235	2024-01-14
K2	0.47725	0.0727406436705102	0.0368640581798871	422.802301235145	18.8027909780731	9.60514519533361	9.5132	0.0682137509117084		Napa-12	2	9	0.47725	2024-01-14
K20	0.33855	0.0359963493687924	0.0495752838857106	77.1542425831872	13.9817087514397	6.46151799158563	6.3994	0.0321412721688572		23D06	2	9	0.33855	2024-01-14
K3	0.43135	0.0997052894661716	0.0281509659895514	526.884047326585	24.6225007275849	10.1374834156829	9.7463	0.0851425675093457		Wood-21	2	9	0.43135	2024-01-14
K4	0.41535	0.107013789902588	0.0285226732613519	128.127453565247	24.3016204760568	10.6119735236028	10.1717	0.0698222207850784		Grass-58	2	9	0.41535	2024-01-14
K5	0.44095	0.108256711993474	0.0288686328357725	135.277331098645	24.0103916421367	10.9209505257822	10.45085	0.0761511178739368		09G1A07	2	9	0.44095	2024-01-14
K6	0.40325	0.0785080638796966	0.0336151878065619	138.373353802416	20.6200597345656	9.21572817263796	8.99555	0.0738670993474273		40G3B03	2	9	0.40325	2024-01-14
K7	0.37565	0.0929549499175136	0.0350894574250522	66.625482650304	19.7537161137485	9.83012172454742	9.4454	0.0566581004144218		09G3B12	2	9	0.37565	2024-01-14
K8	0.32935	0.0770510042825681	0.0288148383745514	492.229739240843	24.0552166751738	7.98802300302917	7.67245	0.0513293773465808		35G2A07	2	9	0.32935	2024-01-14
K9	0.872865341680261	0.0830963815856882	0.0354999160802166	63.4294256922035	19.5253188484641	8.76009391400782	8.48275	0.0460474440746762		Salt-11	2	9	0.33135	2024-01-14
L1	0.899540939939644	0.0306295492529678	0.0612349458388656	54.6301773012388	11.3194707868919	6.99197945830959	7.01775	0.00946170461537388		Salt-16	3	9	0.35515	2024-01-14
L10	0.42225	0.0561756025610124	0.0408390875414883	329.30037164815	16.9726412191697	8.39249971815936	8.3701	0.0494213950533714		35G3B04	3	9	0.42225	2024-01-14
L11	0.40185	0.0667390315666166	0.0352783058346637	440.397549765683	19.6479724340638	8.395204476792	8.2128	0.0418167043198264		Wood-3	3	9	0.40185	2024-01-14
L12	0.334600261117727	0.0418720389741925	0.105721722935005	18.3938199124581	6.55633640199067	9.61853373676647	9.51015	0.0321128674674356		33G3A07	3	9	0.38355	2024-01-14
L13	0.40525	0.0465020236632755	0.0466048579811313	89.2188596707554	14.8728525434103	7.85158162369847	7.76115	0.0405638703815553		Wood-18	3	9	0.40525	2024-01-14
L14	0.37665	0.0419353592295217	0.0507619252823043	67.7551112637881	13.6548638907039	7.46542347206727	7.3216	0.0293770421860602		25G2A02	3	9	0.37665	2024-01-14
L15	0.63241017471233	0.0492357472880592	0.0550396045997313	44.9106860126752	12.593607559516	8.05136385266323	7.8143	0.0324179837621899		Napa-18	3	9	0.37465	2024-01-14
L16	0.64262730446081	0.0363910367601906	0.0664153610488506	42.3538658058732	10.4365491599167	8.12602203017747	8.07835	0.0287465164575148		25G3A08	3	9	0.40625	2024-01-14
L17	0.416067056991748	0.0370540265212739	0.0873519391286938	26.6186828248905	7.93510925428622	9.13599386064788	9.0616	0.0235214864439045		Pine-20	3	9	0.40465	2024-01-14
L18	0.352973804555975	0.0165491124364951	0.0973771316256864	30.9317167698229	7.11817209018205	6.48037430575358	6.6024	0.0217917331596445		28G4A10	3	9	0.33745	2024-01-14
L19	0.28745	0.0263703619183955	0.047435119843924	326.617402346209	14.6125314501283	4.86227085780367	4.887	0.0214142853054975		02D05	3	9	0.28745	2024-01-14
L2	0.48895	0.0397690568378163	0.0492900996858943	350.494727152972	14.0626045590715	7.78910811215504	7.72725	0.0399043087856106		Napa-12	3	9	0.48895	2024-01-14
L20	0.496094368442619	0.0168094719556594	0.0831104940515303	40.3120291592887	8.34006810415757	6.13825153383888	6.25895	0.0146981599662197		23D06	3	9	0.32805	2024-01-14
L3	0.49085	0.0610571264976502	0.0390922599633109	435.672319699193	17.7310593250552	8.63737370351297	8.68575	0.0808740556747443		Wood-21	3	9	0.49085	2024-01-14
L4	0.48855	0.0886169904208326	0.0356214885452169	105.014211869153	19.4586809498453	10.711630872867	10.5347	0.0642004385394536		Grass-58	3	9	0.48855	2024-01-14
L5	0.49605	0.0666246608562513	0.046013866520913	66.9612291553892	15.0638760219143	10.0385111103952	9.97775	0.062344157965938		09G1A07	3	9	0.49605	2024-01-14
L6	0.45805	0.0481993567144483	0.0523498275079772	62.3953867715986	13.2406774493062	8.72753493642239	8.8814	0.0762724602225355		40G3B03	3	9	0.45805	2024-01-14
L7	0.47645	0.0749068950537047	0.0450822274155075	60.8605824264052	15.3751759905615	10.5110029227657	10.35965	0.0563838580434759		09G3B12	3	9	0.47645	2024-01-14
L8	0.39435	0.0689373114959801	0.0341555859533286	453.058962884872	20.2938161127461	8.3809756087779	8.19185	0.0483200429562341		35G2A07	3	9	0.39435	2024-01-14
L9	0.41545	0.068392510485872	0.0359302937961972	427.325494246686	19.29144204864	8.77613156091889	8.7125	0.0534059301390875		Salt-11	3	9	0.41545	2024-01-14
A1	0.543846156586187	0.0432827829712923	0.143082918464117	17.1088156685655	4.84437407344173	16.5303015907866	16.7573	0.0188817628328398		Desert-26	1	20	0.549866666666667	2024-01-14
A10	0.421535204494175	0.052409747435309	0.138790765005989	14.0646532528031	4.99418805372272	13.9289336243163	14.10375	0.0196570601205956		23G3A10	1	20	0.426066666666667	2024-01-14
A11	0.438042082461957	0.0439061566876093	0.162112084334479	13.5378019127078	4.27572801500598	14.8206066024389	15.09695	0.0178942521697095		23G3A03	1	20	0.439766666666667	2024-01-14
A12	0.406922689320301	0.0623096635303905	0.141046398384909	12.1258367182028	4.91432031230162	14.136767036265	14.3094	0.016926770104488		23G3A08	1	20	0.408866666666667	2024-01-14
A13	0.446046280587686	0.0645577848454495	0.140359943944542	12.6568872372452	4.9383546407928	15.290020348725	15.4477	0.0146558858574321		23G4A03	1	20	0.455166666666667	2024-01-14
A14	0.4169473403162	0.0649558476012754	0.139259778806592	12.1348694500899	4.97736809938935	14.4670388294153	14.61805	0.012643648756022		23G1B09	1	20	0.419866666666667	2024-01-14
A15	0.435525207104176	0.0236561694978938	0.182122089640491	15.6877262221936	3.80594787775727	13.9458994310052	14.353	0.0244439436698		23G2A11	1	20	0.445666666666667	2024-01-14
A16	0.430160214900409	0.044649562412424	0.144209871891945	14.9485211405574	4.8065168595345	13.9158220921999	14.0968	0.0155606814405167		23G2B11	1	20	0.430966666666667	2024-01-14
A17	0.389513860488904	0.0660456116902715	0.13541657718733	11.7323551043095	5.11862871560455	13.6134198076584	13.7097	0.0146144536199889		26G3B01	1	20	0.395266666666667	2024-01-14
A18	0.380357067732688	0.056964880231249	0.165040612763997	10.5212336450651	4.1998582588343	13.8861406273208	14.00655	0.0157121942128602		26G3B10	1	20	0.382166666666667	2024-01-14
A19	0.42280171599413	0.0383286523494851	0.157822766399684	14.6092738324923	4.39193404330881	13.8768221184236	14.07015	0.0189213819642005		02G2A03	1	20	0.432066666666667	2024-01-14
A2	0.440577924084271	0.0551940181425949	0.143158845467267	13.5750285563821	4.84180476796619	14.7771599744941	14.9142	0.0163488325469574		Grass-59	1	20	0.448466666666667	2024-01-14
A20	0.442704380460094	0.0393594816940459	0.142113039982791	16.3746769519877	4.87743546013709	13.7452248147115	13.99355	0.0187366709043517		02G1B04	1	20	0.443066666666667	2024-01-14
A21	0.502003899034243	0.0555862030520545	0.133146070030702	15.6468758516181	5.2059154310759	15.8493633663994	16.05345	0.0137167960184993		25D05	1	20	0.503166666666667	2024-01-14
A22	0.394098370649889	0.0688424871301137	0.095587802972512	16.2446573551454	7.25141868528218	11.9166909306924	11.98955	0.012427622644286		35D02	1	20	0.394166666666667	2024-01-14
A3	0.437618872021305	0.039987885866531	0.16444382596842	13.9679786473947	4.21510005911112	14.6479059038058	14.8619	0.0172367579363507		Grass-45	1	20	0.444666666666667	2024-01-14
A4	0.428944609976889	0.037799933519004	0.153356650861527	15.2374882410868	4.51983775510213	13.8136078727077	14.07335	0.018859797016666		Grass-44	1	20	0.433166666666667	2024-01-14
A5	0.419620185370896	0.0268750972826744	0.178894247215499	14.9918776376641	3.87461973399831	13.7020040699837	14.032	0.0209692188367675		Grass-42	1	20	0.425866666666667	2024-01-14
A6	0.415135441438541	0.0536150314063377	0.138501126320491	13.7795921560128	5.00463208476734	13.8177027240838	13.9496	0.0172065635776823		Grass-53	1	20	0.419166666666667	2024-01-14
A7	0	0.0442709369439043	0	-4.63587843218548	15.3402049345905	0.692083991884383	0.7762	0.00670636710579128	questionable fit (k < n0)	Grass-54	1	20	0.0480666666666667	2024-01-14
A8	0.430792164682741	0.0587298903096734	0.146140618410563	12.6324389669503	4.74301524174913	14.820758660729	14.9458	0.0157245886656769		Grass-57	1	20	0.445266666666667	2024-01-14
A9	0.443705038893724	0.0425179429990418	0.145048426857586	15.4741541523613	4.77872939111918	14.1509505275697	14.3882	0.0195177012047292		23G3B01	1	20	0.450466666666667	2024-01-14
B1	0.513463685646881	0.0466757166785961	0.138123526955669	16.6709548579251	5.01831364892971	15.7808025159323	15.97945	0.0156309721695952		Desert-26	2	20	0.517466666666667	2024-01-14
B10	0.375793052151014	0.0613384042181733	0.12388744422926	13.1928923807071	5.59497522022685	12.5801217869031	12.7056	0.0122339168010391		23G3A10	2	20	0.378666666666667	2024-01-14
B11	0.374191758843823	0.0789145542854042	0.115420529462715	11.4325321667731	6.00540635003636	12.9626444669065	12.98455	0.00786190316680819		23G3A03	2	20	0.373866666666667	2024-01-14
B12	0.335386285152919	0.0767927993714912	0.118672721573333	10.2310487365778	5.84082990067453	11.9640999349207	12.0645	0.00867126468062761		23G3A08	2	20	0.332766666666667	2024-01-14
B13	0.356076135437877	0.0899430462103229	0.119576183748994	9.07220681373152	5.79669929937678	13.0224735521816	13.0024	0.00941712876985438		23G4A03	2	20	0.368166666666667	2024-01-14
B14	0.324826961647392	0.0884091198044863	0.128809904952851	7.63625768236701	5.38116366760508	12.3239744653084	12.3523	0.00764601061103585		23G1B09	2	20	0.335766666666667	2024-01-14
B15	0.38405099387962	0.0486405196346282	0.132230102696382	14.6025611246101	5.24197717785566	12.4678801411769	12.67915	0.0179232632008861		23G2A11	2	20	0.387366666666667	2024-01-14
B16	0.363857791297172	0.0652700253935519	0.116473796523838	13.0547046324864	5.95109974300599	12.1504038231787	12.20045	0.00977439227022292		23G2B11	2	20	0.367766666666667	2024-01-14
B17	0.330059380454998	0.0771295950800653	0.124338878342637	9.55151661155721	5.57466168103799	12.0059353215381	12.0578	0.00866300447728223		26G3B01	2	20	0.335066666666667	2024-01-14
B18	0.330611211958231	0.0749225638475103	0.148128439283205	8.28676379621555	4.67936598747744	12.5622883713997	12.5399	0.00707902938585577		26G3B10	2	20	0.339766666666667	2024-01-14
B19	0.376237394932506	0.0503562699728979	0.134815891092584	13.8515535015516	5.14143529329145	12.4747343708487	12.6256	0.0132600815686399		02G2A03	2	20	0.377066666666667	2024-01-14
B2	0.401509018809042	0.0580895184572799	0.14350542363121	12.3825807110938	4.83011138548493	13.8802878513578	14.0006	0.0127137785839783		Grass-59	2	20	0.407366666666667	2024-01-14
B20	0.403131009639889	0.0574793500847954	0.114592460457925	15.6555304086193	6.04880266808174	12.5832656864732	12.64675	0.0127346399151485		02G1B04	2	20	0.397166666666667	2024-01-14
B21	0.427571559343201	0.0667410899824138	0.124342258229634	13.5721150085028	5.57451014987879	14.1840309634122	14.2434	0.0109499050659089		25D05	2	20	0.424266666666667	2024-01-14
B22	0.347812336952846	0.0747019269741567	0.0930487522022117	13.9321616563319	7.4492904435044	11.0992293769999	11.13655	0.0087500467273009		35D02	2	20	0.348366666666667	2024-01-14
B3	0.393868607240634	0.0499892393190505	0.155634975411172	12.3910653597231	4.45367231066617	13.6916535505716	13.8397	0.0133575872008885		Grass-45	2	20	0.402266666666667	2024-01-14
B4	0.386886795225994	0.0483279519910268	0.135995174006517	14.314388854509	5.09685130831723	12.681910849163	12.8326	0.0127204339415724		Grass-44	2	20	0.385066666666667	2024-01-14
B5	0.376588310208275	0.0395284163276774	0.152635527509002	14.0415594077204	4.541191633901	12.5285565720862	12.74285	0.0153143640285863		Grass-42	2	20	0.378266666666667	2024-01-14
B6	0.379537688153404	0.0635772737684282	0.12414318080074	12.9154162851409	5.58344949830553	12.7944062840759	12.8962	0.0119369012865197		Grass-53	2	20	0.377966666666667	2024-01-14
B7	0	0.043226393830119	0	-4.0753025536384	17.1435456177476	0.600166557498005	0.7099	0.00715387646330792	questionable fit (k < n0)	Grass-54	2	20	0.0481666666666667	2024-01-14
B8	0.368460018556164	0.0706730019175448	0.132417774503735	10.8619473128953	5.23454787816566	13.1116139286094	13.21075	0.0113896413062286		Grass-57	2	20	0.373866666666667	2024-01-14
B9	0.393382926056775	0.0547850567342994	0.124001038766824	14.6885520133198	5.58984979039865	12.6789693697012	12.84275	0.0145304731983058		23G3B01	2	20	0.391666666666667	2024-01-14
C1	0.477646618946889	0.0472172342124508	0.132750993524816	16.6478928959497	5.22140860987508	14.6563245322324	14.7938	0.0139578063427141		Desert-26	3	20	0.480266666666667	2024-01-14
C10	0.340549919603023	0.0743015653634977	0.102228395493097	12.4847652155469	6.78037816417409	11.3619030916887	11.4001	0.00905337613445046		23G3A10	3	20	0.338866666666667	2024-01-14
C11	0.320411626657481	0.0654132730320389	0.137996905187314	9.85914790979201	5.02291830109584	11.7025654150078	11.75215	0.00978771172059576		23G3A03	3	20	0.329166666666667	2024-01-14
C12	0.298008438756256	0.0824467391868987	0.107577666318031	8.93396102666257	6.44322566461704	10.7859457490639	10.82	0.00627345725839225		23G3A08	3	20	0.300366666666667	2024-01-14
C13	0.314127823284343	0.0786307700973743	0.136696885382472	8.02458152143455	5.07068744558845	11.9050472084435	11.9215	0.00768982830906056		23G4A03	3	20	0.323666666666667	2024-01-14
C14	0.290693665140703	0.0785661086814342	0.150222756205868	6.61183019832704	4.61412903122377	11.4254235048388	11.4578	0.00663405965133031		23G1B09	3	20	0.300966666666667	2024-01-14
C15	0.346341878826711	0.0536580438444097	0.115645783962475	14.6694632271884	5.99370903815098	11.1024058626763	11.2647	0.0107744603390227		23G2A11	3	20	0.341366666666667	2024-01-14
C16	0.329473563477076	0.0660926333422164	0.109966987829439	12.5723557734688	6.30322967139037	11.0619455272662	11.0983	0.007696708405647		23G2B11	3	20	0.328266666666667	2024-01-14
C17	0.296607159383177	0.0785179371477787	0.114920888776812	8.8893948598608	6.03151601016685	10.8354933295629	10.8754	0.00718672321460626		26G3B01	3	20	0.302266666666667	2024-01-14
C18	0.299854601387961	0.0627047218034922	0.173411697959084	7.67108336717989	3.99711892979384	11.6887300235318	11.69	0.00837887415521905		26G3B10	3	20	0.302466666666667	2024-01-14
C19	0.395667645068569	0.0627227346761975	0.138084450343272	12.0886389557534	5.01973378491794	13.7344507794334	13.8122	0.0112148283680263		02G2A03	3	20	0.402166666666667	2024-01-14
C2	0.375675907232081	0.0616172191003559	0.136223913760232	11.9555991751966	5.08829295405473	13.0672196122296	13.14805	0.0116554733040686		Grass-59	3	20	0.384666666666667	2024-01-14
C20	0.361699816984932	0.0625176387735481	0.103915091252409	15.066184548878	6.67032258939458	11.3634306157825	11.4036	0.0101947440122736		02G1B04	3	20	0.357766666666667	2024-01-14
C21	0.647326019269996	0.215513004521887	0.0504103075500041	13.7862956715862	13.7501081474733	19.0546239846252	19.62615	0.0428955449270522		25D05	3	20	0.529266666666667	2024-01-14
C22	0.323571415520211	0.0703070985708931	0.0991254760123537	12.9286734029735	6.99262397966755	10.6477712356559	10.66155	0.00977809297850188		35D02	3	20	0.326066666666667	2024-01-14
C3	0.371884200271166	0.0524046056279224	0.147628354896571	12.2449303549171	4.69521712848163	12.9269434067236	13.04305	0.0120836566941687		Grass-45	3	20	0.379766666666667	2024-01-14
C4	0.361904483421408	0.0573198594084464	0.118451987019877	14.1010872989726	5.85171425147668	11.7959553115285	11.91555	0.00943796163719355		Grass-44	3	20	0.360466666666667	2024-01-14
C5	0.361801330849751	0.0375730199517374	0.149403461344183	14.4251121972268	4.63943187342316	11.8979144219313	12.1573	0.016451224792629		Grass-42	3	20	0.358466666666667	2024-01-14
C6	0.347593254025731	0.0691626923855665	0.114597325956288	12.1530506663558	6.04854585197161	11.8366689746875	11.91465	0.00814116212367824		Grass-53	3	20	0.344166666666667	2024-01-14
C7	0	0.0435539520228036	0	-3.53547360256373	20.2399385303298	0.526056978511085	0.64455	0.00734204114276304	questionable fit (k < n0)	Grass-54	3	20	0.0475666666666667	2024-01-14
C8	0.341025185060756	0.0820676980931261	0.113166159221819	10.1542671412516	6.12503936977569	12.1180681427728	12.1684	0.0075362708005116		Grass-57	3	20	0.346966666666667	2024-01-14
C9	0.356447586177889	0.0564744699509407	0.115771325212409	14.4241605444375	5.98720952090866	11.4994273164115	11.60415	0.0110669383956295		23G3B01	3	20	0.354666666666667	2024-01-14
D1	0.433033862772153	0.0648950593150388	0.129717876748804	13.3804884932463	5.34349773472019	14.4866528274426	14.58155	0.0129696328234552		19G2B10	1	20	0.433566666666667	2024-01-14
D10	0.339475444972533	0.0693600697116903	0.112672204923923	12.0663108251193	6.15189150711981	11.5620949631625	11.58865	0.00570043649802753		35G3B01	1	20	0.339666666666667	2024-01-14
D11	0.309454659962873	0.0669796051420997	0.119587035410574	10.7579443019351	5.79617329069316	10.9234922258608	10.99255	0.00782897086416672		Grass-34	1	20	0.314766666666667	2024-01-14
D12	0.274327363017258	0.0711306461920002	0.126830480760474	8.27605697430149	5.46514667770588	10.2621439904605	10.3467	0.00868351607694137		Grass-31	1	20	0.277466666666667	2024-01-14
D13	0.268632757623878	0.0488672097585191	0.134961631245195	11.1398673699749	5.13588324448043	9.51589882430138	9.55685	0.00718712064125852		S.11	1	20	0.271066666666667	2024-01-14
D14	0.304356598952704	0.0368902105391405	0.150765593060585	13.1399190533354	4.59751569631279	10.3595678134375	10.4909	0.0108270054952665		Mcba15-007	1	20	0.307966666666667	2024-01-14
D15	0.34207774292149	0.0701972822039183	0.109927415119697	12.3176997323769	6.3054987675749	11.5523937174646	11.57785	0.00870416351279844		35G3B11	1	20	0.343266666666667	2024-01-14
D16	0.347729199557523	0.0815387355019135	0.0996603128356497	11.8716654564553	6.95509737866283	11.7245410235088	11.66115	0.00900548840087107		35G3B02	1	20	0.352766666666667	2024-01-14
D17	0.359574567324297	0.0725338111638555	0.0975006489974386	14.1083306964691	7.10915453063451	11.4886936679591	11.475	0.00673009102235098		35G3B09	1	20	0.355266666666667	2024-01-14
D18	0.286977098780981	0.0613528907662488	0.11372801664567	11.4503758001257	6.09477946599129	9.92116341832685	9.9312	0.00780733512335195		26G1A06	1	20	0.293466666666667	2024-01-14
D19	0.278178392443287	0.0565955112557531	0.109688506643428	12.4431179443298	6.31923254104649	9.36509870987423	9.3767	0.00982984375524826		Mmlr14-002	1	20	0.281466666666667	2024-01-14
D2	0.36450680071877	0.0546882832408601	0.126378126133855	13.7233971216522	5.48470848369591	12.062857391437	12.09685	0.00884594926754634		12G2A10	1	20	0.371066666666667	2024-01-14
D20	0.324531129032323	0.0531113667359588	0.129089404755287	12.6367891757154	5.36951256281595	11.0532077486736	11.0868	0.00966830324487656		Mcba15-009	1	20	0.330466666666667	2024-01-14
D3	0.33699551158025	0.0148152071031981	0.146998999700775	20.9488308537572	4.7153190291831	9.05564487378387	9.32185	0.016425379882614		41G1B04	1	20	0.343166666666667	2024-01-14
D4	0.291159594248633	0.0668260419511423	0.132990092747775	9.10625098367328	5.21202118322114	10.7658263854842	10.75835	0.00985550243140714		Mcba15-003	1	20	0.306966666666667	2024-01-14
D5	0.350475768663275	0.0613913043705811	0.117699136305603	13.1645036279823	5.88914415446689	11.6845079554172	11.771	0.00807167817586614		19G3B08	1	20	0.352566666666667	2024-01-14
D6	0.344702715867201	0.0584698685065993	0.116244415415997	13.6634011382261	5.96284284349848	11.3390126615226	11.43165	0.0076162129462223		19G4A01	1	20	0.341166666666667	2024-01-14
D7	0.28977207527073	0.0680427075848982	0.106999618963674	11.0404319605934	6.47803410211455	10.0364579965901	10.07375	0.00659516538737659		Mcba15-005	1	20	0.291966666666667	2024-01-14
D8	0.335635250846013	0.0785410835201371	0.0948309668231195	12.5045712651475	7.30929150867792	11.0901343384379	11.1188	0.00682693113769473		Mmlr14-006	1	20	0.327766666666667	2024-01-14
D9	0.296662158072308	0.0590598854262374	0.10298848151532	13.5165233588364	6.73033693051237	9.6719390557961	9.69315	0.0119243872847445		35G1B04	1	20	0.295966666666667	2024-01-14
E1	0.444815671724283	0.0694831278129721	0.12547160271942	13.4431092167352	5.52433511278217	14.8154163191548	14.89705	0.0128357211749476		19G2B10	2	20	0.446266666666667	2024-01-14
E10	0.315754633107176	0.0730295512639569	0.105855637511996	11.3462571252834	6.54804219077512	10.8499556351998	10.859	0.00701895986084473		35G3B01	2	20	0.318966666666667	2024-01-14
E11	0.30907007827038	0.0706654616737529	0.11665094990067	10.424367455952	5.94206203335824	10.9585636715417	11.0117	0.00706975546669627		Grass-34	2	20	0.311866666666667	2024-01-14
E12	0.268574286884178	0.06941729680984	0.118625934548909	8.88471262657556	5.84313357105028	9.85009272561225	9.9354	0.00811364282588853		Grass-31	2	20	0.268166666666667	2024-01-14
E13	0.266120938833204	0.043893066286778	0.169761112026272	9.55429028903473	4.08307398724317	9.9509419746951	9.91115	0.0106182616453887		S.11	2	20	0.274666666666667	2024-01-14
E14	0.27854621635202	0.0400177455477739	0.142673798306609	12.5122181115486	4.85826541934742	9.59450070114359	9.7035	0.00920982570901401		Mcba15-007	2	20	0.279966666666667	2024-01-14
E15	0.353450414927912	0.078259344830454	0.0959716107993434	13.1021809599991	7.22241895063292	11.5400062247311	11.56625	0.00641100107040268		35G3B11	2	20	0.346966666666667	2024-01-14
E16	0.334899046828566	0.0782034226735596	0.0979696420464694	12.1321013486768	7.07512211008353	11.2033521542642	11.1958	0.00690476381928429		35G3B02	2	20	0.333566666666667	2024-01-14
E17	0.364393684404585	0.0741625369404916	0.093022285415359	14.6676522721273	7.45140992252486	11.4271941220902	11.3973	0.00754331256907849		35G3B09	2	20	0.360066666666667	2024-01-14
E18	0.286837095935484	0.0589211038820913	0.109527496379666	12.3510335137563	6.32852209236318	9.67551834800306	9.68625	0.00809923289098211		26G1A06	2	20	0.291866666666667	2024-01-14
E19	0.288955796175154	0.0652020439034142	0.0938815399836336	13.1341615242542	7.38321059369905	9.40203235728012	9.42015	0.010180539981726		Mmlr14-002	2	20	0.285466666666667	2024-01-14
E2	0.368292144047035	0.0531488971789427	0.129205603587855	13.7759499792653	5.36468358424279	12.1942431376284	12.2337	0.01000122336369		12G2A10	2	20	0.376466666666667	2024-01-14
E20	0.305968467966806	0.0532362268860949	0.124968948457816	12.4638279409372	5.54655527724089	10.4336267670366	10.435	0.00874744760983311		Mcba15-009	2	20	0.309866666666667	2024-01-14
E3	0.332372147102837	0.0129455626632831	0.155175562271136	20.659015761819	4.46685786353923	9.03284722987052	9.3385	0.0164734350262081		41G1B04	2	20	0.335566666666667	2024-01-14
E4	0.27629054511405	0.0683397990853652	0.128440026632271	8.66403547355049	5.39666020581305	10.2706207870347	10.28735	0.00939320690907554		Mcba15-003	2	20	0.289666666666667	2024-01-14
E5	0.348904441848779	0.0642737387404512	0.113115000925048	13.155120180253	6.12780952916434	11.5888353336799	11.6891	0.00919871657946866		19G3B08	2	20	0.351766666666667	2024-01-14
E6	0.332284131576167	0.0591975212948978	0.118988986842287	12.8491667021241	5.82530534089403	11.1744503314624	11.2754	0.00729453336258928		19G4A01	2	20	0.330066666666667	2024-01-14
E7	0.254569971729749	0.0687702085899796	0.125856562449232	7.89707660644347	5.50743772967378	9.58499827351766	9.6054	0.00963367651393307		Mcba15-005	2	20	0.268066666666667	2024-01-14
E8	0.317061438504958	0.074035874865776	0.100835838973695	11.7876429536769	6.87401609997774	10.7259340407846	10.7844	0.00622719776492138		Mmlr14-006	2	20	0.311866666666667	2024-01-14
E9	0.303313272078317	0.0690861654648094	0.0911481697348505	13.3950762691506	7.60461984674301	9.7750650542055	9.77735	0.0108541851421755		35G1B04	2	20	0.297566666666667	2024-01-14
F1	0.438867912259396	0.0654750460536821	0.126732755262552	13.7372696473045	5.46936093296444	14.5220694814316	14.6415	0.0147648707655735		19G2B10	3	20	0.439166666666667	2024-01-14
F10	0.325833032868603	0.0751069892797513	0.0984175010092508	12.2483018786376	7.04292603908722	10.8783020629165	10.93695	0.00749762129832788		35G3B01	3	20	0.322366666666667	2024-01-14
F11	0.308794486490813	0.0736769088315129	0.107145033478982	10.830145315285	6.46924227893324	10.745454798674	10.78945	0.00803982462558601		Grass-34	3	20	0.309266666666667	2024-01-14
F12	0.25725751891461	0.0710720893016574	0.117001545154906	8.23107425655101	5.92425663816867	9.54078323958484	9.62925	0.00891336675463402		Grass-31	3	20	0.263566666666667	2024-01-14
F13	0.256725288468768	0.0491387364793147	0.139809484008973	10.3061729098392	4.9577980025694	9.29625320733564	9.32545	0.0065078200630188		S.11	3	20	0.260066666666667	2024-01-14
F14	0.280189446073878	0.0356743879591408	0.151588452076319	12.6978266539109	4.57255926204043	9.6483137538578	9.7946	0.0103685267074683		Mcba15-007	3	20	0.282666666666667	2024-01-14
F15	0.346081813607403	0.0796285877376833	0.0901203961569755	13.4023550296715	7.69134635574163	11.1357579708479	11.17625	0.00691726568050329		35G3B11	3	20	0.334666666666667	2024-01-14
F16	0.308657501274528	0.0752792938748958	0.103177684084186	10.9660847702118	6.71799514315888	10.6592720133842	10.6482	0.00747704832339626		35G3B02	3	20	0.312566666666667	2024-01-14
F17	0.354681237833125	0.0766115363172585	0.089284322834743	14.4384153470809	7.76336940856792	11.1306367571083	11.0858	0.00751844006849612		35G3B09	3	20	0.350766666666667	2024-01-14
F18	0.28267117870349	0.065737066071283	0.0937347299623494	12.7373359002595	7.39477438979515	9.27817808011453	9.28005	0.00752333051007875		26G1A06	3	20	0.277966666666667	2024-01-14
F19	0.303127581723109	0.0589840966199249	0.0878889226551627	16.162312661133	7.88662734301054	9.10849229960641	9.1607	0.00740150732293303		Mmlr14-002	3	20	0.293466666666667	2024-01-14
F2	0.367891231746003	0.0487990883508857	0.129821243476762	14.4642604723603	5.3392431161239	11.9704396706683	12.0257	0.0111388841927148		12G2A10	3	20	0.373966666666667	2024-01-14
F20	0.298069105390926	0.0524610499831926	0.122292010616552	12.6227870298	5.66796781789217	10.1050109052288	10.1118	0.0106432798461171		Mcba15-009	3	20	0.301266666666667	2024-01-14
F3	0.340463505764788	0.0116396493654676	0.157287627673159	21.2420070626519	4.40687669344403	9.06676444992317	9.38385	0.01545371891026		41G1B04	3	20	0.342566666666667	2024-01-14
F4	0.277781488837066	0.0680942462654402	0.132788965495601	8.4700138689946	5.21991551009489	10.4033764964149	10.4233	0.00940363277091888		Mcba15-003	3	20	0.290066666666667	2024-01-14
F5	0.345079111923669	0.0630869285530731	0.114641348168404	13.0613062591571	6.04622321382453	11.5032362290292	11.6127	0.00867986026216109		19G3B08	3	20	0.348666666666667	2024-01-14
F6	0.326143669806935	0.0592601485339391	0.115000635637962	13.0857995378225	6.02733347267811	10.869057552697	10.9677	0.00811075646912237		19G4A01	3	20	0.322666666666667	2024-01-14
F7	0.244408592078905	0.0695130001742158	0.123161623217798	7.49158192412146	5.62794775231396	9.2499755719952	9.24605	0.00744457912090494		Mcba15-005	3	20	0.250766666666667	2024-01-14
F8	0.318544655003538	0.0736652609453955	0.0972491793919503	12.3521298300138	7.12753757814556	10.5946747896012	10.62545	0.00760000404452229		Mmlr14-006	3	20	0.315266666666667	2024-01-14
F9	0.294433346158011	0.0617267538291655	0.0957939510650233	13.8532854784982	7.23581366937719	9.44532369247865	9.51655	0.0115317060973655		35G1B04	3	20	0.290666666666667	2024-01-14
G1	0.479096422920162	0.00782553135799535	0.160155492688692	25.5878918787806	4.32796383641536	10.7697819169499	11.20165	0.0179035639050288		26G1B06	1	20	0.467366666666667	2024-01-14
G10	0.344032726419229	0.0481295716420374	0.113790786192383	15.9603031009592	6.09141744910752	10.644965005985	10.7981	0.00909486818256997		23G3B07	1	20	0.337366666666667	2024-01-14
G11	0.140499423127344	0.00000000134325491761869	0.442923595351469	41.6903014730012	1.56493622790612	0.905331106235957	1.48435	0.0158324201574661		23G3B06	1	20	0.129366666666667	2024-01-14
G12	0.273632922486508	0.070483351925727	0.118208640947599	8.95506420688833	5.86376067775969	10.0173182543652	10.0653	0.00542229997828904		Grass-55	1	20	0.278566666666667	2024-01-14
G13	0.294431600993608	0.0579798615462802	0.108997506736838	12.8961517756067	6.35929390782735	9.80151959270249	9.88565	0.00958954371734393		Grass-51	1	20	0.293766666666667	2024-01-14
G14	0.282665002195608	0.0599881447094327	0.106105028393349	12.3610983976146	6.53265157227362	9.49842413420027	9.53975	0.00641604431842224		Salt-6	1	20	0.281066666666667	2024-01-14
G15	0.326279390624818	0.0710163897633102	0.09734489072404	13.1427924766164	7.12052964880228	10.661235553803	10.6791	0.00726914609784496		23G3B05	1	20	0.321966666666667	2024-01-14
G16	0.281146715824132	0.0483695681720486	0.119193179621337	13.1820519750184	5.8153258664799	9.38052356974732	9.45035	0.00702466918014119		08G4A02	1	20	0.278466666666667	2024-01-14
G17	0.302505151062918	0.0790557270140188	0.0974085064284293	10.66674900281	7.11587936182179	10.4335424720632	10.3604	0.0175205570294502		Salt-5	1	20	0.323566666666667	2024-01-14
G18	0.298122386775429	0.0811621896390834	0.119208913348228	8.24824580546863	5.81455833369735	11.0779313497413	11.09685	0.00883342425003841		23G3B08	1	20	0.305966666666667	2024-01-14
G19	0.31824549531538	0.0613463909584892	0.109095045798474	13.1275170649092	6.35360822745668	10.5375934928611	10.50325	0.0084266996690168		Wood-51	1	20	0.319866666666667	2024-01-14
G2	0	0.0435859312821991	0	-3.69283634128237	17.7062662018546	0.560895907470807	0.67995	0.00735366311034926	questionable fit (k < n0)	Grass-39	1	20	0.0481666666666667	2024-01-14
G20	0.292382218485644	0.0499585656387427	0.122286612197243	12.916318672615	5.6682180338918	9.84237536570485	9.88305	0.00757482595287241		08G1B09	1	20	0.293966666666667	2024-01-14
G3	0.122766666666667	0.0343129279569015	0.0248718776239231	702.948652839066	27.8687114435316	3.17272149444231	3.38855	0.0110110301188197		26G3A08	1	20	0.122766666666667	2024-01-14
G4	0.304037577725804	0.0474057300417958	0.128262001271231	13.1675744453669	5.40415067354336	10.2155991758014	10.2901	0.0156081654222774		40G1B01	1	20	0.311766666666667	2024-01-14
G5	0.305330763799164	0.0738468592406526	0.0871515181860385	13.1095463277338	7.95335749723045	9.84665701990732	9.87465	0.00772395656989812		Mmlr14-014	1	20	0.298766666666667	2024-01-14
G6	0.291369631492745	0.0733742347328537	0.105775646152665	10.2944405241976	6.55299405649137	10.2376711430215	10.2122	0.0087629505737791		28G3A04	1	20	0.299966666666667	2024-01-14
G7	0.26952185742087	0.0683510061626049	0.113611812595365	9.50163759213199	6.10101330773261	9.71197287267773	9.73425	0.00860724755155234		Grass-36	1	20	0.270166666666667	2024-01-14
G8	0.306767317181017	0.0660440467485685	0.10796612999403	11.9789986353653	6.42004284675457	10.4187700792186	10.4461	0.0100889968005819		Grass-43	1	20	0.315166666666667	2024-01-14
G9	0	0.0429739466320222	0	-3.72684440191993	19.758564086174	0.541256407355131	0.64955	0.00704577111668794	questionable fit (k < n0)	Grass-40	1	20	0.0466666666666667	2024-01-14
H1	0.468016171511689	0.00702594432382051	0.164447609257872	25.4413380224169	4.21500308632041	10.5836131849447	11.00255	0.0169490976774586		26G1B06	2	20	0.453466666666667	2024-01-14
H10	0.348958735037128	0.0524986813384864	0.112309034206159	15.4139374764888	6.17178471402024	10.9435665481145	11.08895	0.00966616086184984		23G3B07	2	20	0.339666666666667	2024-01-14
H11	0.151172831367063	0.000000000461166475915674	0.471360953674392	41.598546389956	1.47052312067147	0.983046184486424	1.47565	0.0150979829424977		23G3B06	2	20	0.143966666666667	2024-01-14
H12	0.269516051163658	0.0711832955826995	0.124039759968289	8.26096427313713	5.58810482007665	10.059601393204	10.09195	0.00553433490537946		Grass-55	2	20	0.273066666666667	2024-01-14
H13	0.295021189154135	0.057195115606176	0.109036555448585	13.069663783903	6.35701648596917	9.78143835380126	9.88815	0.0103556755962488		Grass-51	2	20	0.289266666666667	2024-01-14
H14	0.281176963215665	0.0625492452725899	0.103869279919313	12.0479914308242	6.67326452150618	9.49166060556459	9.53165	0.00686794092515775		Salt-6	2	20	0.278166666666667	2024-01-14
H15	0.322108022932482	0.0708392452064712	0.104035456461193	12.1699858770629	6.66260527071843	10.8457496145665	10.8536	0.00956300532366761		23G3B05	2	20	0.325966666666667	2024-01-14
H16	0.267218404487991	0.0521011126291644	0.11731519176086	12.0870715671281	5.90841791379316	9.13604754137288	9.1404	0.0070090072124954		08G4A02	2	20	0.266166666666667	2024-01-14
H17	0.325398087498054	0.0891635117242136	0.0783707320507769	12.4326181025292	8.8444647947253	10.4920895366322	10.43465	0.0122974419768644		Salt-5	2	20	0.315166666666667	2024-01-14
H18	0.286583475215987	0.0807078885853111	0.124716220076	7.50853188854553	5.55779496955208	10.858824116145	10.8841	0.00904182201047094		23G3B08	2	20	0.299866666666667	2024-01-14
H19	0.302901739078938	0.0626326436505628	0.110594430252911	12.1567868910902	6.26746915712513	10.2740315602562	10.195	0.00972619401957689		Wood-51	2	20	0.312166666666667	2024-01-14
H2	0	0.0414992405424854	0	-3.6817564334543	20.4589916906137	0.514078652244397	0.6349	0.00734875338922911	questionable fit (k < n0)	Grass-39	2	20	0.0470666666666667	2024-01-14
H20	0.288411049140627	0.0560922428199668	0.110187650351357	12.8972081734672	6.29060678170103	9.6120872824984	9.6491	0.00713136777572081		08G1B09	2	20	0.283866666666667	2024-01-14
H3	0.117266666666667	0.0359114420761582	0.0224625081129229	772.316375414375	30.8579601652396	3.10054919980924	3.31705	0.0116339019146803		26G3A08	2	20	0.117266666666667	2024-01-14
H4	0.309600620687532	0.0567539146967705	0.114877799405625	13.0056353118259	6.03377836402048	10.3364827148155	10.36925	0.0159604491581846		40G1B01	2	20	0.314066666666667	2024-01-14
H5	0.310343400362196	0.0729520398513449	0.0870188907298284	13.5592150462825	7.96547938897533	9.90657667154378	9.9753	0.00816137741942809		Mmlr14-014	2	20	0.300266666666667	2024-01-14
H6	0.289296786883655	0.072221071714949	0.109349524883093	10.0641896374185	6.33882205982146	10.2563217072249	10.2461	0.00878297022451361		28G3A04	2	20	0.297866666666667	2024-01-14
H7	0.271302512758766	0.0666193615710027	0.119007186558912	9.43193400649112	5.82441447951396	9.8442865845587	9.8931	0.00771062214456941		Grass-36	2	20	0.272566666666667	2024-01-14
H8	0.313337652111506	0.0715117392938788	0.10097178654054	12.0663060282124	6.86476098233288	10.5367997719341	10.55775	0.0100676824851016		Grass-43	2	20	0.318366666666667	2024-01-14
H9	0	0.0420044375155873	0	-3.93029661123944	16.861560836725	0.57163989289788	0.6798	0.00685409040572998	questionable fit (k < n0)	Grass-40	2	20	0.0462666666666667	2024-01-14
I1	0.476089794174222	0.00793184284670607	0.158609342519046	25.710467486684	4.37015354550576	10.647633724981	11.07295	0.0175733933777631		26G1B06	3	20	0.456866666666667	2024-01-14
I10	0.349172481829441	0.0522305785354897	0.108354466373126	16.0387333070569	6.3970337703759	10.737269356222	10.856	0.00845273340719347		23G3B07	3	20	0.338166666666667	2024-01-14
I11	0	0	0	0	0	0	0	0	cannot fit data	23G3B06	3	20	0.111966666666667	2024-01-14
I12	0.274550895924719	0.0687240642293505	0.117089361871139	9.36836410330288	5.91981346113044	9.95612050829381	10.01615	0.0059183277613742		Grass-55	3	20	0.275566666666667	2024-01-14
I13	0.293039046755008	0.0590299686838236	0.105365302544077	13.0718046433309	6.57851459468817	9.67897594568597	9.791	0.0103554676983849		Grass-51	3	20	0.285866666666667	2024-01-14
I14	0.284341646113159	0.0616186107359708	0.100857708076262	12.7403753563764	6.87252559849795	9.41654175052896	9.45845	0.00746500060988539		Salt-6	3	20	0.279166666666667	2024-01-14
I15	0.331113449036665	0.0767475824111895	0.0894933852844908	13.3892774325452	7.745233665667	10.6479088940819	10.6966	0.00848830697041596		23G3B05	3	20	0.322866666666667	2024-01-14
I16	0.271595203529833	0.0395492259743368	0.141141703051618	12.5362622788668	4.91100196167003	9.34179696764739	9.4561	0.0100834803953238		08G4A02	3	20	0.270466666666667	2024-01-14
I17	0.305779294832696	0.0769367784501373	0.0975866181965529	11.1700770067319	7.10289170144058	10.4386321723666	10.45765	0.00941548217093595		Salt-5	3	20	0.311266666666667	2024-01-14
I18	0.282356399173592	0.0816921935870659	0.117856490480602	7.62515870624508	5.88128135950245	10.602317696275	10.6208	0.00816922792801276		23G3B08	3	20	0.290866666666667	2024-01-14
I19	0.305024199491087	0.064601245220159	0.106992813504797	12.2827501423105	6.47844614843097	10.2778864315858	10.239	0.00835804326090079		Wood-51	3	20	0.312266666666667	2024-01-14
I2	0	0.0440321431812124	0	-3.58289026979894	19.8974444120824	0.538903719563476	0.64825	0.00719966730548926	questionable fit (k < n0)	Grass-39	3	20	0.0471666666666667	2024-01-14
I20	0.293135325572126	0.0498387168627206	0.118475204808231	13.3824557173867	5.85056748103456	9.72715950184248	9.78275	0.0085244550780157		08G1B09	3	20	0.291966666666667	2024-01-14
I3	0.115766666666667	0.0345219805506251	0.0226205946991879	747.058192113889	30.642305818106	2.99392369079772	3.22565	0.0125291968923972		26G3A08	3	20	0.115766666666667	2024-01-14
I4	0.306586094837575	0.0534970430347837	0.114050414090016	13.6265619078147	6.07755075762256	10.0757414762445	10.13485	0.0152713652636892		40G1B01	3	20	0.309366666666667	2024-01-14
I5	0.299169102319753	0.0741609359033882	0.0812021030922132	13.6683547990717	8.53607424148616	9.44150886281263	9.52155	0.00698358440040094		Mmlr14-014	3	20	0.283666666666667	2024-01-14
I6	0.280815443819038	0.0771589756612463	0.100976281676044	9.61182830456826	6.8644553855105	9.94361151220945	9.9105	0.00889945933357053		28G3A04	3	20	0.289366666666667	2024-01-14
I7	0.262987767852864	0.0682100404315441	0.115413632390007	9.0913634109443	6.00576523072816	9.57374376792928	9.58745	0.00708601286470284		Grass-36	3	20	0.268566666666667	2024-01-14
I8	0.301189267547527	0.0741585825731331	0.0968291221205994	11.5551948830809	7.1584577591919	10.1875225949691	10.1815	0.00885563926630593		Grass-43	3	20	0.308366666666667	2024-01-14
I9	0	0.0417995872207617	0	-4.37417375301103	16.895131572505	0.6111516306704	0.71085	0.00659575092639795	questionable fit (k < n0)	Grass-40	3	20	0.0458666666666667	2024-01-14
J1	0.472682374901129	0.068973958538604	0.110851623046082	15.9399006191685	6.25292766594675	14.6019575611544	14.72405	0.0108867484094682		Salt-16	1	20	0.462566666666667	2024-01-14
J10	0.327034621263551	0.0666671005159618	0.0959998741425507	14.1915039036628	7.22029259674536	10.4100878553564	10.4611	0.00677492721634235		35G3B04	1	20	0.318466666666667	2024-01-14
J11	0.304585394780787	0.0726066216111493	0.104471304787685	11.1187445245926	6.63480926143893	10.500792611268	10.51945	0.00765727698829807		Wood-3	1	20	0.304766666666667	2024-01-14
J12	0.274491480120125	0.073420384122974	0.142657437955597	7.06207094051185	4.85882257871258	10.6437930880838	10.63935	0.00623542512450836		33G3A07	1	20	0.279266666666667	2024-01-14
J13	0.326707652261669	0.0683009432889071	0.0864166705309617	15.3976211935313	8.02098919457446	9.98421879378513	10.03295	0.00654374284127875		Wood-18	1	20	0.310866666666667	2024-01-14
J14	0.322689398575639	0.0671327421953941	0.0896619757261232	14.9090206319269	7.73067038671105	10.0192512082982	10.0516	0.007197376110951		25G2A02	1	20	0.309766666666667	2024-01-14
J15	0.288201807184537	0.0735360012927073	0.110726029142267	9.6752979954291	6.26002021321789	10.3156108035553	10.27505	0.00645762959107156		Napa-18	1	20	0.289966666666667	2024-01-14
J16	0.296279387077178	0.0761867558277261	0.0877739239357874	12.08628738182	7.89696016173356	9.77843194649448	9.7996	0.0076446113191531		25G3A08	1	20	0.293366666666667	2024-01-14
J17	0.258290631350435	0.0785763143426478	0.112274553723103	7.36852764156893	6.17368012229576	9.6841869774727	9.65935	0.00854023960933739		Pine-20	1	20	0.265766666666667	2024-01-14
J18	0.256281047083042	0.0555690181130567	0.106184305476414	12.0944933015915	6.52777430195566	8.66475746992813	8.6912	0.00580889358311253		28G4A10	1	20	0.249666666666667	2024-01-14
J19	0.250071792941527	0.0658038876246161	0.0900047369979166	11.4406399166784	7.70122999832764	8.39562526692063	8.39985	0.00717446399133136		02D05	1	20	0.246166666666667	2024-01-14
J2	0.388633260653203	0.0669798970728868	0.110492742446366	14.2007691152346	6.27323718475358	12.5531890239861	12.5464	0.00709192422002056		Napa-12	1	20	0.387366666666667	2024-01-14
J20	0.341670097667678	0.0591607796491547	0.0984371103948233	15.8827571380196	7.04152303719388	10.4575595279752	10.42885	0.00921704573887123		23D06	1	20	0.344866666666667	2024-01-14
J3	0.360896922502041	0.0610113642978234	0.10711452425304	14.865778413736	6.47108490089076	11.4295763250173	11.54195	0.00772005497728849		Wood-21	1	20	0.347766666666667	2024-01-14
J4	0.287503610687216	0.0683349533306115	0.10947263513021	10.6457669488431	6.33169357561818	10.0703554445272	10.09255	0.01053171528249		Grass-58	1	20	0.295366666666667	2024-01-14
J5	0.304752416291222	0.0507940499713553	0.132671792848622	12.1306201244812	5.22452561827382	10.5320764733292	10.73675	0.0131620239725775		09G1A07	1	20	0.308566666666667	2024-01-14
J6	0.266171649268713	0.0500118438914852	0.122983411074389	11.9020777343292	5.63610306873569	9.18319866871204	9.2271	0.0113907617100249		40G3B03	1	20	0.268466666666667	2024-01-14
J7	0.239427177697687	0.0713831689216834	0.129909729146199	6.59045165867607	5.33560638695418	9.27057351742648	9.2951	0.00596745144066144		09G3B12	1	20	0.243966666666667	2024-01-14
J8	0.451331847294301	0.0713058074868014	0.0679273500570081	24.6331116883923	10.2042429150883	10.6398439297413	10.732	0.0152948374993822		35G2A07	1	20	0.368866666666667	2024-01-14
J9	0.291059086880005	0.0892715513233919	0.0883475599463219	9.23095643237419	7.84568561917371	10.1827881241689	10.1433	0.00794283480980826		Salt-11	1	20	0.293566666666667	2024-01-14
K1	0.475897676248698	0.0631133677296412	0.114280998185133	16.4331134128602	6.06528811935172	14.5415540894211	14.7167	0.0126089751597411		Salt-16	2	20	0.466166666666667	2024-01-14
K10	0.346852275664191	0.0699535736757515	0.0923147333363783	14.9035793526989	7.508521722467	10.8062116282884	10.8454	0.00830582808406304		35G3B04	2	20	0.335266666666667	2024-01-14
K11	0.313709777072117	0.0805925898839854	0.094637535522713	11.2231849889688	7.32423109637708	10.6535106278328	10.6365	0.0099404641449878		Wood-3	2	20	0.317366666666667	2024-01-14
K12	0.274400426210331	0.0682203964680289	0.154254857808778	7.16999221320999	4.49351929920551	10.6985689312007	10.7069	0.00679372646404178		33G3A07	2	20	0.281966666666667	2024-01-14
K13	0.355627431991442	0.0714757373828363	0.0797493638009321	17.3060963864642	8.69157003296174	10.2849112279149	10.32285	0.00690806625213941		Wood-18	2	20	0.329266666666667	2024-01-14
K14	0.343531889557619	0.0640644495584061	0.0925784917807159	15.9107818968976	7.48712975581579	10.4433105285075	10.48025	0.00838385191713027		25G2A02	2	20	0.327266666666667	2024-01-14
K15	0.300837832929674	0.0734676680530395	0.107503700950805	10.5087912568872	6.44765877294901	10.5445268248467	10.5045	0.00706621615546248		Napa-18	2	20	0.302366666666667	2024-01-14
K16	0.295056827918219	0.0729659295120871	0.0897619868311516	12.4005069011516	7.72205702023734	9.70198318999194	9.72645	0.00709906670668506		25G3A08	2	20	0.291666666666667	2024-01-14
K17	0.272103720587401	0.0793935487365174	0.109047971075808	8.13192796195805	6.35635100517442	10.019472386852	9.9891	0.00952144774436262		Pine-20	2	20	0.279266666666667	2024-01-14
K18	0.274215337444174	0.0521885047795555	0.110484915089298	13.1052821606465	6.27368161526594	9.09667916723714	9.13375	0.0070052279489902		28G4A10	2	20	0.272366666666667	2024-01-14
K19	0.289022222153432	0.0669801347458434	0.0741646223376185	16.1596031901632	9.34606229644832	8.52630902800361	8.5123	0.00754709881859868		02D05	2	20	0.265766666666667	2024-01-14
K2	0.365421607193985	0.0665119737661413	0.102020593728967	14.729960445799	6.79418885172726	11.5562176205859	11.5669	0.00677823384996102		Napa-12	2	20	0.357766666666667	2024-01-14
K20	0.368008236923582	0.0613996049257641	0.0895913354604653	17.9500474126971	7.73676580438759	10.5780468879238	10.542	0.00799233979207087		23D06	2	20	0.353466666666667	2024-01-14
K3	0.357782956694944	0.0642697921739942	0.100376670950838	15.1313323275217	6.90546094021616	11.183278299049	11.27295	0.0062139053501072		Wood-21	2	20	0.342166666666667	2024-01-14
K4	0.28704710387315	0.0692427101059942	0.110205987693726	10.3985231418129	6.28956007804469	10.1153738340935	10.1485	0.00885224318906472		Grass-58	2	20	0.293966666666667	2024-01-14
K5	0.303485570835794	0.0597339548012163	0.121736127734523	11.5516170101228	5.69384942218245	10.5444562412045	10.69405	0.0122603490224432		09G1A07	2	20	0.316266666666667	2024-01-14
K6	0.292071692651698	0.0484898970648342	0.12544294609021	12.8671829248952	5.52559711138705	9.86681244850377	9.97125	0.0151000493773535		40G3B03	2	20	0.307066666666667	2024-01-14
K7	0.248586635874672	0.0739998041331242	0.120473405125841	7.12489012604019	5.75352858862017	9.44680006628067	9.45885	0.00750938807475743		09G3B12	2	20	0.254266666666667	2024-01-14
K8	0.416517700201041	0.0603138733300955	0.0845379979365134	21.007606149526	8.19923818258018	10.9510540798309	11.13275	0.0151787505893737		35G2A07	2	20	0.371666666666667	2024-01-14
K9	0.302924206808531	0.0951987544736257	0.076549227269961	10.1927927490575	9.05492067366624	10.1729656278328	10.11935	0.0099255259651411		Salt-11	2	20	0.298566666666667	2024-01-14
L1	0.49136477522502	0.0396288785080464	0.147229739274041	16.5288590065206	4.7079291451422	15.2154566644166	15.4715	0.0173373190217841		Salt-16	3	20	0.501766666666667	2024-01-14
L10	0.399076838438431	0.0656631495681123	0.0870453319903075	18.6666661147893	7.96305976105792	11.2256513176466	11.26035	0.00808178294335341		35G3B04	3	20	0.370366666666667	2024-01-14
L11	0.373579622325911	0.0729681827877063	0.0881395655156052	16.0631043513909	7.86420010701349	11.2565084380454	11.27395	0.010740942361386		Wood-3	3	20	0.356966666666667	2024-01-14
L12	0.275228399977619	0.0679154318424996	0.143095950996713	7.79872725410823	4.84393286974184	10.5255953618299	10.5249	0.00700524756330223		33G3A07	3	20	0.278466666666667	2024-01-14
L13	0.397659293828356	0.0569032003065424	0.0917780312699694	19.5015663811091	7.55243025992811	10.9693587813905	11.06655	0.0109651420170601		Wood-18	3	20	0.368266666666667	2024-01-14
L14	0.388942014424749	0.0580587811386947	0.0926650823381327	18.780640284949	7.48013343397967	10.9570843537521	11.00025	0.0098553420909052		25G2A02	3	20	0.365366666666667	2024-01-14
L15	0.324578000200104	0.0698095796089793	0.103511555991894	12.5066590058804	6.69632654941663	10.8395661986391	10.8256	0.00821652415088429		Napa-18	3	20	0.328166666666667	2024-01-14
L16	0.334692343369393	0.065648523464935	0.0917169948629195	15.3794741992425	7.5574562990853	10.2998053605854	10.3206	0.00893321164687975		25G3A08	3	20	0.327266666666667	2024-01-14
L17	0.313982372005936	0.0756681099298798	0.095481952247059	12.0151861369557	7.2594575649902	10.496039287432	10.47495	0.00902476570221012		Pine-20	3	20	0.312366666666667	2024-01-14
L18	0.295041252784151	0.0528831357536068	0.106261838002643	14.3184648820992	6.52301139890603	9.46541613215656	9.4391	0.00777243805385629		28G4A10	3	20	0.296266666666667	2024-01-14
L19	0.346121850051806	0.0607681859396711	0.0807783697411563	19.1469937827032	8.58085131924604	9.55699532619671	9.59375	0.00967130027408121		02D05	3	20	0.316566666666667	2024-01-14
L2	0.402857453118236	0.0541764392532472	0.116124087660064	16.033808554014	5.96902154003594	12.4605039973054	12.53695	0.0125594208335348		Napa-12	3	20	0.402966666666667	2024-01-14
L20	0.394400599368139	0.0514944211168397	0.0968605944735389	19.5743523285776	7.15613180290055	10.8929103004352	10.9181	0.00942598265578816		23D06	3	20	0.377666666666667	2024-01-14
L3	0.380743240161986	0.0509359356019215	0.10896416839696	17.1426984429334	6.36123957771871	11.3659203152533	11.53	0.00994261960730093		Wood-21	3	20	0.363566666666667	2024-01-14
L4	0.329897867956696	0.0664255551087392	0.100962217685439	13.6473472050397	6.86541160099646	10.698502616962	10.73885	0.00891723338297114		Grass-58	3	20	0.325166666666667	2024-01-14
L5	0.324821105818952	0.0454061378166344	0.128424223664255	14.1488161297211	5.39732428028588	10.647251178937	10.86195	0.0149466565887629		09G1A07	3	20	0.339566666666667	2024-01-14
L6	0.299782274970845	0.0469319776149819	0.122413431304479	13.757463678631	5.66234581592507	9.88510330681	9.9432	0.0141548320530468		40G3B03	3	20	0.310266666666667	2024-01-14
L7	0.287853903666674	0.0690352148600888	0.103056038523951	11.1941693446147	6.72592494809365	9.89100801579433	9.9283	0.00756816333807619		09G3B12	3	20	0.285666666666667	2024-01-14
L8	0.396378131964387	0.0521156565360583	0.0931905055583081	20.2589196414362	7.43795922564506	10.7054933831309	10.9082	0.0148290308531406		35G2A07	3	20	0.369066666666667	2024-01-14
L9	0.356109529109318	0.0849888100390784	0.073500808624889	15.7827457955163	9.43047013397388	10.585579071942	10.60885	0.00809952708731941		Salt-11	3	20	0.327166666666667	2024-01-14
A1	0.562566224741701	0.0498453726096511	0.174977851444164	13.3205766565731	3.96134239184627	19.2186225016201	19.207	0.0117870735557283		Desert-26	1	26	0.5773	2024-01-14
A10	0.406166282149233	0.0509550477574327	0.183455194624948	10.5844307947529	3.77829138050302	14.9024701238833	14.9852	0.00874391242784074		23G3A10	1	26	0.4099	2024-01-14
A11	0	0	0	0	0	0	0	0	cannot fit data	23G3A03	1	26	0.7577	2024-01-14
A12	0.381548235661313	0.0514370078397553	0.190265767507135	9.7709207797219	3.64304724723513	14.2972390071764	14.3389	0.00942670717510481		23G3A08	1	26	0.3855	2024-01-14
A13	0.456004649509679	0.0774175692607667	0.167659693505512	9.46698835043519	4.13425055281492	17.0694415028505	17.22365	0.011675880913052		23G4A03	1	26	0.4549	2024-01-14
A14	0.212527228889127	0.0454605432586255	0.093580630080087	13.9083085692176	7.40695141683428	6.79042190886385	6.85305	0.00793856135283617		23G1B09	1	26	0.1982	2024-01-14
A15	0	0	0	0	0	0	0	0	cannot fit data	23G2A11	1	26	0.4837	2024-01-14
A16	0.245255138454553	0.0564525132882013	0.123045115486808	9.81186730849982	5.63327668731603	8.86248472686634	8.89185	0.00736107265137877		23G2B11	1	26	0.2499	2024-01-14
A17	0.427327895634175	0.0751088522225465	0.178171212081392	8.67320159151082	3.89034329655512	16.3440000241778	16.42475	0.00917581015266336		26G3B01	1	26	0.4332	2024-01-14
A18	0.391272318262875	0.0568705498948303	0.197592295760541	8.9657622123228	3.50796663347623	14.9628902682207	15.02125	0.0127051171169354		26G3B10	1	26	0.4072	2024-01-14
A19	0.483782606062135	0.0528392794268887	0.188357915148651	11.1422009762732	3.67994718997031	17.5365804274648	17.60755	0.00708663063539252		02G2A03	1	26	0.4911	2024-01-14
A2	0.417684065416639	0.0685371939896802	0.171618826369112	9.48681521308299	4.03887612579956	15.6534061276409	15.6587	0.00658067421516015		Grass-59	1	26	0.4189	2024-01-14
A20	0.436237436207982	0.0391459621587053	0.188191962745607	12.3112026366998	3.68319225989966	15.3536522120106	15.5281	0.0125535718326383		02G1B04	1	26	0.4398	2024-01-14
A21	0.552214406958504	0.0568329934473348	0.190154989574788	11.386558803478	3.6451695646268	19.9058172448623	20.0634	0.0131883236535187		25D05	1	26	0.5586	2024-01-14
A22	0.375872178124507	0.086173906360114	0.085944529936552	14.1076170716634	8.06505290181536	11.8316594255436	11.71525	0.0120864895287388		35D02	1	26	0.3855	2024-01-14
A3	0.423621824327792	0.0652855733450161	0.199622292049242	8.52961206712584	3.47229346704907	16.366143622032	16.3968	0.00560477839403294		Grass-45	1	26	0.4304	2024-01-14
A4	0.417544090431907	0.0507552824547236	0.198518817157857	9.96263505568883	3.49159435102201	15.6107864030287	15.66905	0.0084501610124443		Grass-44	1	26	0.4182	2024-01-14
A5	0.447421781258971	0.048424697988166	0.202542517868818	10.412352706851	3.42223049191519	16.5655842271849	16.6604	0.0112085034119325		Grass-42	1	26	0.4531	2024-01-14
A6	0.435536596092071	0.0757362807373638	0.153701351955345	10.1384396594793	4.50970125989083	15.9571850403674	16.0642	0.00807157374688195		Grass-53	1	26	0.4422	2024-01-14
A7	0	0.0473	0	-0.0469632413910452	0.199510320561975	0.345680866652487	0.4609	0.00112370295607401	questionable fit (k < n0)	Grass-54	1	26	0.0473	2024-01-14
A8	0.415272602440761	0.0749846612243905	0.168073112465328	8.99911084728346	4.1240813024328	15.7074744094314	15.7634	0.00547817726072827		Grass-57	1	26	0.4192	2024-01-14
A9	0.472257188610644	0.0483749582488549	0.185483657528547	11.7016959807274	3.73697170842809	16.870015745992	17.0589	0.0132630931930561		23G3B01	1	26	0.4717	2024-01-14
B1	0.496261146175089	0.0485854053783923	0.170870452559497	12.9966647789014	4.05656548676015	17.0788825664107	17.08185	0.0091123167634271		Desert-26	2	26	0.5	2024-01-14
B10	0.348332226253041	0.047085151538683	0.201241388991958	9.22262108306409	3.44435696867329	13.2567431607203	13.2992	0.00994106410966019		23G3A10	2	26	0.3557	2024-01-14
B11	0.375949619376824	0.0563965700286835	0.172082915651986	10.079530269178	4.02798370735269	13.9043024059256	13.9505	0.00590507877988188		23G3A03	2	26	0.3809	2024-01-14
B12	0.335897906446846	0.0638571612029739	0.176410163558374	8.21553073633039	3.92917939974917	12.9637396472598	12.9862	0.00813445591472898		23G3A08	2	26	0.3447	2024-01-14
B13	0.374021238808358	0.063246664602285	0.171382188867133	9.28932828691486	4.04445284041341	14.0772054987327	14.12575	0.00858100257370809		23G4A03	2	26	0.3762	2024-01-14
B14	0.378561788568926	0.0843602179119183	0.139894630660883	8.92935777638196	4.95478044643613	14.1198387631098	14.2295	0.0121602932835462		23G1B09	2	26	0.3812	2024-01-14
B15	0.356663912514478	0.0425287261714798	0.200588950023151	9.96886251838691	3.45556014167255	13.3394346678308	13.4294	0.0102299088550559		23G2A11	2	26	0.3617	2024-01-14
B16	0.350847098919938	0.0536530290182943	0.177180491531401	9.66160223550957	3.91209649871132	13.1244969021913	13.16355	0.00960597430389591		23G2B11	2	26	0.3562	2024-01-14
B17	0.31961775871802	0.0743733167562889	0.157594560239271	7.57106210944349	4.39829382123062	12.3880872666845	12.3952	0.0139104470894359		26G3B01	2	26	0.3315	2024-01-14
B18	0.35983387713988	0.0670205750293518	0.163680007811432	9.00864784427734	4.23476996261197	13.5810191148658	13.554	0.0101686992299992		26G3B10	2	26	0.37	2024-01-14
B19	0.360508043933534	0.048288333460529	0.18397124135156	10.1457006990675	3.7676931213144	13.3668278585394	13.3786	0.00746907480384388		02G2A03	2	26	0.3688	2024-01-14
B2	0.384219392774312	0.0659678068173608	0.180544210809076	8.71628819451204	3.83921022697839	14.6944555979654	14.7177	0.00564894775394347		Grass-59	2	26	0.3892	2024-01-14
B20	0.396130801139837	0.0444684043304665	0.180125435777855	11.4802925223615	3.84813603679378	14.2077724181423	14.2819	0.00917204463818949		02G1B04	2	26	0.3972	2024-01-14
B21	0.45717011805465	0.054933924690673	0.178969660716887	11.1242786069934	3.87298706263089	16.5349402921758	16.6045	0.00970342091421769		25D05	2	26	0.4597	2024-01-14
B22	0.334349299755835	0.084934518984286	0.0917864509784879	11.7363367971293	7.55173746419718	11.1854631701079	11.12295	0.00999779500715803		35D02	2	26	0.3325	2024-01-14
B3	0.360274386731823	0.0600166022785772	0.205730897569592	7.82585492809613	3.36919339169984	14.155055863906	14.12365	0.00618116281105118		Grass-45	2	26	0.3672	2024-01-14
B4	0.389489748840637	0.0498193093439501	0.189709389943901	10.1184933745191	3.65373153519136	14.4750227178856	14.51615	0.00926748910892274		Grass-44	2	26	0.3946	2024-01-14
B5	0.365914548294015	0.0432245893968408	0.20721259215168	9.70154578674302	3.3451016338455	13.7926068776233	13.80595	0.00869571312355366		Grass-42	2	26	0.3688	2024-01-14
B6	0.398553324026481	0.077388731803741	0.152626059924532	9.32417802513085	4.54147332967046	14.8577517716892	14.9262	0.00918419772578449		Grass-53	2	26	0.4094	2024-01-14
B7	0	0	0	0	0	0	0	0	cannot fit data	Grass-54	2	26	0.047	2024-01-14
B8	0.355802385149518	0.0674662941529569	0.184116773892676	7.88900774425338	3.76471500073096	13.866483443064	13.8941	0.0049856397555978		Grass-57	2	26	0.3597	2024-01-14
B9	0.36305217988837	0.0359957635896669	0.210233156709701	10.4965908517656	3.29704025477329	13.4360319761959	13.51945	0.0117895754509845		23G3B01	2	26	0.3623	2024-01-14
C1	0.493719212015385	0.0399455031113384	0.1837084318519	13.227931389915	3.77308310550894	16.9454130822537	17.014	0.00865226019078133		Desert-26	3	26	0.5008	2024-01-14
C10	0.308957752753726	0.0513992710268851	0.196025218479725	8.22150757088522	3.53601024365973	12.0037350210534	12.0099	0.00750797022677733		23G3A10	3	26	0.3146	2024-01-14
C11	0.367400033292426	0.0607946821168765	0.168144577088242	9.6230228034774	4.12232848994102	13.7078947806825	13.73135	0.00732171243935642		23G3A03	3	26	0.3708	2024-01-14
C12	0.302656939336488	0.0572784523761099	0.187106490594504	7.77566483610118	3.70455978495225	11.8356833419819	11.81325	0.00878667295381168		23G3A08	3	26	0.3074	2024-01-14
C13	0.355363559149784	0.062830672413375	0.18381290931092	8.36793090833685	3.77093852199186	13.7089695007683	13.7042	0.00597377480974057		23G4A03	3	26	0.3583	2024-01-14
C14	0.321982497852667	0.0695902697838888	0.174952578570102	7.36405026431008	3.96191462981042	12.6374076177681	12.64895	0.00660280080351214		23G1B09	3	26	0.327	2024-01-14
C15	0.306189008842238	0.0506086447392287	0.182659939908549	8.86573427788842	3.79474109597857	11.6809533638239	11.68325	0.00706906897149727		23G2A11	3	26	0.3132	2024-01-14
C16	0.353580484321577	0.0554392975946061	0.159527541687397	10.5453795145588	4.34500007477208	12.8708509285494	12.8697	0.00681393705895577		23G2B11	3	26	0.357	2024-01-14
C17	0.315538843017486	0.0634614437877428	0.186596467147882	7.3919065253179	3.7146854447711	12.4345845910534	12.40065	0.0136353532759531		26G3B01	3	26	0.3316	2024-01-14
C18	0.32160711906405	0.0503758609244899	0.205714175454562	8.18348902742364	3.36946726703843	12.5393729382179	12.48905	0.00970419687470279		26G3B10	3	26	0.331	2024-01-14
C19	0.359086622717285	0.0571458167861699	0.177394276270778	9.38375710782291	3.90738187911944	13.5178540686864	13.5181	0.00642585272938807		02G2A03	3	26	0.3651	2024-01-14
C2	0.36861327656686	0.0618233759723165	0.195573819650779	8.19067505229753	3.54417161661845	14.3290121097992	14.34435	0.00543778176537558		Grass-59	3	26	0.3762	2024-01-14
C20	0.370162795723314	0.0493036401501578	0.176695532295436	10.6001794147614	3.92283365377341	13.5473972852596	13.58295	0.00729218578569225		02G1B04	3	26	0.3759	2024-01-14
C21	0.483363634563435	0.0588696185121491	0.167018242810086	11.8284849193988	4.1501285661837	17.1150126576194	17.2064	0.0126512941490577		25D05	3	26	0.4827	2024-01-14
C22	0.543574046988625	0.103698515970859	0.0522096123973059	27.6769723457308	13.2762368600866	11.937552567889	11.8323	0.0225492131063222		35D02	3	26	0.4047	2024-01-14
C3	0.351854266904311	0.0482803034447092	0.233525150384482	7.87324876207048	2.96819070416497	13.8965192241037	13.8855	0.00690495822266622		Grass-45	3	26	0.3562	2024-01-14
C4	0.362817243527515	0.0413781443636688	0.206127070263302	9.94558972010648	3.36271785978685	13.594346073415	13.6221	0.0080705352043242		Grass-44	3	26	0.3641	2024-01-14
C5	0.356430447250569	0.0422032514652663	0.208435632634524	9.63184166419581	3.32547353731656	13.4606525466633	13.4589	0.00799480483810346		Grass-42	3	26	0.3577	2024-01-14
C6	0.369152431932608	0.0684222924725096	0.158082067313604	9.36548121020103	4.38472998448886	13.7885131853371	13.8286	0.00795370604282429		Grass-53	3	26	0.3761	2024-01-14
C7	0	0.0479	0	-0.843377908857423	3.48353925104108	0.424655253879917	0.49815	0.000188233759359885	questionable fit (k < n0)	Grass-54	3	26	0.0479	2024-01-14
C8	0.31829265854558	0.0583482441993617	0.206857706309065	7.22254237660823	3.35084050252553	12.667906666	12.64065	0.00608543270378132		Grass-57	3	26	0.3247	2024-01-14
C9	0.36457237897076	0.0446093120878076	0.195328117789951	10.08693969407	3.54862980508178	13.5795792278866	13.6237	0.00890647830189141		23G3B01	3	26	0.3649	2024-01-14
D1	0.422261336304246	0.0566192061117196	0.184313863757207	10.1202740392284	3.76068932868237	15.6674378903766	15.7479	0.00912816084237906		19G2B10	1	26	0.4272	2024-01-14
D10	0.34327115549777	0.0675467593119729	0.156886267636628	8.96561397543024	4.41815074704549	12.9247271430728	12.8729	0.0101093715474378		35G3B01	1	26	0.3524	2024-01-14
D11	0.406482461613409	0.0621995447299164	0.161420258165591	10.600379973019	4.29405322750065	14.7900882992818	14.82065	0.00756325957206503		Grass-34	1	26	0.4091	2024-01-14
D12	0.296037121378286	0.0481815930939989	0.220530996368149	7.4269331479395	3.14308279550337	11.7728490861938	11.7355	0.00777048343383524		Grass-31	1	26	0.301	2024-01-14
D13	0.265405968439305	0.0509412630737405	0.189637096135347	7.58011984894758	3.65512441756245	10.4300685460922	10.36945	0.0112834616017742		S.11	1	26	0.2777	2024-01-14
D14	0.295255580949099	0.0309674329219055	0.236388379950312	9.0702591930001	2.93223880423244	11.355955145438	11.34995	0.00924968689076566		Mcba15-007	1	26	0.3047	2024-01-14
D15	0.351389519465101	0.0702218306899755	0.152664694745883	9.08718292519022	4.54032401999505	13.1664504137167	13.08955	0.0113010229030216		35G3B11	1	26	0.3583	2024-01-14
D16	0.328565616576781	0.072863753553861	0.145847368038658	8.60777179269692	4.75255186213726	12.3852914931467	12.29	0.015485757754344		35G3B02	1	26	0.3431	2024-01-14
D17	0.348781677635609	0.0664699125694826	0.15195541763095	9.51767715808364	4.561516735411	12.9432430866057	12.85015	0.0121109193131925		35G3B09	1	26	0.3625	2024-01-14
D18	0.292780002053105	0.0516143049784463	0.197129893426082	7.82065747536729	3.516195177267	11.4762090871608	11.44405	0.0069458368708889		26G1A06	1	26	0.2977	2024-01-14
D19	0.313959247407181	0.0568491774866054	0.140349388491716	10.7524695696536	4.93872604653963	11.2593208742782	11.1966	0.00759752287915513		Mmlr14-002	1	26	0.3177	2024-01-14
D2	0.38670584356661	0.0372524327726256	0.221554051833241	10.1043198252984	3.12856919033764	14.4780738890694	14.48985	0.0080339212546757		12G2A10	1	26	0.3905	2024-01-14
D20	0.30935444564452	0.0556380185652093	0.185560178992068	8.17713405992252	3.73543065287502	11.9898657888636	11.95985	0.00718932467313731		Mcba15-009	1	26	0.3177	2024-01-14
D3	0.361037314376901	0.0177350606022303	0.196407450851856	15.0863307237212	3.52912874513484	11.7933335439878	11.8051	0.0105613196103722		41G1B04	1	26	0.3661	2024-01-14
D4	0.288495917279677	0.0562768695590341	0.215297389122403	6.58344021320258	3.21948716324595	11.6579109183243	11.6155	0.00614302330962184		Mcba15-003	1	26	0.2929	2024-01-14
D5	0.408297440462327	0.055985124529696	0.166766739435599	11.0299693305877	4.15638743616273	14.7388349973079	14.76445	0.0074243032319822		19G3B08	1	26	0.4109	2024-01-14
D6	0.342340315964601	0.0378653301139643	0.214595248591761	9.71388242969701	3.23002109836349	12.9203193231605	12.9499	0.0102373054111754		19G4A01	1	26	0.3502	2024-01-14
D7	0.276977546432769	0.0531536151979462	0.20009614540542	7.18491401891582	3.46407063042391	11.0103097272043	10.9913	0.00604419207768415		Mcba15-005	1	26	0.2823	2024-01-14
D8	0.333572846273498	0.0519695810175439	0.188302590985198	8.97407010579519	3.68102837530489	12.719109777708	12.70845	0.00655959575666186		Mmlr14-006	1	26	0.337	2024-01-14
D9	0.327715191206368	0.0408806383342758	0.178693587836201	10.9027360281622	3.87897063880836	11.9154044486592	11.95165	0.00821857447297618		35G1B04	1	26	0.3301	2024-01-14
E1	0.40977341579614	0.0584772752374949	0.178648436625207	10.0364234113817	3.87995100127366	15.2058853117331	15.2703	0.00981354507373845		19G2B10	2	26	0.4151	2024-01-14
E10	0.436573698094951	0.109417851806163	0.070111363845495	15.6217556691708	9.88637422725708	12.9510688527427	12.6662	0.0223722942663401		35G3B01	2	26	0.4162	2024-01-14
E11	0.386772288034139	0.0865174477782757	0.112544171727844	11.0559743828811	6.15889005995021	13.4720934435015	13.25665	0.0232452026268717		Grass-34	2	26	0.4295	2024-01-14
E12	0.282142389965879	0.0529052238474829	0.206512484167654	7.10007944543993	3.35644202506046	11.2561916350121	11.20925	0.00707682213483641		Grass-31	2	26	0.291	2024-01-14
E13	0.231175467798731	0.038179162425737	0.239379278387124	6.76909537012025	2.89560226444909	9.35730377952437	9.3059	0.0111256777307451		S.11	2	26	0.2377	2024-01-14
E14	0.278347034299988	0.0305229360220815	0.236312103207801	8.8621817639217	2.9331852713038	10.7571990004103	10.747	0.00916482121658307		Mcba15-007	2	26	0.287	2024-01-14
E15	0.410173208700784	0.102839678626109	0.0809916576319663	13.5169763115061	8.55825403289894	12.9832488777133	12.6561	0.0238863932255683		35G3B11	2	26	0.4223	2024-01-14
E16	0.330105989343335	0.0703924112938664	0.145804228164656	8.95374540297629	4.75395802498386	12.3540238294196	12.26425	0.0134400243492522		35G3B02	2	26	0.3447	2024-01-14
E17	0.332699294600212	0.0721710797206893	0.133007076046066	9.65115387990966	5.21135567494078	12.1621742084059	12.07075	0.0115652093323538		35G3B09	2	26	0.3433	2024-01-14
E18	0.368887350212007	0.104436628183501	0.0679634656241236	13.6702044354626	10.198820413212	11.3597148249531	10.9481	0.0300058756657027		26G1A06	2	26	0.381	2024-01-14
E19	0.30909481932896	0.0680331694296669	0.125668658967416	10.0666096694661	5.51567261284827	11.1344006250711	11.03515	0.0121462034267156		Mmlr14-002	2	26	0.3176	2024-01-14
E2	0.372724887485869	0.037213248532835	0.220494668434009	9.97299309576039	3.14360063888527	13.996194527834	13.9973	0.0083432127587382		12G2A10	2	26	0.3752	2024-01-14
E20	0.314357163134232	0.0545138634275145	0.185115133175801	8.43595920526873	3.74441121408305	12.1149408863725	12.037	0.0103225305546912		Mcba15-009	2	26	0.3328	2024-01-14
E3	0.359468094497008	0.0237494156450927	0.173250033242877	15.2883989030186	4.00084875936637	11.6241177922414	11.5571	0.0108503824341675		41G1B04	2	26	0.3659	2024-01-14
E4	0.273550377378812	0.0537367394695236	0.243065191758029	5.79549522386308	2.85169248441781	11.2989619272729	11.26985	0.00602189484577625		Mcba15-003	2	26	0.2803	2024-01-14
E5	0.383706545481725	0.0537444575514665	0.160519913220545	11.305371277756	4.31813827115394	13.7258610048493	13.75375	0.00769143348625549		19G3B08	2	26	0.3836	2024-01-14
E6	0.315337556756569	0.0461819338272922	0.192544401519021	9.15477699379728	3.59993422343921	11.9909396006845	11.9819	0.00720103276150989		19G4A01	2	26	0.321	2024-01-14
E7	0.240599654031621	0.0495006512587572	0.217622006899191	6.20711951836434	3.1850969046574	9.80081314723356	9.7595	0.00630777482851923		Mcba15-005	2	26	0.246	2024-01-14
E8	0.317657821566054	0.0588761965468022	0.161962090768826	9.14132237202518	4.27968777921802	11.945334814988	11.92475	0.00807923149821784		Mmlr14-006	2	26	0.3244	2024-01-14
E9	0.313120881280725	0.0339277870726828	0.182589563732109	11.5432078208389	3.79620371719007	11.2209126776163	11.2665	0.00900811168277923		35G1B04	2	26	0.3142	2024-01-14
F1	0.406692014270288	0.0684822987744144	0.168010563010089	9.50589555019015	4.1256166763653	15.2126611052667	15.29735	0.00829030226846411		19G2B10	3	26	0.408	2024-01-14
F10	0.417577233507108	0.110843548226827	0.0804744127470316	12.6482459464771	8.61326174244761	13.4545902990104	13.21465	0.0259150279704942		35G3B01	3	26	0.4216	2024-01-14
F11	0.413906342025567	0.0735320173043264	0.125585724078934	12.2014270121328	5.51931507855372	14.2091810925763	14.1258	0.0154637426727687		Grass-34	3	26	0.4465	2024-01-14
F12	0.361412025507537	0.0974904047709356	0.0893806744013778	11.1422095887167	7.75500056586349	12.1969678115457	11.9304	0.0254583301848974		Grass-31	3	26	0.3898	2024-01-14
F13	0.378442756886088	0.106394593296707	0.0567046908751251	16.5563791533933	12.2238067056285	10.7338157988821	10.40145	0.0267080777763637		S.11	3	26	0.3425	2024-01-14
F14	0.273965525931621	0.0372380069787892	0.21491400804265	8.60613905447038	3.22523034618753	10.6065939967046	10.58915	0.00894696868436673		Mcba15-007	3	26	0.282	2024-01-14
F15	0.403215786815869	0.109765012830085	0.0851192936990081	11.5528222573641	8.1432440336147	13.3990707623548	13.0806	0.0245033808708882		35G3B11	3	26	0.4325	2024-01-14
F16	0.419979060308137	0.0954634740005021	0.0901489905430467	13.572973543659	7.68890673522254	13.4618473634011	13.3095	0.0244076577344791		35G3B02	3	26	0.4337	2024-01-14
F17	0.424419762181296	0.10797637628774	0.0595718303116091	18.0493343801071	11.6354857142079	11.7260019501095	11.40165	0.0288824849617818		35G3B09	3	26	0.3996	2024-01-14
F18	0.326036044635328	0.0768118820457129	0.113774406274764	10.3449751052048	6.09229442064504	11.5462601906508	11.20145	0.0251733395208804		26G1A06	3	26	0.3893	2024-01-14
F19	0.2963022751804	0.0719652290325945	0.113685554085245	10.0009761852259	6.09705592005297	10.5684735710628	10.4292	0.0108801236334202		Mmlr14-002	3	26	0.3071	2024-01-14
F2	0.391150594073884	0.0347906169935293	0.231356096865015	10.0563317727995	2.99601864810316	14.6844591907744	14.6881	0.00932708852572045		12G2A10	3	26	0.3964	2024-01-14
F20	0.32814418385111	0.0745474970285063	0.135992448951758	9.00276964704808	5.09695344045045	12.1868503941838	11.9826	0.0208789490854842		Mcba15-009	3	26	0.3686	2024-01-14
F3	0.356755289250826	0.0221150974301123	0.177370190308081	15.3170912130573	3.90791248155055	11.5371839488598	11.4918	0.0114381213113764		41G1B04	3	26	0.366	2024-01-14
F4	0.266743858285963	0.0552815336806203	0.222988993303146	6.01647599532277	3.10843674520578	10.9211374667054	10.87825	0.00591531378039579		Mcba15-003	3	26	0.272	2024-01-14
F5	0.380491393764496	0.0516223392379367	0.169830238336176	10.9032712275151	4.08141204623333	13.7924335056949	13.81595	0.00634352618706134		19G3B08	3	26	0.3792	2024-01-14
F6	0.304470246701397	0.0497385233382874	0.202866355033003	8.05175986681544	3.41676755836216	11.8958103754984	11.89465	0.00549116137652448		19G4A01	3	26	0.3069	2024-01-14
F7	0.240529025397541	0.0536060942501924	0.224524219074463	5.5630240864002	3.08718223547218	9.93728438753437	9.89095	0.00578877228745496		Mcba15-005	3	26	0.2463	2024-01-14
F8	0.312544365070706	0.0614843247940017	0.161617115573446	8.70520333751997	4.28882286446293	11.8611202050753	11.79895	0.0108160152317562		Mmlr14-006	3	26	0.3251	2024-01-14
F9	0.346463143205234	0.0496364744706941	0.157513089456372	11.3541194054778	4.40056875877565	12.3631660563693	12.39075	0.00743918508101388		35G1B04	3	26	0.3496	2024-01-14
G1	0.484083868365872	0.00886189945199183	0.215914443552476	18.4425868209736	3.21028630209022	14.2706331896405	14.47725	0.0163897218836265		26G1B06	1	26	0.4882	2024-01-14
G10	0.397148692343268	0.06937950391163	0.123843783714922	12.5377158956614	5.59694770110958	13.5075334495308	13.37755	0.0154133406618235		23G3B07	1	26	0.4209	2024-01-14
G11	0.293965468377637	0.000000281919590464716	0.440737374838664	31.441286366681	1.57269889083874	4.86814067346015	5.03705	0.0145463724860118		23G3B06	1	26	0.3001	2024-01-14
G12	0.374974946464576	0.0874695239499885	0.10591466411192	11.2350003276507	6.54439294475313	12.9169488028404	12.7502	0.0210456602990039		Grass-55	1	26	0.4045	2024-01-14
G13	0.386037377643354	0.0852125616371845	0.100257283581682	12.5814223526406	6.91368403169653	12.8215050615897	12.6715	0.0156791042939429		Grass-51	1	26	0.3926	2024-01-14
G14	0.359779772608684	0.0782707747404137	0.107050290802056	11.9569046979047	6.47496774989265	12.2132476863843	11.9308	0.0226237011698588		Salt-6	1	26	0.3895	2024-01-14
G15	0.465760264838005	0.117024047200643	0.0625645654210282	17.4529521683502	11.0789098572876	13.1004049066195	12.76205	0.0313476432129076		23G3B05	1	26	0.4331	2024-01-14
G16	0.34434270472527	0.0807817239391362	0.092537133667039	12.7790214523432	7.49047601856766	11.2735111328341	10.99285	0.023342500450273		08G4A02	1	26	0.3727	2024-01-14
G17	0.379313362030354	0.110357053803668	0.0763901882620319	11.6615485701615	9.07377238268255	12.3765264955441	12.0669	0.0252763228677793		Salt-5	1	26	0.3998	2024-01-14
G18	0.345334828999573	0.0755147714908817	0.1480968943335	8.59860703274556	4.68036270226601	13.0380815124586	12.8065	0.0276081191573924		23G3B08	1	26	0.4138	2024-01-14
G19	0.39651458012479	0.0795893665901636	0.114085496989819	12.111840371277	6.07568182502462	13.5089333380513	13.23845	0.0248388406791235		Wood-51	1	26	0.4334	2024-01-14
G2	0	0.0471	0	-0.028003214067839	0.180089856169073	0.233852309021201	0.3582	0.000125453722001762	questionable fit (k < n0)	Grass-39	1	26	0.0471	2024-01-14
G20	0.310809174441812	0.0660603650508543	0.140432616837304	9.32592086015332	4.93579907695503	11.5010843681233	11.27305	0.0228825255967113		08G1B09	1	26	0.3529	2024-01-14
G3	0.154	0.0297329058504802	0.0354191271273383	442.270517932611	19.569854956277	3.75623691320972	3.78915	0.00825319790481991		26G3A08	1	26	0.154	2024-01-14
G4	0.246129386756058	0.0229590324480729	0.34589993426027	6.57480313070424	2.00389509192098	10.1262811430923	10.1833	0.0231908401656356		40G1B01	1	26	0.2665	2024-01-14
G5	0.31499480863091	0.0649594197474545	0.146907919457172	9.17472458260887	4.71824244139553	11.7416930179694	11.6897	0.00840339695710981		Mmlr14-014	1	26	0.3212	2024-01-14
G6	0.322388881719082	0.0702913108806705	0.157511763995595	8.10839759155237	4.40060578954174	12.3610418518521	12.33765	0.00604957783925396		28G3A04	1	26	0.3303	2024-01-14
G7	0.24870555206491	0.0605899066442207	0.214189866758561	5.28936594385336	3.23613432815322	10.2982887917262	10.27755	0.0069054849864581		Grass-36	1	26	0.2576	2024-01-14
G8	0.303999680357237	0.0741833142672991	0.160589228905879	7.04120282315002	4.31627441816909	11.9245263758474	11.88255	0.0128445159043682		Grass-43	1	26	0.3256	2024-01-14
G9	0	0.0464	0	-0.146540807847202	0.986669556570361	0.232895224736586	0.3439	0.0000838729330267673	questionable fit (k < n0)	Grass-40	1	26	0.0464	2024-01-14
H1	0.459888082639146	0.00765350038677568	0.221262609565323	18.4352789222585	3.13269007321958	13.5645771774519	13.7349	0.0144615805082769		26G1B06	2	26	0.4646	2024-01-14
H10	0.402708808886636	0.0664478721209778	0.126378593708164	12.830255869437	5.48468819142406	13.6257449860344	13.52995	0.0166080335701797		23G3B07	2	26	0.4216	2024-01-14
H11	0.291236936594245	0.00000102733330974962	0.420329649797445	29.8692287904227	1.64905611796353	5.28068731724242	5.4191	0.0119453410324753		23G3B06	2	26	0.2939	2024-01-14
H12	0.377960562507152	0.0768821627567694	0.119592609854939	11.4145581480218	5.79590311977226	13.1486400753249	13.16235	0.0174410567855829		Grass-55	2	26	0.3993	2024-01-14
H13	0.357462445132915	0.0890121764715756	0.0860944567015504	12.8218766374325	8.0510082427579	11.5820479905264	11.605	0.0257749723183073		Grass-51	2	26	0.3816	2024-01-14
H14	0.362710717533676	0.0856716338882905	0.100281796032177	11.7033884631704	6.91199408053618	12.2843409051711	12.0463	0.0228297809556746		Salt-6	2	26	0.393	2024-01-14
H15	0.454401276614489	0.115676766160932	0.0656378539676537	16.368410231988	10.56017433022	13.1574137847056	12.8089	0.0290523964141398		23G3B05	2	26	0.4345	2024-01-14
H16	0.345836207282891	0.0808693909273525	0.0887824470948416	13.3671602901573	7.80725473605715	11.1156576334327	10.82765	0.0226385374781804		08G4A02	2	26	0.3617	2024-01-14
H17	0.301013637755157	0.0740914666810579	0.151247716959197	7.4004868061492	4.58286045234613	11.6629600064594	11.6457	0.0118382364916559		Salt-5	2	26	0.3117	2024-01-14
H18	0.37046552965986	0.0927586458705568	0.110324589721807	9.93944569634528	6.28279862456572	13.1824084382207	13.1641	0.0270216125781631		23G3B08	2	26	0.4181	2024-01-14
H19	0.368679864360093	0.0672077050776905	0.137431151121264	10.9210303422418	5.04359582892772	13.146757301169	12.86505	0.0208657051775493		Wood-51	2	26	0.4205	2024-01-14
H2	0	0.0471	0	-0.118416011090157	0.85736471822082	0.219131239794829	0.33395	0.0000642985972032827	questionable fit (k < n0)	Grass-39	2	26	0.0471	2024-01-14
H20	0.294166715110542	0.0532297458026356	0.172822889131115	8.73679404975321	4.01073714277557	11.2120865241298	11.05795	0.014920088362505		08G1B09	2	26	0.3315	2024-01-14
H3	0.1332	0.0272479885516306	0.0326290871481712	525.789769340707	21.2432293129229	3.1636267891944	3.22825	0.0102427540581195		26G3A08	2	26	0.1332	2024-01-14
H4	0.2383	0.00937970411233365	0.468395565681395	6.82078547741282	1.47983292615419	9.79257688439331	9.8727	0.0203258416243213		40G1B01	2	26	0.2565	2024-01-14
H5	0.314878940338266	0.0614837417421455	0.15149527350038	9.34799818579058	4.57537165711118	11.7251219405147	11.674	0.0070629832462244		Mmlr14-014	2	26	0.3197	2024-01-14
H6	0.312123470696721	0.0579475331590022	0.174028431913283	8.49567325298756	3.98295366417675	11.9637410213777	11.9142	0.00794174397397325		28G3A04	2	26	0.3209	2024-01-14
H7	0.246777890947282	0.061144369716261	0.209210749038565	5.30821974806717	3.31315280761302	10.1997040561208	10.17715	0.00778502436814492		Grass-36	2	26	0.2561	2024-01-14
H8	0.410911161966366	0.116958237538887	0.0674475360318319	13.6639936872128	10.2768347272584	12.6417250765301	12.41535	0.0276288314220689		Grass-43	2	26	0.4071	2024-01-14
H9	0	0.0464	0	-0.039738870522413	0.215014872540212	0.271465817725299	0.38355	0.00158084533399541	questionable fit (k < n0)	Grass-40	2	26	0.0464	2024-01-14
I1	0.462820111200357	0.00825257802773673	0.219506011429352	18.2629205668266	3.15775944379107	13.7280648506963	13.8858	0.01541018457612		26G1B06	3	26	0.4678	2024-01-14
I10	0.396846442227892	0.0742811714944952	0.114329027292906	12.844052229843	6.06274011921864	13.2939540589336	13.132	0.0204027303611461		23G3B07	3	26	0.4129	2024-01-14
I11	0.295393519566707	0.000000993752581999614	0.398286698859169	31.6413462907988	1.74032219138967	4.8333349514096	4.98375	0.0121805427184993		23G3B06	3	26	0.2927	2024-01-14
I12	0.387329361974953	0.0723685322124515	0.12423844512754	11.8375331618471	5.57916818621143	13.3966663797452	13.42645	0.0182970524720627		Grass-55	3	26	0.4195	2024-01-14
I13	0.381038177719614	0.0706534639049671	0.12606025087429	11.7406192125218	5.49853879992009	13.2274193281678	13.3168	0.0204417666491276		Grass-51	3	26	0.4139	2024-01-14
I14	0.367939954571483	0.0798249535156749	0.105933101843017	12.1163595802574	6.54325388854491	12.4303372698107	12.2311	0.0195362004654608		Salt-6	3	26	0.3762	2024-01-14
I15	0.442930316012457	0.119210749802713	0.06168175819231	16.1957878700775	11.2374744312389	12.7803527257076	12.42375	0.0327805803373515		23G3B05	3	26	0.4269	2024-01-14
I16	0.358784073951963	0.0867811443070328	0.0820596835487856	13.9218605410524	8.44686636096835	11.2749864723097	11.00455	0.0229719070124148		08G4A02	3	26	0.3654	2024-01-14
I17	0.304816637325288	0.0624042030666983	0.176519118824911	7.68759740256101	3.92675413957554	11.8937304796216	11.84485	0.0133860114936018		Salt-5	3	26	0.321	2024-01-14
I18	0.315161708978034	0.0651485836947827	0.201100662811793	6.6874113422737	3.44676726007936	12.6576157650318	12.59755	0.00985086649018986		23G3B08	3	26	0.3363	2024-01-14
I19	0.332808459191473	0.0412392123520936	0.203320324407578	9.61973662454264	3.40913867110725	12.5574039696374	12.51975	0.00920503267419187		Wood-51	3	26	0.3383	2024-01-14
I2	0	0.0467	0	-0.0523511402590591	0.342090034830246	0.230926202697782	0.3521	0.000116774841720687	questionable fit (k < n0)	Grass-39	3	26	0.0467	2024-01-14
I20	0.284502859484467	0.0426718256298383	0.209155397766722	8.29383516976012	3.31402960650834	11.0758083236127	11.0258	0.00692279289637483		08G1B09	3	26	0.2876	2024-01-14
I3	0.0974	0.0360673350201203	0.0192999557086091	861.488054377913	35.9144441067684	2.85062650608367	2.8387	0.00765985982285549		26G3A08	3	26	0.0974	2024-01-14
I4	0.242180953698738	0.00683422786556847	0.519224891090743	6.81615311690033	1.33496523848046	9.96059166241225	9.98265	0.0181338646181548		40G1B01	3	26	0.2793	2024-01-14
I5	0.318317579460396	0.0659251160866758	0.13633528467514	9.84679630399187	5.08413637901278	11.6158323316094	11.55865	0.0071725902321777		Mmlr14-014	3	26	0.324	2024-01-14
I6	0.380492524073086	0.0966392810988938	0.0959324814575435	11.231566649166	7.22536486108419	12.9428323624114	12.798	0.0166686371976499		28G3A04	3	26	0.3914	2024-01-14
I7	0.255883596017931	0.0685392977497161	0.197962069364341	5.07946205995092	3.50141409809288	10.5799290967152	10.58615	0.00650877630034681		Grass-36	3	26	0.2636	2024-01-14
I8	0.434742417352036	0.122979841508251	0.0604032542453959	15.4001880050734	11.4753284275703	12.7197093188842	12.4771	0.0292454990565262		Grass-43	3	26	0.4203	2024-01-14
I9	0	0.0454	0	-0.211566397981826	1.07289616439971	0.296872795171051	0.39755	0.0000798507315297364	questionable fit (k < n0)	Grass-40	3	26	0.0454	2024-01-14
J1	0.452158650555432	0.0455879907663797	0.194638748441266	11.2419209164468	3.56119830255232	16.3754130380636	16.44325	0.010807646088257		Salt-16	1	26	0.456	2024-01-14
J10	0.42447552180124	0.0794012536142638	0.10612663755992	13.844267009972	6.53132141465037	13.7751648470684	13.6176	0.0226375310480495		35G3B04	1	26	0.4522	2024-01-14
J11	0.421051772295228	0.0739218983314854	0.121292721387837	12.7517122287566	5.71466426533203	14.2191264520009	14.1983	0.0132746062319368		Wood-3	1	26	0.4244	2024-01-14
J12	0.298061376949499	0.0578285095318454	0.237675564792115	5.9918941878077	2.91635861333164	12.2505608464083	12.27435	0.00828186168578815		33G3A07	1	26	0.3128	2024-01-14
J13	0.391663594402782	0.0640332010322806	0.123063518928137	13.2653805349788	5.63243426319304	13.0801253171136	13.0292	0.0195704324701837		Wood-18	1	26	0.4181	2024-01-14
J14	0.403329429123014	0.0720805864129828	0.124713642057588	12.2286953502034	5.55790985752687	13.8280244740614	13.6948	0.0160737032137852		25G2A02	1	26	0.428	2024-01-14
J15	0.401174881335611	0.10995320621839	0.0791184712869913	12.3110299557053	8.76087681276916	12.9858832368588	12.6376	0.031623602698568		Napa-18	1	26	0.4269	2024-01-14
J16	0.27975501126338	0.0640597006525501	0.16352682902535	7.42417222187795	4.23873675464284	10.9086578306154	10.8761	0.00756453981718329		25G3A08	1	26	0.2906	2024-01-14
J17	0.272128378575682	0.060186958559567	0.20102602542035	6.26214550854589	3.44804698352145	11.0199863668939	10.99445	0.00638139035172712		Pine-20	1	26	0.2792	2024-01-14
J18	0.463918138218949	0.0934485531733476	0.046823843263976	29.4157890999258	14.803295335076	9.85929704063104	9.4147	0.0247452573958447		28G4A10	1	26	0.3482	2024-01-14
J19	0.305375659622024	0.063787259502377	0.133704390594388	9.95989712939935	5.18417665626785	11.09544860289	11.00045	0.00917555309654954		02D05	1	26	0.3089	2024-01-14
J2	0.399357331988454	0.0530361906317765	0.176354183608346	10.6399062260731	3.9304266356352	14.6004696485039	14.56475	0.010360200892424		Napa-12	1	26	0.4047	2024-01-14
J20	0.317587149421563	0.0506010023148971	0.177281902222477	9.38181149917573	3.90985865940276	11.9556327793279	11.84555	0.012296921436829		23D06	1	26	0.3268	2024-01-14
J3	0.374747212670926	0.0461600608677426	0.191188570611237	10.2657138862015	3.6254634800811	13.8846072047721	13.92855	0.00993068933179022		Wood-21	1	26	0.374	2024-01-14
J4	0.302811992741281	0.0660452667940237	0.168498812511524	7.57711577449119	4.11366210971096	11.8003556141421	11.8182	0.00429371304021234		Grass-58	1	26	0.3086	2024-01-14
J5	0.318449920562426	0.0494289529009735	0.195572416967917	8.66304669086621	3.54419703609663	12.2529374206614	12.2609	0.0109181803965877		09G1A07	1	26	0.3226	2024-01-14
J6	0.239230535523269	0.030638775362037	0.300023391847809	6.39321038881713	2.31031046043088	9.84433871307838	9.8114	0.0186079514941738		40G3B03	1	26	0.2622	2024-01-14
J7	0.265101431812526	0.0643482158776229	0.200042147596073	5.68763721847578	3.46500569449771	10.8488861337459	10.82215	0.00499749426202859		09G3B12	1	26	0.2737	2024-01-14
J8	0.365244925821973	0.0606958417181822	0.134376520315318	12.0032657183361	5.15824623924967	12.6751224886214	12.841	0.0221063603465805		35G2A07	1	26	0.3938	2024-01-14
J9	0.426219731943094	0.114995685125382	0.0676984543425387	14.7066644762083	10.2387445517261	12.8391398289046	12.66825	0.0221985800261042		Salt-11	1	26	0.4018	2024-01-14
K1	0.458917321143634	0.0448067428210858	0.193936043846531	11.4665348119796	3.57410188849918	16.5247107627338	16.61255	0.0110830057913956		Salt-16	2	26	0.462	2024-01-14
K10	0.418892359273988	0.0964224838343761	0.0935849873370427	12.9002562004678	7.40660655392945	13.6966133397204	13.39775	0.0249227377177466		35G3B04	2	26	0.4316	2024-01-14
K11	0.428977637703561	0.090931031308692	0.102666393215404	12.7897982205723	6.75145155928148	14.2200070555741	14.05285	0.0202145075498232		Wood-3	2	26	0.4395	2024-01-14
K12	0.299707461706938	0.0587539047322886	0.206273824493018	6.84161741993005	3.36032544247226	12.0187333911754	12.0198	0.00775437856367733		33G3A07	2	26	0.3133	2024-01-14
K13	0.407916233932547	0.0879390306819801	0.0996197887315052	12.9653558661539	6.95792662668772	13.4199585313706	13.10705	0.0214759156104633		Wood-18	2	26	0.4381	2024-01-14
K14	0.364314558336011	0.0514589071929885	0.170065080490489	10.6133389048573	4.07577604150613	13.2980070200053	13.30885	0.00658531703321212		25G2A02	2	26	0.365	2024-01-14
K15	0.312540645967306	0.0520418056186194	0.204737435648196	7.86642195971852	3.38554196679006	12.2657478699593	12.22025	0.0108985679332563		Napa-18	2	26	0.3297	2024-01-14
K16	0.291941126094612	0.063813306858298	0.15395972469976	8.27452988105484	4.50213315145676	11.1339842071733	11.0523	0.00978881115483675		25G3A08	2	26	0.3046	2024-01-14
K17	0.274144399630211	0.060132505710715	0.201344047718873	6.30503385216955	3.44260080401161	11.0935920851247	11.056	0.00686175780567033		Pine-20	2	26	0.282	2024-01-14
K18	0.251341689239302	0.0534055586226643	0.131331391805775	9.97499191468876	5.27784843386902	9.11305350659923	8.9727	0.00990423606185749		28G4A10	2	26	0.26	2024-01-14
K19	0.309338873401555	0.0612154407671132	0.132661804943588	10.5495841652834	5.22491896484215	11.0868473580653	10.97745	0.00970921818078773		02D05	2	26	0.3152	2024-01-14
K2	0.376087333896152	0.0538188791183334	0.173272571046187	10.3291627710744	4.00032836342678	13.8354939932524	13.80845	0.00841066009339469		Napa-12	2	26	0.3835	2024-01-14
K20	0.390704373894671	0.0896234931782454	0.0955513738184085	12.6817794518928	7.25418330329027	12.8711328538195	12.35185	0.0318621566235366		23D06	2	26	0.4381	2024-01-14
K3	0.376360073539857	0.0510418850407884	0.17709939975284	10.458291651636	3.91388780271024	13.8222295029699	13.869	0.00879177411548103		Wood-21	2	26	0.3747	2024-01-14
K4	0.305026792647152	0.0671737156634563	0.162586373884643	7.7766118659671	4.26325505636616	11.8052487876323	11.83735	0.0050509687303613		Grass-58	2	26	0.3115	2024-01-14
K5	0.320631630672895	0.050266669712477	0.198285689748033	8.48488122448196	3.49569946999577	12.3947021958958	12.4194	0.00972110779618262		09G1A07	2	26	0.3249	2024-01-14
K6	0.245560050593137	0.0364153215954397	0.266501971729893	6.55918931921468	2.60090826368244	10.0283206554288	9.96115	0.0171307854870395		40G3B03	2	26	0.2673	2024-01-14
K7	0.279944637624773	0.0679667399811879	0.185461423372119	6.1331544024726	3.73741971757211	11.3012467410805	11.2903	0.00508787172826894		09G3B12	2	26	0.2835	2024-01-14
K8	0.372906609836304	0.0528297404870752	0.148524384232721	12.1292331493681	4.66689146122875	13.0050486826615	13.1435	0.0189424311625344		35G2A07	2	26	0.3966	2024-01-14
K9	0.33025571543504	0.0883016918469342	0.130637311379681	7.71593080604449	5.30588981998716	12.5305889451257	12.48285	0.0131529518411742		Salt-11	2	26	0.3492	2024-01-14
L1	0.479401113648605	0.0351926179105257	0.221800987248844	11.4312281766523	3.12508609252621	17.366965647278	17.475	0.0119321719101664		Salt-16	3	26	0.4817	2024-01-14
L10	0.391778531155557	0.056680209567472	0.161611088346167	10.9955256909078	4.28898281456555	14.1248419757279	14.15175	0.00773936805603721		35G3B04	3	26	0.398	2024-01-14
L11	0.432398741019378	0.0581154384121582	0.155787558839152	11.9559075718394	4.44931023841005	15.1948985756865	15.23095	0.00736708417514639		Wood-3	3	26	0.4344	2024-01-14
L12	0.287388226188583	0.0594975161099254	0.226089057736309	5.93983459478582	3.06581480545764	11.7928296813621	11.80055	0.0082909706953322		33G3A07	3	26	0.2971	2024-01-14
L13	0.404325058864425	0.0589623083328841	0.145056399334947	12.1862732400699	4.77846674629921	14.0564429955373	14.05055	0.00699418929942368		Wood-18	3	26	0.403	2024-01-14
L14	0.411135722628446	0.0497862042977334	0.169515766910833	11.6927634364542	4.08898353935743	14.6192878263695	14.6605	0.0078437333579271		25G2A02	3	26	0.412	2024-01-14
L15	0.364440578984593	0.0679022332874953	0.16400483013242	8.98819633448892	4.22638272299839	13.7630054392424	13.71465	0.00916444464803866		Napa-18	3	26	0.3791	2024-01-14
L16	0.325365729637016	0.0662948570074551	0.150985958064735	9.02725894899235	4.59080559175417	12.1953832432187	12.15545	0.00877025666883892		25G3A08	3	26	0.3367	2024-01-14
L17	0.321072225353651	0.0692853432149541	0.165487664418309	7.79725571830337	4.18851267855138	12.4388663134422	12.4416	0.0064702385932915		Pine-20	3	26	0.3324	2024-01-14
L18	0.270532024050569	0.0586367315394081	0.126530634804972	10.1535168388225	5.47809770834018	9.73407911296005	9.6116	0.00863652525253874		28G4A10	3	26	0.2782	2024-01-14
L19	0.329847239303437	0.0646216523389325	0.132455095025024	10.66045217062	5.23307299299431	11.7909997602186	11.74555	0.00736845246152317		02D05	3	26	0.3358	2024-01-14
L2	0.40309211755033	0.0529597402214247	0.176429150332597	10.7055965180521	3.92875655328642	14.7144370525381	14.7071	0.00911805743359084		Napa-12	3	26	0.4088	2024-01-14
L20	0.352913757663469	0.0509439429452806	0.165069186684968	10.7809411712916	4.19913125205377	12.8063999414186	12.67665	0.0136479111431119		23D06	3	26	0.3684	2024-01-14
L3	0.398137925626284	0.0544136967303228	0.175634732422245	10.4946427734608	3.94652681164192	14.6022924483694	14.68315	0.0108983854803748		Wood-21	3	26	0.4004	2024-01-14
L4	0.350825091343924	0.0733619731218591	0.141829838412861	9.37942472415498	4.88717457706057	12.9790863163922	13.0608	0.00598521344148295		Grass-58	3	26	0.3497	2024-01-14
L5	0.346544816192192	0.0561035100802409	0.185760360685419	8.85120553491514	3.73140522554095	13.2386314138659	13.252	0.00986201431328285		09G1A07	3	26	0.3487	2024-01-14
L6	0.269165140765835	0.0400401006330413	0.25658662640088	6.79843076012342	2.7014158542971	10.9211004286234	10.84875	0.014739453991829		40G3B03	3	26	0.2804	2024-01-14
L7	0.304916662057065	0.068684427881412	0.178077723634127	6.93681856404142	3.89238567528	12.0849800128208	12.06345	0.00498819644484283		09G3B12	3	26	0.3119	2024-01-14
L8	0.380045413137564	0.0590032063511043	0.145926748139584	11.6084325460281	4.74996660582696	13.4038783106793	13.5019	0.0144435820854397		35G2A07	3	26	0.3924	2024-01-14
L9	0.422800566425458	0.103213753899934	0.0951715063926286	11.875685013862	7.28313764101177	14.1705348933914	14.0595	0.0141094185876096		Salt-11	3	26	0.4283	2024-01-14
A1	0.529054848173184	0.0263714087303657	0.226889633628906	12.9916918598078	3.05499713439371	18.4029161380123	18.6637333333333	0.0207909762423251		Desert-26	1	28	0.548011111111111	2024-01-14
A10	0.406859736506348	0.0548369802213587	0.19520740552865	9.52490008812988	3.55082420506948	15.3533677925484	15.4937333333333	0.0176873404528343		23G3A10	1	28	0.419911111111111	2024-01-14
A11	0.419937019391022	0.0597616638400802	0.186598438123656	9.62616111473141	3.71464620781341	15.7708623396081	15.9942333333333	0.0223134588042846		23G3A03	1	28	0.440911111111111	2024-01-14
A12	0.362727374541658	0.0736591848333059	0.192764426689622	7.09266636985294	3.59582518654239	14.411789399242	14.5053833333333	0.0133203791119275		23G3A08	1	28	0.377511111111111	2024-01-14
A13	0.426639943358884	0.0769748854605751	0.18488433038463	8.18618056979092	3.74908559918482	16.5284999953789	16.6614333333333	0.0153641554413978		23G4A03	1	28	0.444511111111111	2024-01-14
A14	0.416567631360252	0.0751472378054663	0.170368311918978	8.88466386047852	4.06852173830063	15.8108866158641	15.9998833333333	0.0193977264609679		23G1B09	1	28	0.439811111111111	2024-01-14
A15	0.429029866655763	0.0456568904329372	0.204075808865813	10.426781200919	3.39651810967813	15.884468261586	15.9911333333333	0.0123690514868682		23G2A11	1	28	0.434011111111111	2024-01-14
A16	0.396465217848179	0.0498859040134104	0.210929991681099	9.18965197312023	3.28614804862792	15.134713364511	15.2630833333333	0.0212847784365152		23G2B11	1	28	0.420011111111111	2024-01-14
A17	0.376806723706779	0.0667627549885817	0.199239573871029	7.70714736618252	3.47896337606419	14.8144113677432	14.8942333333333	0.0120868425936389		26G3B01	1	28	0.385611111111111	2024-01-14
A18	0.377891247605578	0.0584983735857139	0.212314121177489	7.99486611488813	3.26472481771711	14.8186080072869	14.8796833333333	0.0211827089536691		26G3B10	1	28	0.403611111111111	2024-01-14
A19	0.418879756965771	0.0557310760427962	0.188529433825034	9.9415480763983	3.67659927946968	15.6264012923791	15.7541333333333	0.0132414889860389		02G2A03	1	28	0.426011111111111	2024-01-14
A2	0.433694656523381	0.0630423621912717	0.182784365777591	9.69151539528518	3.792157921227	16.2436461210265	16.2984833333333	0.00758148303273229		Grass-59	1	28	0.439811111111111	2024-01-14
A20	0.434758509852939	0.0422167782474471	0.207974781225682	10.7216130252166	3.33284245558495	15.9944596973443	16.2480333333333	0.0258329799086727		02G1B04	1	28	0.457811111111111	2024-01-14
A21	0.457491900319788	0.0580207827784077	0.20111397430553	9.59326771104997	3.44653912267143	17.263272530937	17.4843833333333	0.0269115518980664		25D05	1	28	0.487111111111111	2024-01-14
A22	0.296300515786137	0.0856413405708851	0.0977533078045549	9.20760071669278	7.09077980200735	10.5277869056767	10.5532833333333	0.0110925956786859		35D02	1	28	0.298811111111111	2024-01-14
A3	0.403045838490605	0.0571044700127215	0.207466695462396	8.68277630722331	3.34100458396504	15.550392467799	15.6052833333333	0.00983486952353996		Grass-45	1	28	0.414411111111111	2024-01-14
A4	0.430380456610471	0.0472943650733915	0.203055412031531	10.3019592943274	3.41358633894629	15.9787706256631	16.0122333333333	0.0110180275941867		Grass-44	1	28	0.448711111111111	2024-01-14
A5	0.40152988697589	0.0411923558896286	0.227314161220766	9.5409298937302	3.04929168001445	15.2515505669179	15.2796833333333	0.0102820491940705		Grass-42	1	28	0.410811111111111	2024-01-14
A6	0.444755901712108	0.0510213406852253	0.210476747725054	9.70859257071444	3.29322449178758	16.7735204242826	16.8653333333333	0.0156580146153192		Grass-53	1	28	0.463811111111111	2024-01-14
A7	0	0.0466111111111111	0	-0.1761647985085	0.737642893600683	0.355561786990373	0.459233333333333	0.0000641270850270745	questionable fit (k < n0)	Grass-54	1	28	0.0466111111111111	2024-01-14
A8	0.4276228802249	0.0668483492866553	0.184468211715655	9.13884603229851	3.75754269049013	16.2256468303522	16.3178833333333	0.0108270116059884		Grass-57	1	28	0.440911111111111	2024-01-14
A9	0.425350360275193	0.0408610071353819	0.206904658363418	10.8346514700145	3.35008010956654	15.6016069512949	15.7448333333333	0.0153780196015602		23G3B01	1	28	0.434011111111111	2024-01-14
B1	0.487890289476402	0.0331573343378769	0.199052563039458	13.1545475010696	3.48223187873519	16.8306330221832	16.9835833333333	0.0128714354411383		Desert-26	2	28	0.502011111111111	2024-01-14
B10	0.341143208415313	0.056845181418575	0.198375007035485	8.11438721937722	3.49412554997897	13.2938719958885	13.4030833333333	0.0161197323520871		23G3A10	2	28	0.361911111111111	2024-01-14
B11	0.401105995513926	0.0644967102423945	0.163921551450589	10.0798743894522	4.22852989387965	14.7859169470381	14.9668333333333	0.0140669855654316		23G3A03	2	28	0.409611111111111	2024-01-14
B12	0.318123492656232	0.0696975251171385	0.196634187363843	6.46367801729219	3.5250593493052	12.8140543810853	12.8847333333333	0.00992191994211435		23G3A08	2	28	0.335411111111111	2024-01-14
B13	0	0	0	0	0	0	0	0	cannot fit data	23G4A03	2	28	0.874811111111111	2024-01-14
B14	0.391313394115228	0.0828548163337122	0.15210476217689	8.64205479437854	4.55703799565362	14.7956568256563	14.9385833333333	0.0124273692762563		23G1B09	2	28	0.399211111111111	2024-01-14
B15	0.363994032057968	0.0463964067921068	0.204763292344663	9.39408237574302	3.38511445397753	13.8105949699288	13.9065833333333	0.0129678876434424		23G2A11	2	28	0.377111111111111	2024-01-14
B16	0.361585336694981	0.0570599370505663	0.191062183489554	8.76495926500342	3.62786171444461	13.8628408200572	13.9755333333333	0.0136617743070441		23G2B11	2	28	0.379211111111111	2024-01-14
B17	0.308820639482404	0.0601969293263001	0.224783414771041	6.3097146537755	3.08362243391474	12.5770573613038	12.6076333333333	0.00909964949052017		26G3B01	2	28	0.325111111111111	2024-01-14
B18	0.348167204586979	0.062921481670558	0.192611321976544	7.8472197405917	3.59868347014593	13.620357033913	13.6982833333333	0.013192259942247		26G3B10	2	28	0.364811111111111	2024-01-14
B19	0.373291877045521	0.0499399112769011	0.190307740424916	9.81526497467049	3.64224376271979	13.9737091311131	14.0628833333333	0.0100866651970651		02G2A03	2	28	0.382511111111111	2024-01-14
B2	0.404795296832196	0.0629228497961041	0.1798219608701	9.41224491094038	3.85463030881228	15.2420151515285	15.2659333333333	0.00612277434568062		Grass-59	2	28	0.417111111111111	2024-01-14
B20	0.394574066021584	0.0546715310610863	0.183384902719905	9.9643742178865	3.77973960931033	14.6889726796126	14.8272333333333	0.0137930695845268		02G1B04	2	28	0.410911111111111	2024-01-14
B21	0.403245076173589	0.069467300260052	0.19237961465224	8.15896887414137	3.60301782396711	15.670376878505	15.7802333333333	0.0139143486149991		25D05	2	28	0.425511111111111	2024-01-14
B22	0.311651051683558	0.0865568745678815	0.0769515493679793	12.4197261797866	9.00757926582274	10.0248257627225	9.99238333333333	0.011611658459655		35D02	2	28	0.293711111111111	2024-01-14
B3	0.361957859255461	0.0561044550699872	0.213419909636927	7.9462628222877	3.24780936201846	14.2124520679547	14.2365833333333	0.00718487969288665		Grass-45	2	28	0.371211111111111	2024-01-14
B4	0.387236474152989	0.0524926324137927	0.193173605242244	9.59081734125913	3.58820854272882	14.5826270872682	14.6651333333333	0.00876764720892625		Grass-44	2	28	0.395311111111111	2024-01-14
B5	0.355667224189735	0.0546454684808712	0.200523216995914	8.50932013529595	3.45669290042394	13.7503101819166	13.8078833333333	0.00789959058188682		Grass-42	2	28	0.364711111111111	2024-01-14
B6	0.407518482439514	0.063196955279281	0.182703133058047	9.27909522080701	3.79384397496744	15.4055099672016	15.5219833333333	0.0124107476111315		Grass-53	2	28	0.417211111111111	2024-01-14
B7	0	0.0463111111111111	0	-0.157916477389786	0.880947535340175	0.274498162301502	0.380933333333333	0.0000744373183850031	questionable fit (k < n0)	Grass-54	2	28	0.0463111111111111	2024-01-14
B8	0.363645534155903	0.0734816700173858	0.180317651284475	7.61661331973187	3.84403399014117	14.2313891103108	14.2813333333333	0.00624001230913958		Grass-57	2	28	0.369211111111111	2024-01-14
B9	0.364029495242083	0.0449093133046845	0.19368922910926	10.1240662179885	3.57865630292194	13.5417192594082	13.6714833333333	0.0135888358019576		23G3B01	2	28	0.374211111111111	2024-01-14
C1	0.523370191300615	0.0391188982965234	0.189949753833595	13.2455991071659	3.64910807500795	17.9791108584912	18.1116833333333	0.0103181466327834		Desert-26	3	28	0.531311111111111	2024-01-14
C10	0.294206256207642	0.0613280792144908	0.208371836931906	6.4033493713313	3.32649167356747	11.9081773401044	11.9519833333333	0.0110287052439158		23G3A10	3	28	0.309711111111111	2024-01-14
C11	0.389490363556329	0.0609570599371276	0.170020276547541	9.9074567283029	4.07685009479519	14.4502976757409	14.5796333333333	0.0109963609194271		23G3A03	3	28	0.395511111111111	2024-01-14
C12	0.297853263337674	0.0687999181225663	0.20985054951097	5.73147114890468	3.30305153917984	12.2172296957489	12.2677833333333	0.00713553594581799		23G3A08	3	28	0.308011111111111	2024-01-14
C13	0.384864275810419	0.0788795583660775	0.171708563828949	7.89484820100111	4.03676534881764	14.923255600629	15.0620833333333	0.013110255461132		23G4A03	3	28	0.403211111111111	2024-01-14
C14	0.39183976253039	0.0786263344467095	0.151285242273145	9.13623912741406	4.58172370381291	14.6555051729525	14.8008333333333	0.0110529994203888		23G1B09	3	28	0.397011111111111	2024-01-14
C15	0.336161535183211	0.0476217022295315	0.205766705374627	8.75527727275399	3.36860708003257	12.943512308106	13.0384333333333	0.0161267169090756		23G2A11	3	28	0.355211111111111	2024-01-14
C16	0.341440795808203	0.0548794643078887	0.186844099310061	8.84594894184982	3.70976221951592	13.0498032691698	13.1609333333333	0.0133839578163923		23G2B11	3	28	0.361411111111111	2024-01-14
C17	0.308359729430667	0.0761690240489794	0.201505832681242	5.53137422191215	3.43983680937127	12.6617560065432	12.7519333333333	0.0102227913832759		26G3B01	3	28	0.323211111111111	2024-01-14
C18	0.330677470744137	0.0673104195110209	0.193745446744639	7.0413713852435	3.57761791157616	13.1562559992771	13.2025333333333	0.0104522761903923		26G3B10	3	28	0.345211111111111	2024-01-14
C19	0.381384608241401	0.044228771704912	0.222932955962932	9.11112364158778	3.10921809458803	14.6210391641404	14.6755833333333	0.0115682121181706		02G2A03	3	28	0.403311111111111	2024-01-14
C2	0.393925137508582	0.0729126795331908	0.169350633292405	8.75235804594236	4.09297070276165	14.9875443136402	15.0390833333333	0.00608392024171142		Grass-59	3	28	0.402311111111111	2024-01-14
C20	0.367941746340279	0.0499912057372368	0.198748338149643	9.30849913267034	3.48756214523946	13.9667227293273	14.0728333333333	0.0140258179411353		02G1B04	3	28	0.387311111111111	2024-01-14
C21	0.449369927915539	0.0564764882904605	0.193917566437066	10.0027761778267	3.57444244632113	16.765036071028	16.9172333333333	0.0140287331589394		25D05	3	28	0.464911111111111	2024-01-14
C22	0.274377967434856	0.0825626070681397	0.100429834891788	8.39368466938412	6.90180543766504	9.93980042617701	9.96168333333333	0.0112638515228897		35D02	3	28	0.274711111111111	2024-01-14
C3	0.375870087884503	0.0634486825738282	0.20966591764653	7.60315039137125	3.30596020726889	14.8528880922774	14.9184833333333	0.00861224605318519		Grass-45	3	28	0.385411111111111	2024-01-14
C4	0.366226818981389	0.0535597258754335	0.190918771904045	9.24132081876241	3.63058683882756	13.8923409378348	13.9503833333333	0.00676071150807247		Grass-44	3	28	0.372811111111111	2024-01-14
C5	0.36776681584287	0.0605674314369058	0.192795634169242	8.42207703929939	3.59524313684136	14.2131053427236	14.2946833333333	0.0089562225272782		Grass-42	3	28	0.378611111111111	2024-01-14
C6	0.371382019700125	0.0781635402085948	0.16948185723433	7.80092167639319	4.08980165706811	14.4137943887985	14.5183333333333	0.0110059517244276		Grass-53	3	28	0.385111111111111	2024-01-14
C7	0	0.0469111111111111	0	-0.0316975202564167	0.186902358502411	0.252818624559311	0.369533333333333	0.000561585957766141	questionable fit (k < n0)	Grass-54	3	28	0.0469111111111111	2024-01-14
C8	0.341953033354976	0.0650734944497044	0.191278657052734	7.57044848243278	3.62375599682744	13.4484188657934	13.4614833333333	0.00579124598434008		Grass-57	3	28	0.346911111111111	2024-01-14
C9	0.345788083800748	0.057995195692684	0.186501818784118	8.58909001065314	3.7165706215567	13.2886336883579	13.4261333333333	0.0158912636739481		23G3B01	3	28	0.367011111111111	2024-01-14
D1	0.41785241057364	0.0476042540033579	0.194020123236705	10.5723639021301	3.57255303726565	15.3802441582589	15.5306333333333	0.0134369535491513		19G2B10	1	28	0.430111111111111	2024-01-14
D10	0.320316158228816	0.0659443995664228	0.19604152293289	6.88621898763897	3.53571615946498	12.793286847122	12.8564833333333	0.00694237176705018		35G3B01	1	28	0.328911111111111	2024-01-14
D11	0.372227679057004	0.0609584913434718	0.178876273863056	9.11504301364154	3.87500905285296	14.1038720165969	14.1896333333333	0.0134437387079271		Grass-34	1	28	0.391611111111111	2024-01-14
D12	0.316974130781555	0.0574874114694109	0.183294232394464	8.22251475538673	3.78160933655695	12.2635502345238	12.3052833333333	0.00782146053817929		Grass-31	1	28	0.324411111111111	2024-01-14
D13	0.278334182752683	0.0552090441290229	0.169117972636756	8.25817604871958	4.09860152503564	10.6996212975964	10.7612333333333	0.00616579425088272		S.11	1	28	0.281811111111111	2024-01-14
D14	0.300818288689619	0.0452361591658281	0.217246068416042	7.97090169836097	3.190608629255	11.8160638495579	11.8472333333333	0.0122721877889928		Mcba15-007	1	28	0.316711111111111	2024-01-14
D15	0.301576957167133	0.0690938845461146	0.210417604387883	5.76639580429503	3.29415013813293	12.3639421129225	12.4016833333333	0.00697934071025602		35G3B11	1	28	0.312411111111111	2024-01-14
D16	0.334260193888574	0.0586374598614475	0.213672514273552	7.24313696161691	3.24396978673892	13.3219115509965	13.3802333333333	0.0112633142685612		35G3B02	1	28	0.356211111111111	2024-01-14
D17	0.318490650958188	0.0574626335039481	0.204363643241742	7.40588120112181	3.39173431029521	12.6191584277097	12.6412333333333	0.00552500742163328		35G3B09	1	28	0.324511111111111	2024-01-14
D18	0.279785172578972	0.0495787160680435	0.231449705399966	6.63390307857135	2.99480692516814	11.3379261588857	11.3307833333333	0.0081992704623097		26G1A06	1	28	0.288911111111111	2024-01-14
D19	0.294915539090805	0.0575486186882355	0.177725125758191	7.97285691766129	3.90010797630847	11.4457525087763	11.5021333333333	0.00935966312507493		Mmlr14-002	1	28	0.306211111111111	2024-01-14
D2	0.398101593589956	0.0460588472371211	0.190827790485745	10.6579483779021	3.6323178023262	14.6111011050082	14.7008833333333	0.0110997902836821		12G2A10	1	28	0.413411111111111	2024-01-14
D20	0.317821222104817	0.0615940604572977	0.190547056969394	7.48108619011013	3.63766930638703	12.5191947716318	12.5869333333333	0.00818088930561349		Mcba15-009	1	28	0.326611111111111	2024-01-14
D3	0.363633531114937	0.025285409160219	0.175299043121806	14.7967025349103	3.95408422211588	11.9304741277721	11.8933833333333	0.00885680534899134		41G1B04	1	28	0.366411111111111	2024-01-14
D4	0.269295689471654	0.0562835218665029	0.229830967152088	5.79098412021344	3.01589985522387	11.0920573625274	11.0972833333333	0.00798298364449144		Mcba15-003	1	28	0.282811111111111	2024-01-14
D5	0.388620363862349	0.0605533207416328	0.167739008291581	10.0733496221492	4.13229568732782	14.3506310145045	14.4451833333333	0.00844679735569619		19G3B08	1	28	0.393611111111111	2024-01-14
D6	0.321338434898911	0.0522441684656238	0.220046127831565	7.44904484756007	3.15000853407662	12.7716653839433	12.8042833333333	0.00996173216252596		19G4A01	1	28	0.337711111111111	2024-01-14
D7	0.284389077156108	0.0507774781148213	0.194355244525852	7.85266687705269	3.56639298440822	11.1302650165445	11.1744833333333	0.00829374774475547		Mcba15-005	1	28	0.291911111111111	2024-01-14
D8	0.333671482126403	0.0595383624530647	0.179553087078422	8.50440947340566	3.86040246836417	12.8148531475178	12.9051333333333	0.0112094111384826		Mmlr14-006	1	28	0.346711111111111	2024-01-14
D9	0.349267843662582	0.0364930790482265	0.200614873766	10.7088804623984	3.45511360921544	12.8334419476376	13.0223833333333	0.0178464845958751		35G1B04	1	28	0.365111111111111	2024-01-14
E1	0.423014391329652	0.0531792793825524	0.189068789717061	10.2575810139667	3.66611105723599	15.6667800748034	15.8216833333333	0.0129805070197689		19G2B10	2	28	0.432611111111111	2024-01-14
E10	0.307709499793747	0.0614005224044742	0.202831387123617	6.84888285699509	3.4173566053537	12.3252959727995	12.3627833333333	0.00834877900756092		35G3B01	2	28	0.321611111111111	2024-01-14
E11	0.358164402227049	0.0581730995733854	0.177065729118891	9.26396344453524	3.91463206352333	13.5174783509618	13.5656333333333	0.00969008212623213		Grass-34	2	28	0.367111111111111	2024-01-14
E12	0.29397234177803	0.0494016559067356	0.225607043036967	7.08985147519141	3.07236499015843	11.7868471273867	11.7771833333333	0.00930741214751999		Grass-31	2	28	0.304411111111111	2024-01-14
E13	0.250292703610407	0.0592716039196636	0.174288731967465	6.71445331919531	3.97700512669595	9.94645081973101	10.0126833333333	0.00719901774621035		S.11	2	28	0.256111111111111	2024-01-14
E14	0.290061062051688	0.0462332419139572	0.216687954966512	7.67353801452479	3.19882653683758	11.4649289778931	11.4983333333333	0.0114935505228034		Mcba15-007	2	28	0.304311111111111	2024-01-14
E15	0.281178353715833	0.06593801682182	0.204570466269163	5.78304439395178	3.38830522900573	11.5034299395212	11.5532833333333	0.0100886485740405		35G3B11	2	28	0.295211111111111	2024-01-14
E16	0.321197216385464	0.0565724754863404	0.216831885921427	7.11514441556485	3.19670318603935	12.8453164292231	12.8708833333333	0.00794902380975879		35G3B02	2	28	0.333211111111111	2024-01-14
E17	0.322462912348211	0.0553803436923109	0.197283004202139	7.97500595179215	3.51346626823331	12.5991913477207	12.6317333333333	0.00690466803243398		35G3B09	2	28	0.331011111111111	2024-01-14
E18	0.259761401208943	0.0461797851050434	0.232812666718668	6.57815104110439	2.97727434821039	10.5414674017609	10.5236833333333	0.00805563959768296		26G1A06	2	28	0.269311111111111	2024-01-14
E19	0.303414737069541	0.0588495801325799	0.166516984936807	8.55466525140191	4.16262149367523	11.577968114847	11.6616333333333	0.00894504206668075		Mmlr14-002	2	28	0.310311111111111	2024-01-14
E2	0.39142623829167	0.0498364274180805	0.185906798871408	10.3539217210406	3.72846600967723	14.4508442685932	14.5301833333333	0.010628943532588		12G2A10	2	28	0.403611111111111	2024-01-14
E20	0.29511362834178	0.0586088998414031	0.20541653044629	6.79147699984201	3.37434956697012	11.8434341472219	11.8644333333333	0.00596932211189033		Mcba15-009	2	28	0.302211111111111	2024-01-14
E3	0.330397757071225	0.0220865698820144	0.203202443208242	12.9729734207807	3.41111637053304	11.4616728074427	11.4872333333333	0.0105941138643505		41G1B04	2	28	0.341111111111111	2024-01-14
E4	0.261261754380037	0.052489887137324	0.235705321862866	5.85740523593011	2.94073623404744	10.7617036421754	10.7585333333333	0.00796244713326935		Mcba15-003	2	28	0.274611111111111	2024-01-14
E5	0.357896856444804	0.0515068337394457	0.180554190691145	9.87595122939005	3.83899801996642	13.3384990744063	13.4334333333333	0.00988224189680019		19G3B08	2	28	0.365611111111111	2024-01-14
E6	0.291105826594414	0.0409571236705545	0.270874377176574	6.68032840983368	2.55892487057979	11.865455392106	11.8486833333333	0.0101641557670429		19G4A01	2	28	0.299211111111111	2024-01-14
E7	0.24108362476606	0.0531111136004662	0.243568227750161	5.189139587637	2.84580294795648	10.0747170494061	10.0644833333333	0.00770881870227177		Mcba15-005	2	28	0.253311111111111	2024-01-14
E8	0.309953871753526	0.0682437736682202	0.174992791527181	7.2268854826464	3.96100419057708	12.1987160566789	12.2871333333333	0.0106008714517816		Mmlr14-006	2	28	0.325711111111111	2024-01-14
E9	0.295024946775747	0.0575920523157808	0.161764336176317	8.75656828839586	4.28491963645462	11.1848976366049	11.3769333333333	0.0156041891888444		35G1B04	2	28	0.305611111111111	2024-01-14
F1	0.409187047432559	0.0612301607239925	0.168047087025978	10.3389991678573	4.12471999858465	15.0200430959538	15.1604833333333	0.0117573039270947		19G2B10	3	28	0.417411111111111	2024-01-14
F10	0.283530893974885	0.0685101200635449	0.188967165877891	6.05265559484861	3.66808263932926	11.4789126207425	11.5272333333333	0.00655984931457984		35G3B01	3	28	0.294011111111111	2024-01-14
F11	0.327694704772038	0.0541459064697124	0.199411954975547	8.12287133569232	3.47595599594288	12.7713173758998	12.8057333333333	0.00947780300750691		Grass-34	3	28	0.339211111111111	2024-01-14
F12	0.265177192158241	0.0521927511720251	0.220615481176383	6.37432826436378	3.1418791503837	10.7748515211189	10.7675333333333	0.00866966165182438		Grass-31	3	28	0.271711111111111	2024-01-14
F13	0.232735849556967	0.061380501877481	0.181277562928679	5.66339934532789	3.82367883460929	9.46076688593979	9.51063333333333	0.00653556916645261		S.11	3	28	0.240011111111111	2024-01-14
F14	0.27638943469767	0.0461866177954475	0.206289487536237	7.78648807622629	3.3600703013923	10.8699391398951	10.9040833333333	0.0104798949951218		Mcba15-007	3	28	0.288311111111111	2024-01-14
F15	0.299695503285159	0.0681030663977188	0.192583917504729	6.35544683631619	3.59919555869936	12.0800322065827	12.1242333333333	0.00704793059376368		35G3B11	3	28	0.310011111111111	2024-01-14
F16	0.301565504470398	0.0633881147145118	0.174545341363356	7.58392829059633	3.97115829701235	11.7818916578622	11.8286833333333	0.00649936538747697		35G3B02	3	28	0.308411111111111	2024-01-14
F17	0.307620329891736	0.0552147479822822	0.203248997935999	7.47756284161912	3.41033504518537	12.1665091615962	12.1800833333333	0.00610792848697259		35G3B09	3	28	0.318711111111111	2024-01-14
F18	0.253991939849849	0.0449627421256845	0.241792221679334	6.35520753934437	2.86670586731776	10.3728273748281	10.3417833333333	0.00901042758771742		26G1A06	3	28	0.263811111111111	2024-01-14
F19	0.286316546074167	0.0549514361504762	0.182660228574501	7.87006137193638	3.79473509898316	11.1568606768501	11.2019833333333	0.00893833298713103		Mmlr14-002	3	28	0.298011111111111	2024-01-14
F2	0.404711403596402	0.0471427301363954	0.191715550023677	10.5685095742391	3.61549796286394	14.8891239171072	14.9639333333333	0.00982714708013077		12G2A10	3	28	0.411911111111111	2024-01-14
F20	0.275680848008682	0.056220879782821	0.212758054374226	6.40108139971231	3.25791276198056	11.1726843667717	11.1909833333333	0.00650992787241641		Mcba15-009	3	28	0.284611111111111	2024-01-14
F3	0.359548111634161	0.0214541009555673	0.195153941391102	14.129400418033	3.5517969845704	12.0672391606755	12.0944333333333	0.00867829245812502		41G1B04	3	28	0.367611111111111	2024-01-14
F4	0.242905084362528	0.0552644404158865	0.241665025253584	5.05823708974826	2.86821471097281	10.1713371152854	10.1688333333333	0.00604764839017796		Mcba15-003	3	28	0.253111111111111	2024-01-14
F5	0.351790211090459	0.0566356016034931	0.167336898482863	9.86549615121323	4.14222557513774	13.0498747007238	13.1397333333333	0.00950879961502584		19G3B08	3	28	0.358611111111111	2024-01-14
F6	0.265779563206117	0.0507501604059304	0.275167576175425	5.24720251357682	2.51900020414488	11.1581641036016	11.1041833333333	0.00715845721013534		19G4A01	3	28	0.272211111111111	2024-01-14
F7	0.226517139490861	0.0591555645242366	0.24672263424103	4.21520276761955	2.80941869274462	9.64014852626254	9.65173333333333	0.00588943742849414		Mcba15-005	3	28	0.237111111111111	2024-01-14
F8	0.281176435652723	0.0693424204289676	0.174455470166798	6.40132506913639	3.97320404970519	11.2412924671594	11.3388833333333	0.0103029860751632		Mmlr14-006	3	28	0.292011111111111	2024-01-14
F9	0.330289149260598	0.0433548505352126	0.189558487594968	9.96966529891916	3.65664017134913	12.3171116554249	12.4824833333333	0.0172402807646485		35G1B04	3	28	0.347811111111111	2024-01-14
G1	0.483076748218741	0.00655531256143129	0.248048002944243	17.2798686458419	2.79440742248488	14.8145276520237	14.9836833333333	0.0115867016375896		26G1B06	1	28	0.495111111111111	2024-01-14
G10	0.330968487162233	0.0331261682832604	0.222908966509868	9.85263489827873	3.10955270850112	12.469294509477	12.5189333333333	0.0110805956298393		23G3B07	1	28	0.346711111111111	2024-01-14
G11	0.270209546723928	0.0000101234927969491	0.338082588036626	30.146648151104	2.0502303433765	4.82602513069994	4.94478333333333	0.0120794015176732		23G3B06	1	28	0.278811111111111	2024-01-14
G12	0.31496447166946	0.045228994838783	0.207760552033888	8.59500702095517	3.33627906633058	12.1765876228556	12.2101333333333	0.0100799521284246		Grass-55	1	28	0.327311111111111	2024-01-14
G13	0.337863347347258	0.0706084917541756	0.166110219732642	8.01306688740814	4.17281478331425	13.0359281714759	13.2062833333333	0.0158409581485485		Grass-51	1	28	0.351211111111111	2024-01-14
G14	0.295390762771876	0.0453691181791452	0.190663954573165	8.95143415560342	3.635439022083	11.2771465967815	11.3195833333333	0.00856855082890026		Salt-6	1	28	0.303111111111111	2024-01-14
G15	0.275323131598189	0.0628447480622325	0.22909105861237	5.31741787540133	3.02564048007118	11.4401759936091	11.4665333333333	0.00802001097311083		23G3B05	1	28	0.292011111111111	2024-01-14
G16	0.242263120010434	0.0506713405469561	0.198563296102964	6.69814870360845	3.49081222040411	9.71994918939101	9.73793333333333	0.00687905874355		08G4A02	1	28	0.249911111111111	2024-01-14
G17	0.294611034798148	0.0668620151507927	0.181165336416115	6.76516399588437	3.82604748939317	11.7305610561885	11.7670333333333	0.00823941279282504		Salt-5	1	28	0.303611111111111	2024-01-14
G18	0.285121900063773	0.049776125501647	0.257801249035027	6.02603888915754	2.6886882168122	11.7555240535833	11.7065833333333	0.0109273059363695		23G3B08	1	28	0.300811111111111	2024-01-14
G19	0.381437738320214	0.0511230043000872	0.177888798730447	10.4886388283293	3.89651954202166	14.0023981183507	14.0227833333333	0.0112110371846362		Wood-51	1	28	0.393111111111111	2024-01-14
G2	0	0	0	0	0	0	0	0	cannot fit data	Grass-39	1	28	0.0466111111111111	2024-01-14
G20	0.306078670112606	0.0478365968264791	0.202456808687048	8.32822790187433	3.42367927784239	11.8862482225705	11.9461833333333	0.0101660911823476		08G1B09	1	28	0.318011111111111	2024-01-14
G3	0.128311111111111	0.0258503732569994	0.0335869555234746	531.750638175357	20.6373923970421	3.08916360382025	3.19428333333333	0.00915275957842072		26G3A08	1	28	0.128311111111111	2024-01-14
G4	0.23607265579057	0.0189692784064456	0.376815224482232	6.46882803732636	1.83948825717531	9.75189523509282	9.79018333333333	0.0133369727514565		40G1B01	1	28	0.249011111111111	2024-01-14
G5	0.310165937819112	0.0668173866858967	0.157704708243735	8.19589643462103	4.39522185658957	11.8724093889731	11.9272333333333	0.00914120480978615		Mmlr14-014	1	28	0.319911111111111	2024-01-14
G6	0.341876867486536	0.0778978066788596	0.153172338165902	7.96796603492963	4.52527648829904	13.1137243891385	13.2257333333333	0.00826913374631997		28G3A04	1	28	0.345811111111111	2024-01-14
G7	0.258329942919364	0.0709117407178079	0.198494419688375	4.89639195671119	3.49202351203699	10.7175750531343	10.7956333333333	0.00710921104419697		Grass-36	1	28	0.264011111111111	2024-01-14
G8	0.284403429915974	0.0720938485268278	0.216450581179121	4.98994630160836	3.20233457810094	11.84819722297	11.8842833333333	0.00711528511387939		Grass-43	1	28	0.294111111111111	2024-01-14
G9	0	0	0	0	0	0	0	0	cannot fit data	Grass-40	1	28	0.0474111111111111	2024-01-14
H1	0.471296776851867	0.00522581483005592	0.262804624252278	17.087702243816	2.63749993947809	14.5494018584439	14.7434833333333	0.0125029384256172		26G1B06	2	28	0.487111111111111	2024-01-14
H10	0.336193725466088	0.0492293631447636	0.192198960917583	9.17209837750731	3.60640441160955	12.7777514216481	12.8535333333333	0.00995333827690256		23G3B07	2	28	0.348611111111111	2024-01-14
H11	0.256896180117257	0.0000011249695513688	0.388865657690194	31.729896227408	1.78248494525626	4.18090449976389	4.32608333333333	0.0107081913178049		23G3B06	2	28	0.263211111111111	2024-01-14
H12	0.322547839282777	0.0594608136777738	0.199189554151474	7.46609116970436	3.47983700005092	12.7446696961543	12.7962333333333	0.00829599501122719		Grass-55	2	28	0.333011111111111	2024-01-14
H13	0.319532600347288	0.0599145226821854	0.17075790979279	8.58696792599125	4.05923907947258	12.2074193862399	12.2901833333333	0.0108658821857576		Grass-51	2	28	0.329711111111111	2024-01-14
H14	0.283236487990777	0.043627777557684	0.221052089689205	7.70548323970513	3.13567350362756	11.1987196290083	11.2118833333333	0.00913488924444798		Salt-6	2	28	0.294111111111111	2024-01-14
H15	0.280418686864693	0.0567000627691313	0.221577533668723	6.19473364161561	3.12823763801008	11.4372156698511	11.4388833333333	0.00862965000208409		23G3B05	2	28	0.293811111111111	2024-01-14
H16	0.234681150048837	0.0495522523227195	0.210652203393851	6.2568755056813	3.29048151119496	9.53226361633574	9.52883333333333	0.00867905247737242		08G4A02	2	28	0.243611111111111	2024-01-14
H17	0.297359196342244	0.0834689858640936	0.141520223585692	6.6491395243748	4.89786662992541	11.6097972601098	11.7561333333333	0.0123433036263953		Salt-5	2	28	0.307911111111111	2024-01-14
H18	0.288489875112135	0.0505893997508212	0.260514455548527	5.94251228380663	2.66068606097304	11.9196664228138	11.8908333333333	0.0133023766957506		23G3B08	2	28	0.306211111111111	2024-01-14
H19	0.395308436457752	0.0467969166415003	0.178987673081924	11.2178337953896	3.87259730586412	14.265082816608	14.3112833333333	0.0109530941608956		Wood-51	2	28	0.402811111111111	2024-01-14
H2	0	0.0470111111111111	0	-0.0773625220491092	0.465894651013542	0.25295637821373	0.355333333333333	0.000556402709526613	questionable fit (k < n0)	Grass-39	2	28	0.0470111111111111	2024-01-14
H20	0.294397496239135	0.0477052338581738	0.200771114129154	8.1839489177414	3.45242483494937	11.4630085322544	11.5176833333333	0.0098939237162023		08G1B09	2	28	0.305411111111111	2024-01-14
H3	0.0967111111111111	0.0296686478003046	0.0240049049633447	750.662206082332	28.8752311920574	2.6761346358455	2.71438333333333	0.00719024947636766		26G3A08	2	28	0.0967111111111111	2024-01-14
H4	0.233377285860532	0.0343107788962681	0.337012713440232	5.21695279223473	2.05673896834421	9.87447414865065	9.88328333333333	0.0176350895420288		40G1B01	2	28	0.251311111111111	2024-01-14
H5	0.264045916454905	0.0558762725356613	0.207644332096104	6.33397262718856	3.33814640430029	10.6996125992236	10.6977833333333	0.00929681536987797		Mmlr14-014	2	28	0.274511111111111	2024-01-14
H6	0.340256168008211	0.0753490906692707	0.147444725101974	8.52690562626215	4.70106461984692	12.8601420770637	12.9768833333333	0.00827531351565403		28G3A04	2	28	0.346011111111111	2024-01-14
H7	0.266601266331099	0.073302967027121	0.174005151590671	5.57244135106342	3.98348654751613	10.8195786543403	10.9356833333333	0.00850980369158055		Grass-36	2	28	0.274411111111111	2024-01-14
H8	0.293608187996944	0.0695137479704219	0.210715562012501	5.55508579220647	3.28949211885368	12.0858930424082	12.1252333333333	0.00695304681225609		Grass-43	2	28	0.306811111111111	2024-01-14
H9	0	0.0467202525293842	0	-0.910878339579357	5.33866944248105	0.338097648441167	0.375733333333333	0.000914951052890245	questionable fit (k < n0)	Grass-40	2	28	0.0474111111111111	2024-01-14
I1	0.467172753282325	0.00544895074791842	0.258544186376601	17.1713155793371	2.68096216075921	14.3817461486998	14.5332333333333	0.0117158362032742		26G1B06	3	28	0.485911111111111	2024-01-14
I10	0.335881754467805	0.0449163297699129	0.198654807775961	9.40527463166061	3.48920415428185	12.7213355826765	12.7892833333333	0.0100943071357836		23G3B07	3	28	0.345911111111111	2024-01-14
I11	0.272937243578335	0.00000328296646161517	0.337973789556639	33.5180953959487	2.05089034113927	3.95866565748303	4.04648333333333	0.0104641088318263		23G3B06	3	28	0.280611111111111	2024-01-14
I12	0.326345218944907	0.0591757757343801	0.192159796668214	7.84436098260559	3.60713943591824	12.7655735314979	12.8243333333333	0.00853397618242615		Grass-55	3	28	0.339611111111111	2024-01-14
I13	0.312797467463531	0.064806175175355	0.172484259417269	7.78037801018686	4.0186112222745	12.1613332124553	12.2434333333333	0.0103336251127045		Grass-51	3	28	0.324511111111111	2024-01-14
I14	0.293247016221135	0.0475742429721222	0.21114401423008	7.77530428998736	3.28281710039212	11.5502096942001	11.5474333333333	0.00983261383153504		Salt-6	3	28	0.303911111111111	2024-01-14
I15	0.281333851715669	0.0622097641826631	0.216068040602636	5.82745235125042	3.208004194543	11.5393187223358	11.5531833333333	0.0071276262697994		23G3B05	3	28	0.293311111111111	2024-01-14
I16	0.242690883863295	0.0451989079667105	0.208714352026556	7.06527852209546	3.32103266416365	9.69507018980011	9.68553333333333	0.00693529797972928		08G4A02	3	28	0.248611111111111	2024-01-14
I17	0.310111924396358	0.0696261160956161	0.161785842236439	7.66149456162627	4.28435004558037	12.0248665298355	12.0830333333333	0.00668178700315513		Salt-5	3	28	0.312811111111111	2024-01-14
I18	0.302152724379724	0.0573709280134481	0.229131039590864	6.33187670599328	3.02511253733945	12.3125606759084	12.3302333333333	0.00875046488227386		23G3B08	3	28	0.312811111111111	2024-01-14
I19	0.395629054865232	0.0498150076673682	0.174032582045312	11.1334606115586	3.98285868320607	14.2832565655484	14.3282333333333	0.0113589815945143		Wood-51	3	28	0.401811111111111	2024-01-14
I2	0	0	0	0	0	0	0	0	cannot fit data	Grass-39	3	28	0.0471111111111111	2024-01-14
I20	0.321845055378202	0.0465688268776523	0.204402019893054	8.6928871621262	3.3910975093231	12.4052126311728	12.4658333333333	0.0100794196734866		08G1B09	3	28	0.332111111111111	2024-01-14
I3	0.116511111111111	0.0261478890164733	0.0322742478585306	514.784671993492	21.4767880447053	3.00376136638866	3.08768333333333	0.00863478361546884		26G3A08	3	28	0.116511111111111	2024-01-14
I4	0.242080709640423	0.0421880368921323	0.259694939787372	5.99027417568715	2.66908235149852	9.99125884389573	10.0124833333333	0.0160651976080656		40G1B01	3	28	0.260811111111111	2024-01-14
I5	0.309081923280221	0.0611493463201791	0.159124334515766	8.79713133799391	4.35600992562999	11.6924893010417	11.7652833333333	0.00667911909783156		Mmlr14-014	3	28	0.312411111111111	2024-01-14
I6	0.355197523952936	0.0599165664746901	0.165341691359944	9.64653411045993	4.19221053600441	13.2299528908776	13.3292333333333	0.0107499582570682		28G3A04	3	28	0.364511111111111	2024-01-14
I7	0.261185334733728	0.0698360086403076	0.191510670193979	5.26315807441003	3.61936585495662	10.7382932133444	10.8156333333333	0.00701422297038073		Grass-36	3	28	0.268311111111111	2024-01-14
I8	0.287474167464194	0.0552883720242925	0.218436261928416	6.56930889266417	3.17322396217848	11.6293049779685	11.6174833333333	0.00582908425455639		Grass-43	3	28	0.296611111111111	2024-01-14
I9	0	0.0462111111111111	0	-0.0846674397777632	0.428782870675723	0.291252779098005	0.401883333333333	0.000129696031728559	questionable fit (k < n0)	Grass-40	3	28	0.0462111111111111	2024-01-14
J1	0.449129835474565	0.0354651350258457	0.210459561728032	11.6721028080848	3.29349341445303	16.1414242258351	16.3069833333333	0.0156209582831439		Salt-16	1	28	0.455611111111111	2024-01-14
J10	0.31813417030949	0.055009960007419	0.191329329792052	8.18019874435594	3.62279626084144	12.353186517598	12.3880333333333	0.00622380306975715		35G3B04	1	28	0.325011111111111	2024-01-14
J11	0.388582105255783	0.0601032794816176	0.167246443467374	10.1551216049374	4.14446589230557	14.3195740966122	14.4520333333333	0.0103293951113009		Wood-3	1	28	0.392111111111111	2024-01-14
J12	0.2839684266726	0.0538227112993804	0.271555911579402	5.35071073859777	2.55250263759135	11.8913051890486	11.9132333333333	0.00721636059860695		33G3A07	1	28	0.297011111111111	2024-01-14
J13	0.332484344021378	0.0521725408531838	0.178964410711937	9.39486370761539	3.8731006785234	12.5203457725904	12.5472833333333	0.0109066501290942		Wood-18	1	28	0.342811111111111	2024-01-14
J14	0.378297261269219	0.0483796760585681	0.194125422447592	9.88929243728704	3.57061518177546	14.1517105507257	14.2317333333333	0.00963578885705933		25G2A02	1	28	0.388111111111111	2024-01-14
J15	0.284586510428361	0.052697636146442	0.224685993457508	6.59448167780368	3.08495945783568	11.5241949843504	11.5380333333333	0.00716826067294275		Napa-18	1	28	0.297411111111111	2024-01-14
J16	0.275489905125861	0.049435746436405	0.200569903830022	7.57890793767529	3.45588828295681	10.86436376918	10.8674333333333	0.00661751263050446		25G3A08	1	28	0.280911111111111	2024-01-14
J17	0.290087016079958	0.0616337372133978	0.19438895894571	6.73969511965005	3.56577443656938	11.6131339365727	11.6676333333333	0.0121045494195593		Pine-20	1	28	0.307411111111111	2024-01-14
J18	0.195020770883392	0.043899097816915	0.161383508600252	7.65996188807504	4.29503105101572	7.56076741710503	7.48103333333333	0.00801423977297108		28G4A10	1	28	0.201911111111111	2024-01-14
J19	0.307078041879101	0.0518718594940424	0.174935436613282	9.10790501241781	3.96230285858112	11.6200572678242	11.6737833333333	0.00874802514427752		02D05	1	28	0.313511111111111	2024-01-14
J2	0.375828584013802	0.0481602794925277	0.177480396203087	10.8038254738368	3.90548587555998	13.6918734963497	13.7450833333333	0.00792740490937593		Napa-12	1	28	0.388011111111111	2024-01-14
J20	0.29387453111877	0.0237225370309883	0.271453249689914	8.96124551310239	2.5534679778258	11.3814024921956	11.4079833333333	0.0121564151588734		23D06	1	28	0.305911111111111	2024-01-14
J3	0.392008584354404	0.0486894784448992	0.193460288642258	10.0961153729221	3.58289127667796	14.5912375004907	14.6785833333333	0.0111626416590276		Wood-21	1	28	0.408911111111111	2024-01-14
J4	0.31822910107555	0.0643861633655339	0.170695955457778	8.03661083329876	4.06071238595573	12.2981076207022	12.3547833333333	0.0100189103483576		Grass-58	1	28	0.330211111111111	2024-01-14
J5	0.304712175971061	0.0546172863433159	0.198104284247924	7.68024769275972	3.49890050682844	11.9826172390918	12.0205333333333	0.0115029857030565		09G1A07	1	28	0.320011111111111	2024-01-14
J6	0.226998007067995	0.0456796635270788	0.262797683256341	5.24586470451771	2.63756960096117	9.5110359878823	9.52658333333333	0.0160063169959765		40G3B03	1	28	0.242311111111111	2024-01-14
J7	0.297271491309867	0.0651988377565332	0.187232733417627	6.78091281572869	3.70206196271175	11.8608559163065	11.9110833333333	0.00894804938014659		09G3B12	1	28	0.309111111111111	2024-01-14
J8	0.372070160874492	0.0676886672394441	0.139044444853532	10.8121044344508	4.98507639978065	13.3143389574684	13.5558833333333	0.0246027585172836		35G2A07	1	28	0.407511111111111	2024-01-14
J9	0.327898463223118	0.0682316557731722	0.178798540890053	7.47484109580371	3.87669371969973	12.8615874295805	12.9070833333333	0.0083177507973113		Salt-11	1	28	0.335811111111111	2024-01-14
K1	0.453427143571782	0.0374972459406997	0.204072933350341	11.7911239013852	3.39656596874603	16.2276710290456	16.4149833333333	0.0177048496894126		Salt-16	2	28	0.467111111111111	2024-01-14
K10	0.332806859307043	0.0612256091865756	0.182155727287961	8.17814420564868	3.80524505531569	12.882838758072	12.9380833333333	0.00910629724102613		35G3B04	2	28	0.343111111111111	2024-01-14
K11	0.421548034577493	0.0542420202052178	0.167636100990916	11.4100687580142	4.13483239268078	15.0834948866115	15.2344333333333	0.0112159733097001		Wood-3	2	28	0.424211111111111	2024-01-14
K12	0.284237551641651	0.0565449446843733	0.272668405361478	5.10862525228815	2.54208836422041	11.9601227795109	11.9833333333333	0.00695562324147581		33G3A07	2	28	0.296611111111111	2024-01-14
K13	0.369495532675327	0.0516447130219154	0.173702045958237	10.4615596978085	3.99043762977092	13.5531560864228	13.6293333333333	0.010810863911624		Wood-18	2	28	0.374511111111111	2024-01-14
K14	0.40014986392772	0.0506089297513888	0.184279072497385	10.486772115301	3.76139933398992	14.7194542688088	14.8106833333333	0.0101288970278451		25G2A02	2	28	0.408511111111111	2024-01-14
K15	0.314576570866184	0.0581443168513711	0.201788964512798	7.35390250296073	3.43501034476038	12.4681479146913	12.4903333333333	0.00624296013033209		Napa-18	2	28	0.328211111111111	2024-01-14
K16	0.304737279197438	0.054838775762672	0.190822402282035	7.94800453398816	3.63242036716149	11.8892708903536	11.9329833333333	0.00767416955374549		25G3A08	2	28	0.310811111111111	2024-01-14
K17	0.316483948656216	0.0726247249931244	0.170777002080004	7.09279155473744	4.05878527036812	12.4650929545157	12.5531333333333	0.0105100283241329		Pine-20	2	28	0.328011111111111	2024-01-14
K18	0.20471988345858	0.0426462876093584	0.180033660067964	7.41589267218544	3.85009770005385	8.04351440058772	7.96778333333333	0.00772365370252798		28G4A10	2	28	0.210211111111111	2024-01-14
K19	0.307129909352985	0.0540149509916291	0.174304543520561	8.86140347662467	3.97664436370922	11.6817279456918	11.7783833333333	0.011507717947252		02D05	2	28	0.322911111111111	2024-01-14
K2	0.361905404475896	0.0583813499346384	0.174592878396114	9.44176183612567	3.97007705541885	13.5922439887582	13.6636833333333	0.00723408415689949		Napa-12	2	28	0.363311111111111	2024-01-14
K20	0.309434083202139	0.0313753712575482	0.24476645672117	8.91384009219534	2.83187161282298	11.9595192381886	11.9913833333333	0.0120021065163579		23D06	2	28	0.325111111111111	2024-01-14
K3	0.390556003525991	0.0505892314191502	0.186468724221924	10.2167757936092	3.71723024036462	14.4677351100538	14.5904833333333	0.0111730756981817		Wood-21	2	28	0.403711111111111	2024-01-14
K4	0.338700507714344	0.068501224961039	0.155517523393492	8.82413835639737	4.45703587245365	12.7816909862326	12.8446333333333	0.00861021203843822		Grass-58	2	28	0.344411111111111	2024-01-14
K5	0.311256437996156	0.0566641034329192	0.202014069742152	7.43771295732668	3.43118269655508	12.3160761504802	12.3317833333333	0.0088589626628533		09G1A07	2	28	0.321711111111111	2024-01-14
K6	0.238889141335238	0.0492632025332786	0.242464192141223	5.55907234446691	2.85876101719887	9.91116923131724	9.91298333333333	0.0148842467197239		40G3B03	2	28	0.263711111111111	2024-01-14
K7	0.304649348828136	0.0671322842723469	0.187197197847542	6.7499643222154	3.70276472367103	12.1624155682423	12.2205333333333	0.00781222296023638		09G3B12	2	28	0.313811111111111	2024-01-14
K8	0.376626924285815	0.0741086682179297	0.136012090702035	10.3417947152179	5.09621738025069	13.5928199655764	13.7787333333333	0.0212104390457492		35G2A07	2	28	0.399311111111111	2024-01-14
K9	0.348733395105607	0.078673601800007	0.144195699374921	8.55320738113454	4.8069892761344	13.1462721694058	13.2724333333333	0.00850996879617775		Salt-11	2	28	0.348611111111111	2024-01-14
L1	0.479207891676684	0.0444012824387945	0.200162816872176	11.3988853606612	3.46291679639276	17.3083329873164	17.4199833333333	0.0151558744843158		Salt-16	3	28	0.496611111111111	2024-01-14
L10	0.371974896307783	0.0515813135370614	0.190589226667313	9.58286442513425	3.63686443709582	14.0001556853154	14.0997333333333	0.0154330109684366		35G3B04	3	28	0.388311111111111	2024-01-14
L11	0.445696537367046	0.0495749074913226	0.181017294187957	11.4808726492088	3.82917656387143	15.9894280757447	16.1237833333333	0.0128312151216053		Wood-3	3	28	0.457411111111111	2024-01-14
L12	0.285980030771317	0.0566074416966883	0.273292443225278	5.11981683828435	2.53628374198615	12.032070189331	12.0552333333333	0.00716986413654913		33G3A07	3	28	0.299311111111111	2024-01-14
L13	0.393073234329895	0.044987030010495	0.187643716183036	10.9040471913635	3.69395359812539	14.3287994593246	14.4360833333333	0.0114672849836982		Wood-18	3	28	0.402311111111111	2024-01-14
L14	0.404032190875114	0.0453119814710866	0.192075427930687	10.771660158586	3.60872386451263	14.7928808342136	14.9075333333333	0.0136914746549835		25G2A02	3	28	0.419411111111111	2024-01-14
L15	0.348256854602644	0.0569164824802018	0.197945535772146	8.24927557585122	3.50170655708964	13.5301814714409	13.5902833333333	0.0110364973049055		Napa-18	3	28	0.360911111111111	2024-01-14
L16	0.329102650629424	0.0577047606731626	0.167071685250979	9.26695803024099	4.1488010342308	12.3704414931892	12.4535333333333	0.00819726569531913		25G3A08	3	28	0.336811111111111	2024-01-14
L17	0.360836194595967	0.0782525616403971	0.155546152479738	8.25499677530328	4.45621553159432	13.7791488621341	13.8115333333333	0.0128609616464982		Pine-20	3	28	0.380711111111111	2024-01-14
L18	0.224623454158964	0.0505693865542162	0.132651139471478	9.31782120259522	5.22533906095079	8.26699918023417	8.13928333333333	0.0109013370275941		28G4A10	3	28	0.241711111111111	2024-01-14
L19	0.336852560675487	0.0492387857746682	0.180348883579632	9.78623678740905	3.84336829151422	12.5791410620245	12.6888333333333	0.0119105559374267		02D05	3	28	0.352711111111111	2024-01-14
L2	0.379882395676762	0.0612007121989692	0.161600442937296	10.2105779568247	4.28926535076949	13.9478131063385	14.0256333333333	0.00818204727073825		Napa-12	3	28	0.392011111111111	2024-01-14
L20	0.312477262476131	0.036143558662408	0.214185407108997	9.49696099985239	3.2362017091445	11.8523736714829	11.8844833333333	0.0114387805362055		23D06	3	28	0.326411111111111	2024-01-14
L3	0.396678545720344	0.0509277317692756	0.185477141407351	10.3263976709239	3.73710299447431	14.6524101891849	14.8415833333333	0.0142035501310298		Wood-21	3	28	0.406111111111111	2024-01-14
L4	0.342592633684048	0.0713009971829451	0.158673373523238	8.42160249679716	4.36839001509243	13.059485966395	13.1130333333333	0.00966267229365268		Grass-58	3	28	0.357211111111111	2024-01-14
L5	0.340977670438879	0.0606382410687026	0.184481577022812	8.29934027375035	3.75727046432519	13.1763301297302	13.2193333333333	0.00842020194112471		09G1A07	3	28	0.341911111111111	2024-01-14
L6	0.251137311495607	0.0465797765759537	0.251095349318104	5.89291206070939	2.76049390178797	10.3695016134924	10.3916833333333	0.0139155377191998		40G3B03	3	28	0.264111111111111	2024-01-14
L7	0.307489374751964	0.0631092704023367	0.170818135906325	7.92572249956356	4.05780789541025	11.9108186189396	11.9785333333333	0.00786125368799579		09G3B12	3	28	0.308911111111111	2024-01-14
L8	0.384735852379721	0.0655344205518778	0.152048463318351	10.4127776596205	4.55872532633671	13.9969740153941	14.1375333333333	0.0195451506798744		35G2A07	3	28	0.402811111111111	2024-01-14
L9	0.367964034172835	0.0685960928915091	0.163777607230123	8.99657673871037	4.23224635090685	13.8921054616047	14.0086333333333	0.0109088333508213		Salt-11	3	28	0.371211111111111	2024-01-14
A1	0.522671162589052	0.0156131404498937	0.295671849592057	11.7715384393663	2.34431239063269	18.8820011061267	19.15505	0.0307273959798195		Desert-26	1	30	0.548816666666667	2024-01-14
A10	0.447924955669497	0.0392711805816101	0.251852251753954	9.30060118273372	2.75219767039095	17.1713378645424	17.25285	0.0330918373345406		23G3A10	1	30	0.478516666666667	2024-01-14
A11	0.424465831625689	0.0373867752849499	0.256999878252021	9.09460318865913	2.69707201915569	16.3618032104174	16.4137	0.0345012528167489		23G3A03	1	30	0.462616666666667	2024-01-14
A12	0.411191344869446	0.0599270902490006	0.218365809900909	8.09838381924112	3.17424774910727	16.1108927327114	16.1717	0.0245485833019299		23G3A08	1	30	0.445816666666667	2024-01-14
A13	0.466772026633132	0.0600495229016152	0.218928943459694	8.73781926768538	3.16608288336054	18.0332747634636	18.14295	0.029481018380336		23G4A03	1	30	0.495916666666667	2024-01-14
A14	0.450047594544251	0.0656134698192977	0.210802863819095	8.38694222478915	3.28812981001427	17.4918428538873	17.5776	0.0269399805035944		23G1B09	1	30	0.492716666666667	2024-01-14
A15	0.449611014917598	0.0352631164956912	0.257775352511587	9.55820008419411	2.68895832672283	17.1414828627632	17.2577	0.030862476074074		23G2A11	1	30	0.490016666666667	2024-01-14
A16	0.438574627925085	0.043555069753807	0.237253492001895	9.29347404182745	2.92154680089771	16.7825417303366	16.88915	0.0240325124230907		23G2B11	1	30	0.468716666666667	2024-01-14
A17	0.432782335689545	0.0745834964398151	0.182788150020024	8.58463195537345	3.79207941260969	16.6121966305996	16.7245	0.0145003182812143		26G3B01	1	30	0.455416666666667	2024-01-14
A18	0.418892339870383	0.0594770423541704	0.220507089162172	8.15796058535448	3.14342356607941	16.3989077633797	16.41575	0.0158185082172439		26G3B10	1	30	0.442216666666667	2024-01-14
A19	0.4601514178603	0.0464442892706489	0.221362130244986	9.87930857044191	3.13128166860711	17.320569025066	17.39945	0.0151926187562512		02G2A03	1	30	0.474916666666667	2024-01-14
A2	0.449279062435556	0.039874567780514	0.254825865166119	9.13943695865471	2.72008173153102	17.2954636571919	17.3134	0.0221351910925699		Grass-59	1	30	0.476616666666667	2024-01-14
A20	0.468851230266659	0.0264755716176959	0.269881877652382	10.4339608496506	2.56833540135935	17.5119730365022	17.75475	0.0402349329854179		02G1B04	1	30	0.516516666666667	2024-01-14
A21	0.464794128122305	0.0425405805236138	0.246382013909635	9.31540198358293	2.81330268212748	17.7994305078605	17.8898	0.0325354483816848		25D05	1	30	0.505616666666667	2024-01-14
A22	0.320139363647676	0.0916612728998173	0.0887619037237843	10.2897788161856	7.80906167489299	10.9806306397617	10.8222	0.0132745544504614		35D02	1	30	0.328816666666667	2024-01-14
A3	0.441064541302338	0.0482674136529269	0.254198009139436	8.24765152036904	2.72680019370148	17.332325190731	17.29995	0.00950942716048114		Grass-45	1	30	0.452716666666667	2024-01-14
A4	0.460588649903714	0.0499159179356267	0.224506118910718	9.38707900857885	3.0874311307105	17.5496934270538	17.5924	0.01375020524925		Grass-44	1	30	0.479016666666667	2024-01-14
A5	0.444958867829176	0.0481708413547567	0.234548644185371	8.99023876351884	2.95523848780865	17.1405733511852	17.16375	0.0131335416614416		Grass-42	1	30	0.454416666666667	2024-01-14
A6	0.495690487315093	0.0550151323351615	0.231844356134055	8.97455604173783	2.98970909673195	19.0932678647718	19.099	0.0178419805981589		Grass-53	1	30	0.516316666666667	2024-01-14
A7	0	0.0455166666666667	0	-0.0619513394398684	0.277907417363198	0.317878464807664	0.42915	0.0000674201055069822	questionable fit (k < n0)	Grass-54	1	30	0.0455166666666667	2024-01-14
A8	0.462500977014394	0.0517341582875432	0.24764707623665	8.36637148604404	2.79893141115698	18.1091559097062	18.09495	0.0248481867790038		Grass-57	1	30	0.488316666666667	2024-01-14
A9	0.467038778687215	0.0297732336200415	0.247555630741979	10.8538467410062	2.79996531883533	17.224611979442	17.42995	0.0274485246333071		23G3B01	1	30	0.496516666666667	2024-01-14
B1	0.4856747074519	0.0200041920611385	0.273138674376311	11.5235840844258	2.53771159336073	17.640967136114	17.8898	0.0284261038395276		Desert-26	2	30	0.510416666666667	2024-01-14
B10	0.413693410642754	0.0539566446786019	0.209553564061258	9.05349292944931	3.30773272058174	15.8365820918501	15.924	0.0132293292214821		23G3A10	2	30	0.434516666666667	2024-01-14
B11	0.417310472398772	0.0493468967022954	0.225546991053373	8.9077183620935	3.07318300866147	16.0810494834911	16.19695	0.0271803095447194		23G3A03	2	30	0.444916666666667	2024-01-14
B12	0.389953311333696	0.0535822333398095	0.225406474946939	8.14971000366728	3.07509879972664	15.2842548435152	15.3654	0.0202080247414983		23G3A08	2	30	0.416016666666667	2024-01-14
B13	0.440265258647459	0.074644261088817	0.194512200031468	8.16845229948988	3.56351519569368	17.1169228027946	17.2456	0.0192951207765858		23G4A03	2	30	0.460616666666667	2024-01-14
B14	0.439148316224466	0.0729862329016294	0.190930507965512	8.44707988362862	3.63036367496152	16.9527474489082	17.1412	0.0242591999306186		23G1B09	2	30	0.463116666666667	2024-01-14
B15	0.425258747745754	0.0539517817184453	0.216924048260056	8.89222942840273	3.19534503490815	16.3653616415557	16.44405	0.0115691683137877		23G2A11	2	30	0.445216666666667	2024-01-14
B16	0.410337921108973	0.0546922954467621	0.211500111504928	8.85206130522294	3.27728990603296	15.7868473164041	15.93505	0.0233266601272618		23G2B11	2	30	0.438216666666667	2024-01-14
B17	0.392405645006217	0.0683418975423627	0.205787219438722	7.56323565482168	3.3682712777328	15.5031912060823	15.58625	0.0123883820841657		26G3B01	2	30	0.411216666666667	2024-01-14
B18	0.390568401672292	0.0487237615303364	0.240168165447643	8.11177257443501	2.88609099906313	15.3625038927051	15.3809	0.0217364320901634		26G3B10	2	30	0.418216666666667	2024-01-14
B19	0.436299198080657	0.0624846540263984	0.201577340494384	8.87420583838301	3.43861655709887	16.7368135949831	16.80565	0.0116729254705365		02G2A03	2	30	0.455316666666667	2024-01-14
B2	0.447938719697462	0.0532178674743516	0.228142888104223	8.78302468135058	3.0382151568244	17.3187293550542	17.3114	0.0138211820877441		Grass-59	2	30	0.469816666666667	2024-01-14
B20	0.447752530220571	0.0396044847683909	0.233506079811893	9.98983668173557	2.96843311796562	16.8418318664192	17.00745	0.0282525603917039		02G1B04	2	30	0.472416666666667	2024-01-14
B21	0.471062904487344	0.0512178942228799	0.23500972002055	8.95195591178697	2.94944047633151	18.1635692379834	18.2751	0.0310712220566188		25D05	2	30	0.503516666666667	2024-01-14
B22	0.290093486046663	0.0750395116123865	0.12202373227791	8.62843829256733	5.68042927076919	10.7292604426618	10.639	0.00980761978249257		35D02	2	30	0.297916666666667	2024-01-14
B3	0.414632713531824	0.0571075145972106	0.231408675986322	7.92654003228301	2.99533791291782	16.3504171804258	16.3244	0.00843233323643329		Grass-45	2	30	0.430716666666667	2024-01-14
B4	0.434257863446503	0.0550575766771337	0.22389968823192	8.61852490963025	3.09579341549582	16.839054066984	16.83695	0.011803729621869		Grass-44	2	30	0.447016666666667	2024-01-14
B5	0.41518199172864	0.0588598012963512	0.222147621308234	8.10576756721157	3.12020977977608	16.2779040029291	16.2705	0.0104022704814878		Grass-42	2	30	0.421716666666667	2024-01-14
B6	0.460201069836162	0.0586980370071079	0.236062348916549	8.1453430026434	2.93628858537276	18.0753109843857	18.0883	0.0186569854605495		Grass-53	2	30	0.479616666666667	2024-01-14
B7	0	0	0	0	0	0	0	0	cannot fit data	Grass-54	2	30	0.0458166666666667	2024-01-14
B8	0.431663263301883	0.0640125740160314	0.217418756810945	8.04003190000917	3.18807443629469	16.9309033005262	16.97945	0.0168128166652786		Grass-57	2	30	0.462916666666667	2024-01-14
B9	0.435177060230218	0.0453682500909274	0.214277519125823	10.0376552523632	3.23481055496508	16.2973414574724	16.31585	0.00878837879599		23G3B01	2	30	0.451216666666667	2024-01-14
C1	0.500867510982572	0.0202231763474682	0.268859867721098	11.7841993443278	2.57809834705038	18.0626490085734	18.3069	0.0270868734159241		Desert-26	3	30	0.536516666666667	2024-01-14
C10	0.372261368188842	0.0529495121044896	0.205611701213547	8.73894511926317	3.37114656641086	14.3381563929979	14.38285	0.0119148204643466		23G3A10	3	30	0.388716666666667	2024-01-14
C11	0.394953242535062	0.0456855943040815	0.223830640128447	9.08747570212534	3.09674841729523	15.1520084893489	15.2587	0.0204523855225334		23G3A03	3	30	0.421216666666667	2024-01-14
C12	0.358948820893851	0.0558815751010982	0.208740016388229	8.09964482254673	3.32062434675095	14.0316015362971	14.083	0.0128455698228289		23G3A08	3	30	0.381416666666667	2024-01-14
C13	0.418870688390838	0.0671297726481133	0.191340027695586	8.65614601666232	3.62259370873885	16.0987922866811	16.19325	0.0136232751804845		23G4A03	3	30	0.441016666666667	2024-01-14
C14	0.41457624730376	0.0723355520544244	0.179668408167173	8.65037184159684	3.85792464925167	15.8729455005929	16.0324	0.0182334162933968		23G1B09	3	30	0.437316666666667	2024-01-14
C15	0.386522181320281	0.0522436506361015	0.210759620072691	8.80650764356314	3.2888044698547	14.8833120896063	14.92745	0.0105955201706379		23G2A11	3	30	0.400116666666667	2024-01-14
C16	0.379699092269801	0.0435027506757841	0.213664662446237	9.57046965954157	3.24408899732944	14.3758987715947	14.4776	0.0161052672918103		23G2B11	3	30	0.403516666666667	2024-01-14
C17	0.339730192264935	0.0597054110592058	0.207153050797241	7.46045227821896	3.34606310596115	13.4559098361843	13.47835	0.00955060420747148		26G3B01	3	30	0.356116666666667	2024-01-14
C18	0.347147685437865	0.0488815949902295	0.232032829507755	7.79452230025679	2.98728064485711	13.7303146389728	13.73125	0.0204760873427138		26G3B10	3	30	0.369816666666667	2024-01-14
C19	0.396620825772029	0.0494785551631891	0.210539431899832	9.2533514193352	3.29224399584076	15.1172543646599	15.1589	0.00977441002847317		02G2A03	3	30	0.414016666666667	2024-01-14
C2	0.421190735444342	0.0621902106797501	0.211054801357488	8.30649782029171	3.28420474730581	16.4001659734611	16.4076	0.0100291152176701		Grass-59	3	30	0.436416666666667	2024-01-14
C20	0.41838883713058	0.0505046887363687	0.214083689889606	9.27535347156169	3.23773932015733	15.9510397991715	16.0622	0.0209631767957897		02G1B04	3	30	0.443616666666667	2024-01-14
C21	0.461071197064461	0.0458025991888067	0.236689552538485	9.314245900029	2.92850771453988	17.633279263398	17.7581	0.0299675808769978		25D05	3	30	0.492316666666667	2024-01-14
C22	0.274207110486909	0.0727947467167379	0.117352087683667	8.67228351451186	5.90656028573079	10.0860435009508	9.9877	0.00910768368000771		35D02	3	30	0.282116666666667	2024-01-14
C3	0.393807821595849	0.051629145543979	0.221073922445092	8.55481585147392	3.13536383167083	15.283781120856	15.2872	0.00830289937252942		Grass-45	3	30	0.407916666666667	2024-01-14
C4	0.395557230818923	0.0564749442470854	0.204900069641612	8.74790203425206	3.3828547826866	15.2296746647936	15.2488	0.0099914091822248		Grass-44	3	30	0.402616666666667	2024-01-14
C5	0.378172255840259	0.0572429503493075	0.224259343654255	7.68715515625901	3.09082854370868	14.9686259658286	14.97255	0.00682811546439825		Grass-42	3	30	0.388916666666667	2024-01-14
C6	0.423921621537862	0.0574338629417342	0.231143080618704	8.01811172059944	2.99877971127056	16.682361317648	16.7111	0.0175466004483476		Grass-53	3	30	0.440916666666667	2024-01-14
C7	0	0.0463166666666667	0	-0.138388943620288	1.17983307239585	0.18929766641481	0.302	0.0000371464454398125	questionable fit (k < n0)	Grass-54	3	30	0.0463166666666667	2024-01-14
C8	0.403117616489214	0.0728803599043972	0.19640882453165	7.69309712956912	3.52910406247173	15.8398791016702	15.88655	0.0126063026440507		Grass-57	3	30	0.431216666666667	2024-01-14
C9	0.396569610517061	0.0480497034771148	0.199834254419168	9.91551419514562	3.46861043705757	14.8478225396392	14.9237	0.0138279781173915		23G3B01	3	30	0.418016666666667	2024-01-14
D1	0.461467885516377	0.0502559411992662	0.228959840943123	9.18056188261233	3.02737448499596	17.6818079156232	17.7396	0.0128550059914158		19G2B10	1	30	0.471416666666667	2024-01-14
D10	0.386353343989665	0.0485058132119421	0.21153384556736	9.17541609159538	3.27676726483575	14.7554724979467	14.7821	0.011865042950242		35G3B01	1	30	0.401516666666667	2024-01-14
D11	0.395064044790739	0.0491185938893185	0.199796384055274	9.77016405030122	3.46926789409855	14.8416616954339	14.89525	0.010476653185012		Grass-34	1	30	0.410716666666667	2024-01-14
D12	0.34995345931907	0.0529389573528549	0.192069709291572	8.97924753684275	3.60883130982258	13.3576150198824	13.3515	0.00883157624794846		Grass-31	1	30	0.361516666666667	2024-01-14
D13	0.320477300750809	0.0552629727482473	0.187742520690195	8.35418191113849	3.69200955655512	12.3834936466426	12.3686	0.00617629237306253		S.11	1	30	0.330616666666667	2024-01-14
D14	0.344586570642667	0.0406703062850933	0.229344401672625	8.76957951329705	3.02229823577455	13.3297601480431	13.337	0.00862961369302074		Mcba15-007	1	30	0.355016666666667	2024-01-14
D15	0.38194158315613	0.05705959034809	0.211617283620461	8.21939409268462	3.27547527641038	14.902227971136	14.9147	0.0104327816869302		35G3B11	1	30	0.400616666666667	2024-01-14
D16	0.403054011624409	0.058439780452134	0.204530747347495	8.67560899200692	3.38896322215211	15.5417977356584	15.58015	0.0101256587642124		35G3B02	1	30	0.424116666666667	2024-01-14
D17	0.367909549030403	0.0478184759810955	0.218775238204701	8.69016750966036	3.16830728307282	14.2286296393999	14.27275	0.0134248697577794		35G3B09	1	30	0.386716666666667	2024-01-14
D18	0.327742368540509	0.0393714264473335	0.25352675394638	7.85403227720181	2.73401986090408	12.9921394617364	13.0198	0.0148050433219008		26G1A06	1	30	0.349916666666667	2024-01-14
D19	0.375479326393471	0.0516834676474261	0.201107805659082	9.12433652160352	3.44664483950946	14.3212665145698	14.386	0.0145107786658089		Mmlr14-002	1	30	0.407916666666667	2024-01-14
D2	0.432680469295321	0.0304588479860416	0.24014077898969	10.7463077206441	2.88642013853759	15.9876565941979	16.08875	0.0127864887615114		12G2A10	1	30	0.442716666666667	2024-01-14
D20	0.362525679992251	0.0629963042181537	0.17287235487486	9.01900384897088	4.00958950933308	13.7337989909079	13.72375	0.00876155219933561		Mcba15-009	1	30	0.378016666666667	2024-01-14
D3	0.405470790915136	0.0185204721529332	0.234930808389067	12.9375095894278	2.95043117296063	14.1365814209223	14.18095	0.0121068871609917		41G1B04	1	30	0.427916666666667	2024-01-14
D4	0.330331203712192	0.0525630375456643	0.234010024111934	7.11411262388251	2.96204055014495	13.2613382287781	13.22965	0.0111147514008214		Mcba15-003	1	30	0.346616666666667	2024-01-14
D5	0.425319268473307	0.059180379444356	0.195852422395307	9.30508113558009	3.53912998411071	16.1334349096794	16.20445	0.0141637729268496		19G3B08	1	30	0.438816666666667	2024-01-14
D6	0.366919478392976	0.0527598206918229	0.231901108862755	7.69358715087506	2.98897743076411	14.5437197934986	14.5508	0.0116807994957653		19G4A01	1	30	0.382616666666667	2024-01-14
D7	0.30842306291717	0.0526541675163494	0.221699614920703	7.1291458689466	3.12651504066828	12.3452500686436	12.31945	0.00811078679618825		Mcba15-005	1	30	0.323816666666667	2024-01-14
D8	0.400764597365611	0.0602938943253504	0.193217904764143	8.95930550207541	3.58738586574602	15.3090449403539	15.34435	0.0142759824299124		Mmlr14-006	1	30	0.418216666666667	2024-01-14
D9	0.402260923019023	0.0390891193164182	0.215336053372096	10.351410392816	3.21890909443855	14.954156916684	15.0022	0.0172797791332867		35G1B04	1	30	0.422816666666667	2024-01-14
E1	0.453054515003105	0.0495057821016098	0.227685549444517	9.2153752757617	3.04431784208973	17.3415871214373	17.41035	0.0132200199073828		19G2B10	2	30	0.466816666666667	2024-01-14
E10	0.359119443738954	0.0631716648852423	0.196536630330454	7.85770649052439	3.52680912150827	14.0630429372517	14.0719	0.00844242171298902		35G3B01	2	30	0.373416666666667	2024-01-14
E11	0.368049069224507	0.0497424231735184	0.200833633296069	9.24226201286125	3.45135010099681	13.9994159025729	14.01595	0.0105648052174976		Grass-34	2	30	0.379216666666667	2024-01-14
E12	0.345364723123412	0.0637944153029118	0.169173056401729	8.77631791517851	4.09726699572038	13.1322441378739	13.1429	0.0076951461740852		Grass-31	2	30	0.355916666666667	2024-01-14
E13	0.3032158049938	0.0544906292709599	0.187827235764112	8.08359779075409	3.69034436214807	11.7843856325872	11.78245	0.00543962742832735		S.11	2	30	0.308616666666667	2024-01-14
E14	0.325265305439667	0.039463969667245	0.225924180190983	8.7635986652677	3.06805221102938	12.5762253262723	12.5822	0.00901393508068152		Mcba15-007	2	30	0.338016666666667	2024-01-14
E15	0.370043273284234	0.0624772674631855	0.192868287601982	8.26412142252643	3.59388880970612	14.3500821343498	14.3516	0.0103271212465958		35G3B11	2	30	0.381616666666667	2024-01-14
E16	0.381909811809854	0.0635843949709711	0.196027560201874	8.21673290800267	3.53596800289778	14.8396236753718	14.89665	0.00797726890796615		35G3B02	2	30	0.396116666666667	2024-01-14
E17	0.363094933968112	0.0548599407294764	0.215057193266105	8.02613958546138	3.22308298566078	14.2380607912345	14.26845	0.00935474540379573		35G3B09	2	30	0.376116666666667	2024-01-14
E18	0.319857432264487	0.0517340293370525	0.216159592842593	7.6116518305261	3.20664547635734	12.6576869231952	12.7193	0.0115272973592758		26G1A06	2	30	0.336416666666667	2024-01-14
E19	0.366930469688054	0.0600130322143108	0.182942971403587	8.92090591607831	3.78887024323448	13.9826782402629	14.06585	0.0129617460662108		Mmlr14-002	2	30	0.391516666666667	2024-01-14
E2	0.433528998720395	0.0342849842642607	0.234940025042461	10.4489020668227	2.95031542809563	16.1277372452818	16.2326	0.0121069062019869		12G2A10	2	30	0.440116666666667	2024-01-14
E20	0.353279768890155	0.0627737210401	0.18583520448272	8.24433598563194	3.72990242881777	13.6741362195942	13.67165	0.00775049342008095		Mcba15-009	2	30	0.365416666666667	2024-01-14
E3	0.3998037199673	0.0171001816541997	0.251053887736504	12.3804955962433	2.76094979770815	14.1714053656738	14.2274	0.0123632996693276		41G1B04	2	30	0.417816666666667	2024-01-14
E4	0.310516646969307	0.053628860413642	0.226485083030433	6.91679989107329	3.06045400997472	12.4971985393119	12.4428	0.0122902129368714		Mcba15-003	2	30	0.325216666666667	2024-01-14
E5	0.40458303305989	0.0485005134846581	0.193307651763953	10.3130326045522	3.58572034906483	14.9816840269144	15.0281	0.0112285246339278		19G3B08	2	30	0.417016666666667	2024-01-14
E6	0.333813532333028	0.0531011922053048	0.21535380473969	7.73207172411419	3.21864376344682	13.1736920053928	13.2057	0.0135198484983972		19G4A01	2	30	0.350016666666667	2024-01-14
E7	0.286122188693708	0.0521946368186717	0.199719650935535	7.51068663673526	3.47060080123852	11.2967914285561	11.2607	0.00879943151368582		Mcba15-005	2	30	0.293516666666667	2024-01-14
E8	0.361142821920695	0.0591659903006896	0.187109368669883	8.71150077029758	3.704502802224	13.844655230688	13.87725	0.0102534807884467		Mmlr14-006	2	30	0.371116666666667	2024-01-14
E9	0.38490447179697	0.0346775419514538	0.215521292912437	10.7297474542058	3.21614245717039	14.1774508031913	14.25435	0.0111299164562071		35G1B04	2	30	0.393516666666667	2024-01-14
F1	0.45476176983816	0.0498212456301617	0.232481052748483	9.01277186080108	2.981521170716	17.5031514335612	17.5634	0.011857613362161		19G2B10	3	30	0.463816666666667	2024-01-14
F10	0.342950251272335	0.0695182631787715	0.19696208205143	6.95292924737159	3.51919096985861	13.6832016018108	13.67885	0.0104179561687657		35G3B01	3	30	0.355716666666667	2024-01-14
F11	0.365976934246794	0.0698696404619552	0.177938919570796	8.11565364336086	3.89542199217503	14.1627317286231	14.2511	0.0119918792400988		Grass-34	3	30	0.379616666666667	2024-01-14
F12	0.327685567383151	0.0604294945494366	0.182388207498646	8.15145884347196	3.80039471885863	12.6928049889453	12.70915	0.00774506525953671		Grass-31	3	30	0.335116666666667	2024-01-14
F13	0.285518202121235	0.0570532101727943	0.173791644986539	7.98311476028816	3.98838034252816	11.0608814646939	11.05545	0.00704491762412974		S.11	3	30	0.296016666666667	2024-01-14
F14	0.318608504676397	0.0448354217868366	0.214755130546135	8.42494939300223	3.2276163963917	12.3842434490705	12.3981	0.00740269716704535		Mcba15-007	3	30	0.328716666666667	2024-01-14
F15	0.34405387490724	0.0630624465339934	0.205733574504583	7.26278497891753	3.36914955290637	13.677576941581	13.69105	0.00836139104270375		35G3B11	3	30	0.352616666666667	2024-01-14
F16	0.377771803552456	0.0776236904163983	0.178790962981955	7.5641596826244	3.87685803017853	14.7910485442545	14.8813	0.0103378241936756		35G3B02	3	30	0.391316666666667	2024-01-14
F17	0.351274068406582	0.0611779362261842	0.206663460647884	7.53120918478777	3.35399000087847	13.8907805816275	13.91505	0.00692661228861254		35G3B09	3	30	0.363116666666667	2024-01-14
F18	0.310470687929069	0.0645553880178904	0.199072907376646	6.71846109398089	3.48187601062415	12.4535860287438	12.51325	0.0114395791770713		26G1A06	3	30	0.321416666666667	2024-01-14
F19	0.354358851335598	0.0539465175916791	0.200872514222113	8.54852065063564	3.45068205694635	13.6892707431165	13.744	0.0123887452908694		Mmlr14-002	3	30	0.378216666666667	2024-01-14
F2	0.447030365055823	0.0337410666669564	0.242719622621825	10.3223303913549	2.85575254720925	16.6987203579103	16.79775	0.0134104907416506		12G2A10	3	30	0.452116666666667	2024-01-14
F20	0.336347420081687	0.0508441609636963	0.188869035158083	9.13589755885182	3.66998846571001	12.7811302277034	12.7866	0.00762634100144304		Mcba15-009	3	30	0.351516666666667	2024-01-14
F3	0.39995535688249	0.0114705410748282	0.278712344268435	12.6383780778196	2.48696261509091	14.1013881996207	14.22615	0.0135170144875636		41G1B04	3	30	0.418816666666667	2024-01-14
F4	0.305888693766615	0.0590169982071503	0.224396790950621	6.37728925093142	3.08893535252238	12.4398395822244	12.3882	0.0110004427752199		Mcba15-003	3	30	0.319816666666667	2024-01-14
F5	0.393074975448842	0.0581578882046875	0.179099378757242	9.77513986987723	3.87018193680873	14.676154571088	14.74075	0.0115860765205819		19G3B08	3	30	0.408816666666667	2024-01-14
F6	0.32124983005777	0.0499832541514611	0.229963787651413	7.35513185460022	3.01415795782004	12.8210293143511	12.81375	0.0107465775091543		19G4A01	3	30	0.339016666666667	2024-01-14
F7	0.282201583300629	0.0625929004238079	0.204638382919736	6.13372413592503	3.3871806973368	11.4691672607747	11.48985	0.00792867659147879		Mcba15-005	3	30	0.292316666666667	2024-01-14
F8	0.349709023148205	0.0737430420156957	0.16918889378806	7.80010393464759	4.09688345990511	13.5710553847142	13.66085	0.0125332050588323		Mmlr14-006	3	30	0.358816666666667	2024-01-14
F9	0.379130607877834	0.047500102258454	0.201795163762274	9.63001052247547	3.43490481950555	14.2965588058845	14.38675	0.0173808049744799		35G1B04	3	30	0.394416666666667	2024-01-14
G1	0.487253484880344	0.00445627154552112	0.299874271799154	15.6241622502156	2.31145932060551	15.7604096446418	16.02075	0.0139615645179925		26G1B06	1	30	0.501916666666667	2024-01-14
G10	0.350532675208431	0.0510909867589789	0.206296233994848	8.57171054817768	3.35996041778085	13.5537246174298	13.59525	0.0118124657185005		23G3B07	1	30	0.363716666666667	2024-01-14
G11	0	0	0	0	0	0	0	0	cannot fit data	23G3B06	1	30	0.310816666666667	2024-01-14
G12	0.357965518000685	0.0628687527701832	0.189563432640504	8.1569215896886	3.65654478242361	13.8987318404069	13.95825	0.0107919389360958		Grass-55	1	30	0.373616666666667	2024-01-14
G13	0.330170597393795	0.059484648332498	0.174892972822627	8.66381877346571	3.96326490065969	12.614570650042	12.67175	0.00922198274664002		Grass-51	1	30	0.342416666666667	2024-01-14
G14	0.32303449382479	0.0445216192385528	0.192425932518106	9.5282863688892	3.60215055990296	12.1797638209306	12.2127	0.0133015067917276		Salt-6	1	30	0.336916666666667	2024-01-14
G15	0.276092013237257	0.050700830607771	0.25815668846211	5.77902977335161	2.68498633403287	11.4398995476011	11.4274	0.00911612023834492		23G3B05	1	30	0.291916666666667	2024-01-14
G16	0.287583754535389	0.045907181335776	0.212144977777973	7.82945141736624	3.26732778602651	11.3169094427669	11.3087	0.0110831642905676		08G4A02	1	30	0.297216666666667	2024-01-14
G17	0.317443511503146	0.0847073703408198	0.173583074765864	5.82258815835726	3.99317261486979	12.8225145453959	12.9551	0.0108666591874342		Salt-5	1	30	0.326416666666667	2024-01-14
G18	0.356334130172802	0.0622430814157821	0.213897842099974	7.25973673481817	3.24055247007108	14.1975997357624	14.2457	0.0137587113843303		23G3B08	1	30	0.377016666666667	2024-01-14
G19	0.3961332927899	0.0372692940568137	0.222797665838102	10.1651590585296	3.11110611483528	14.812349366737	14.873	0.0176543778668946		Wood-51	1	30	0.430516666666667	2024-01-14
G2	0	0.0454166666666667	0	-0.138132108683694	0.972055280483309	0.21862907026839	0.3288	0.000127320645589049	questionable fit (k < n0)	Grass-39	1	30	0.0454166666666667	2024-01-14
G20	0.353911748654653	0.0421593833964701	0.2387688158543	8.37945225637036	2.90300547866733	13.8342883191503	13.85115	0.0142058886047309		08G1B09	1	30	0.372116666666667	2024-01-14
G3	0.281626812358742	0.0166527684786246	0.0672876982797701	41.1227529951339	10.3012467104754	3.72545908303557	3.87675	0.0107860752741352		26G3A08	1	30	0.162316666666667	2024-01-14
G4	0.2547254822792	0.039044627222408	0.294393785793996	5.80547075031028	2.35448985001667	10.6040585526918	10.5403	0.0112103445828098		40G1B01	1	30	0.269016666666667	2024-01-14
G5	0.334665045848546	0.061543863305051	0.182833417792147	8.15039975584583	3.79114053070946	12.9655505520825	13.0042	0.0090140691134904		Mmlr14-014	1	30	0.346316666666667	2024-01-14
G6	0.362714843251268	0.072312492315291	0.175585832755647	7.91789666583826	3.9476258971563	14.0808701251543	14.17805	0.00953165583097527		28G3A04	1	30	0.374416666666667	2024-01-14
G7	0.318414625770149	0.0670775005609292	0.17899661160529	7.37972902798816	3.87240392063075	12.5145131852867	12.53905	0.00745383961426558		Grass-36	1	30	0.330516666666667	2024-01-14
G8	0.329332365816278	0.0688516875286358	0.177041889201186	7.51558830348834	3.91515919586845	12.8979735128621	13.00365	0.0101034746513796		Grass-43	1	30	0.341616666666667	2024-01-14
G9	0	0.0466166666666667	0	-0.131909719368204	1.12796260139647	0.18930196449882	0.30395	0.0000458121610169143	questionable fit (k < n0)	Grass-40	1	30	0.0466166666666667	2024-01-14
H1	0.470401789154166	0.00341025992236138	0.313780665844427	15.6782209433408	2.20901813276032	15.1933738705403	15.48885	0.0135290367290077		26G1B06	2	30	0.478616666666667	2024-01-14
H10	0.348369462330591	0.0539072661189295	0.200045188457228	8.48750907588043	3.46495302339225	13.4728270106336	13.5209	0.0109637270996417		23G3B07	2	30	0.355716666666667	2024-01-14
H11	0.279611884268572	0.00000349871938027186	0.362173793814548	31.1694232513057	1.91385238909603	4.70775688680868	4.8553	0.0107024067369658		23G3B06	2	30	0.284816666666667	2024-01-14
H12	0.341122757780483	0.0596896664381149	0.204946533745162	7.56653840828438	3.38208784453916	13.4730404398469	13.49425	0.00874396643028319		Grass-55	2	30	0.350416666666667	2024-01-14
H13	0.346879165632602	0.0516001179820582	0.184892770327838	9.43464079975984	3.74891446177646	13.0768624479285	13.10215	0.0089674048697299		Grass-51	2	30	0.361816666666667	2024-01-14
H14	0.315002414056369	0.039749320150691	0.20716043139677	9.3410612490672	3.34594389423903	11.9730557602445	11.96725	0.0108729582322161		Salt-6	2	30	0.332016666666667	2024-01-14
H15	0.291089467685803	0.056585549593317	0.207882230758192	6.83905808481517	3.33432625786189	11.6791076385956	11.6879	0.00788453466671178		23G3B05	2	30	0.299116666666667	2024-01-14
H16	0.277410369597954	0.0446620555874494	0.213438715491793	7.73446089998894	3.2475232010408	10.9421657659722	10.935	0.0109750996646647		08G4A02	2	30	0.289516666666667	2024-01-14
H17	0.319007808370528	0.0752271818367781	0.172385428490359	6.82050758790552	4.02091514712168	12.640408323506	12.741	0.00980505134355184		Salt-5	2	30	0.329116666666667	2024-01-14
H18	0.3434004276171	0.0706135147664019	0.208312427244929	6.48770414615182	3.32744037274819	13.8761374238163	13.92535	0.0142703378826776		23G3B08	2	30	0.362516666666667	2024-01-14
H19	0.393846269221635	0.038997249679976	0.217734030998937	10.1417370045353	3.183458173166	14.7222067556594	14.7902	0.0179768579880862		Wood-51	2	30	0.428716666666667	2024-01-14
H2	0	0.0459166666666667	0	-0.123390428399219	1.00103284882602	0.194077219437996	0.30765	0.0000590058500184091	questionable fit (k < n0)	Grass-39	2	30	0.0459166666666667	2024-01-14
H20	0.351668894891345	0.0394372222943832	0.243917960488762	8.4825051418063	2.84172259874189	13.7256791314868	13.73975	0.0142615270235137		08G1B09	2	30	0.366016666666667	2024-01-14
H3	0.0930166666666667	0.0259213261238748	0.0241243892508274	715.651717071816	28.732216735235	2.34610474785541	2.3638	0.0099481805797727		26G3A08	2	30	0.0930166666666667	2024-01-14
H4	0.252805640957018	0.0395907614581406	0.302815470344783	5.56016733451203	2.28900848351881	10.5868391402632	10.525	0.010225514846665		40G1B01	2	30	0.263616666666667	2024-01-14
H5	0.33090792525908	0.050116789904905	0.201321404029505	8.5597208648457	3.44298801163915	12.7817462311977	12.79825	0.013290596144113		Mmlr14-014	2	30	0.353316666666667	2024-01-14
H6	0.365739942543789	0.0611730717143278	0.187302798164	8.56999254356786	3.70067712471138	14.0649392301647	14.1338	0.00889770059358953		28G3A04	2	30	0.375616666666667	2024-01-14
H7	0.30250101325043	0.0650609211476325	0.173242977437395	7.47269117426896	4.00101170513783	11.8382565272836	11.8527	0.00829219585414191		Grass-36	2	30	0.316216666666667	2024-01-14
H8	0.32870045803811	0.0667139732340018	0.18629214434154	7.34265257294818	3.72075367434258	12.9647254760412	13.0559	0.0120088116292331		Grass-43	2	30	0.338716666666667	2024-01-14
H9	0	0.0468166666666667	0	-0.0578848482937281	0.332842014088728	0.260753785649486	0.37385	0.000253165309880447	questionable fit (k < n0)	Grass-40	2	30	0.0468166666666667	2024-01-14
I1	0.476656422432263	0.00332641764852392	0.319404440909309	15.5223166964758	2.17012380474934	15.4702920187203	15.75985	0.0136325956376373		26G1B06	3	30	0.485616666666667	2024-01-14
I10	0.334930250993747	0.0512315404723482	0.216585167144116	7.90246835424383	3.20034464824974	13.1734185803122	13.16895	0.0131518134010174		23G3B07	3	30	0.350216666666667	2024-01-14
I11	0	0	0	0	0	0	0	0	cannot fit data	23G3B06	3	30	0.312616666666667	2024-01-14
I12	0.351370955517551	0.060944539018246	0.191920951898908	8.13556818622534	3.61162850487034	13.6593188065998	13.6985	0.0104838637850054		Grass-55	3	30	0.359916666666667	2024-01-14
I13	0.361397996650388	0.052987551197854	0.199258576261503	8.83964214278406	3.47863160303962	13.8656543578608	13.8933	0.00813309954153441		Grass-51	3	30	0.372616666666667	2024-01-14
I14	0.33384316452888	0.0482378767880776	0.200749428395622	8.85913459913627	3.45279777929899	12.8080272559032	12.86045	0.0109992493927629		Salt-6	3	30	0.345716666666667	2024-01-14
I15	0.307611427126112	0.0671305831290928	0.219238493492358	5.82014905699148	3.1616125869069	12.629702756398	12.6382	0.00803764119804135		23G3B05	3	30	0.317716666666667	2024-01-14
I16	0.286270102646757	0.0412621918476242	0.227737304688551	7.82192391528377	3.0436259949062	11.3062664075825	11.2978	0.0120329459325823		08G4A02	3	30	0.299716666666667	2024-01-14
I17	0.348569940433145	0.0768447547723812	0.182773164680067	6.91022665209576	3.79239032039116	13.8487404872349	13.93815	0.0108981024410272		Salt-5	3	30	0.359316666666667	2024-01-14
I18	0.356455734390253	0.0702866577845208	0.205963470859153	6.81674675669276	3.36538890934669	14.3002618953737	14.3616	0.0162602960528968		23G3B08	3	30	0.378616666666667	2024-01-14
I19	0.414644550116313	0.0550839792724011	0.195191418662013	9.61119984478558	3.55111503011398	15.6160942450607	15.70865	0.0175098960085123		Wood-51	3	30	0.438716666666667	2024-01-14
I2	0	0.0535166665251487	0	-0.127340606168502	1.26144199151123	0.191334497118544	0.32325	0.0000741422701200157	questionable fit (k < n0)	Grass-39	3	30	0.0535166666666667	2024-01-14
I20	0.360998217995493	0.0423735848487482	0.241074150602779	8.36874686499656	2.87524472792627	14.1199464710068	14.1135	0.0143612738412376		08G1B09	3	30	0.378116666666667	2024-01-14
I3	0.100916666666667	0.0235040842126243	0.0296886689296518	577.925415553063	23.3471962721662	2.50021434644758	2.5783	0.00909717255713263		26G3A08	3	30	0.100916666666667	2024-01-14
I4	0.26141832122433	0.0454472717519426	0.277412885362049	5.61830996092709	2.49861205853984	10.8993911542403	10.8376	0.00822648568094909		40G1B01	3	30	0.272416666666667	2024-01-14
I5	0.362566834666455	0.0533403241305588	0.201894374390287	8.70445975546013	3.43321691182937	13.9621252444934	14.0134	0.0135059871687513		Mmlr14-014	3	30	0.383016666666667	2024-01-14
I6	0.359831860011675	0.0541757963638536	0.201637982365683	8.58085479410815	3.43758240599175	13.8936991566412	13.96895	0.0171850034306957		28G3A04	3	30	0.379216666666667	2024-01-14
I7	0.320572311678616	0.0713093992794759	0.172090068859773	7.27223874608381	4.02781627756075	12.589191395775	12.6205	0.0110861841813004		Grass-36	3	30	0.335616666666667	2024-01-14
I8	0.326152625832672	0.0668616839448313	0.178983035397423	7.57236399066756	3.87269764992445	12.7688397827801	12.85605	0.0142942373622053		Grass-43	3	30	0.346616666666667	2024-01-14
I9	0	0.049189756919079	0	-1.69017716325538	7.06472232835269	0.504132811966697	0.42735	0.00275253285022392	questionable fit (k < n0)	Grass-40	3	30	0.0493166666666667	2024-01-14
J1	0.460310370623232	0.0410031876738485	0.247540220981644	9.39222710473969	2.80013962099252	17.5982000738684	17.66235	0.0232543946665986		Salt-16	1	30	0.490516666666667	2024-01-14
J10	0.370141849185192	0.0504207037647547	0.216176140974333	8.5441774808741	3.20640000989861	14.3538563093557	14.35285	0.0153828301643036		35G3B04	1	30	0.385016666666667	2024-01-14
J11	0.42730630381931	0.0448548197550764	0.214860357970641	9.97471464631299	3.22603567780827	16.028454451929	16.12755	0.0209030326464806		Wood-3	1	30	0.446716666666667	2024-01-14
J12	0.27631635287108	0.0511281069336826	0.351420226730702	4.21888725921406	1.97241686117035	11.9365560697736	11.85275	0.00719859769458291		33G3A07	1	30	0.286416666666667	2024-01-14
J13	0.393364418720594	0.0430294379878289	0.21041719374489	9.96594081228104	3.29415656688359	14.7453011607625	14.8077	0.0150191321650547		Wood-18	1	30	0.407916666666667	2024-01-14
J14	0.401254481402899	0.052893688221812	0.203873602706814	9.24570254916854	3.3998868483074	15.2728518549029	15.3053	0.0131332474750609		25G2A02	1	30	0.417916666666667	2024-01-14
J15	0.33124921574861	0.058552594953478	0.219348274979693	7.01366121479666	3.16003023330872	13.2831394285072	13.25765	0.0123429854817077		Napa-18	1	30	0.345016666666667	2024-01-14
J16	0.339658394659078	0.0559632191689897	0.192589643495957	8.4283123024534	3.59908854898782	13.1241944304111	13.14195	0.00996427531506218		25G3A08	1	30	0.349316666666667	2024-01-14
J17	0.349070011630741	0.0642707139775445	0.20759872793116	7.17095263497321	3.33887971023499	13.9103887953867	13.88205	0.0101922071025179		Pine-20	1	30	0.361716666666667	2024-01-14
J18	0.192790725833516	0.047119290778916	0.156702189956073	7.20265079440105	4.4233407379581	7.52261372081762	7.4648	0.00575921366918889		28G4A10	1	30	0.193916666666667	2024-01-14
J19	0.354959305227144	0.0565601510972044	0.203903009050095	8.15646295929448	3.39939652577493	13.8411931047732	13.9374	0.0159860112812695		02D05	1	30	0.374016666666667	2024-01-14
J2	0.430914275702996	0.0529689847537852	0.206933735049622	9.49600075019227	3.34960938289608	16.3195201293396	16.3624	0.00763931259834707		Napa-12	1	30	0.435516666666667	2024-01-14
J20	0.343227400789242	0.0389922066127021	0.235108745988724	8.73825115683819	2.94819819503094	13.2998026022368	13.3109	0.0145734258712254		23D06	1	30	0.363016666666667	2024-01-14
J3	0.416927910524099	0.027912242558289	0.267488811881272	9.84921278714735	2.59131279429962	15.7981793308961	15.91335	0.0234199883978244		Wood-21	1	30	0.449916666666667	2024-01-14
J4	0.350161537729328	0.0517654265343453	0.206645673783332	8.47682566482179	3.35427869294137	13.568902142157	13.5387	0.014632017853189		Grass-58	1	30	0.364716666666667	2024-01-14
J5	0.362242936501678	0.0557110249550705	0.214086603000975	7.96473847556216	3.23769526370965	14.2202522668266	14.19935	0.0146992329128173		09G1A07	1	30	0.380016666666667	2024-01-14
J6	0.264288581670505	0.0421623173425859	0.288161017284931	5.76663396710414	2.40541620476918	11.0024034621191	10.95	0.0108095132502884		40G3B03	1	30	0.278016666666667	2024-01-14
J7	0.327232695006488	0.0599676892322486	0.228287041987459	6.54629706430142	3.03629664883925	13.2749485158455	13.241	0.00788837708036884		09G3B12	1	30	0.336116666666667	2024-01-14
J8	0.392194872705845	0.0575887952128691	0.167728528695666	10.4909161506672	4.13255387112839	14.3438684918031	14.5287	0.0226471162964929		35G2A07	1	30	0.434816666666667	2024-01-14
J9	0.378473046560948	0.0635909601275124	0.15912076138699	10.0535398532306	4.35610774180608	13.9298591424917	14.09005	0.0147577420901076		Salt-11	1	30	0.388116666666667	2024-01-14
K1	0.456879775418333	0.0447088268910741	0.241670133977048	9.19131875595929	2.86815407908771	17.5363726200229	17.60815	0.0198281391042866		Salt-16	2	30	0.479316666666667	2024-01-14
K10	0.38547146848474	0.0387866126735173	0.225418102794661	9.71679288716574	3.07494017546298	14.5760393543216	14.61205	0.0176481619677552		35G3B04	2	30	0.404716666666667	2024-01-14
K11	0.425723128239569	0.0377938182248298	0.235776923984458	9.87661363445585	2.93984317398948	16.062371435836	16.08585	0.0230509695644837		Wood-3	2	30	0.456916666666667	2024-01-14
K12	0.276654225645484	0.04861547502781	0.36981540832025	4.17931119730751	1.8743058427671	11.9786087706016	11.85115	0.0093923593451829		33G3A07	2	30	0.288816666666667	2024-01-14
K13	0.398688218739589	0.0331094314724054	0.232646025680295	10.3232523686433	2.97940692746876	14.8729676150306	14.93115	0.0206337193902848		Wood-18	2	30	0.429016666666667	2024-01-14
K14	0.403745609877721	0.043705933777857	0.227060529687809	9.28708464827058	3.05269780491118	15.4267173094362	15.48425	0.0179314149961922		25G2A02	2	30	0.432716666666667	2024-01-14
K15	0.344515850709589	0.0609497315361583	0.229911312765355	6.68690831616992	3.01484590828883	13.9413824383951	13.92905	0.0085662153115089		Napa-18	2	30	0.357916666666667	2024-01-14
K16	0.356106637752484	0.055352316970843	0.193410692584694	8.75119767260094	3.58381003292472	13.666643514717	13.6885	0.00903881904175112		25G3A08	2	30	0.368916666666667	2024-01-14
K17	0.362898339760565	0.0613098091446444	0.199387989117407	7.99006883607937	3.4763737957746	14.1833429985596	14.1761	0.00879837108874235		Pine-20	2	30	0.370316666666667	2024-01-14
K18	0.206616281569308	0.0461156744801336	0.15012573433883	8.30733536735285	4.61711100773388	7.85709772147353	7.75215	0.00898602735455688		28G4A10	2	30	0.218716666666667	2024-01-14
K19	0.378566260283861	0.0455304010581194	0.226273392127168	8.79409590705609	3.06331722896694	14.627881351894	14.6803	0.0174214333350025		02D05	2	30	0.395316666666667	2024-01-14
K2	0.403706332461653	0.0442332867279199	0.223010088864253	9.39491844911929	3.10814270372255	15.375368010072	15.3943	0.00804709935553171		Napa-12	2	30	0.409316666666667	2024-01-14
K20	0.346719226149295	0.0433233446426324	0.221528120256804	8.78600361493356	3.12893541351059	13.38760268298	13.388	0.011316293985408		23D06	2	30	0.356916666666667	2024-01-14
K3	0.41316357779362	0.0401950245690201	0.24876320264307	8.95530715027768	2.78637343946117	15.9619561933513	16.03215	0.023411484939969		Wood-21	2	30	0.441216666666667	2024-01-14
K4	0.368785124951548	0.0572193709523972	0.195672973121265	8.66097081844469	3.54237567663665	14.190736377755	14.184	0.00889216588482673		Grass-58	2	30	0.379016666666667	2024-01-14
K5	0.380199485349873	0.0565808579432923	0.219755311866432	7.93562168146126	3.15417713762133	14.9539434622797	14.9807	0.0138001108803409		09G1A07	2	30	0.391916666666667	2024-01-14
K6	0.277739857926877	0.0395258792624725	0.298574856580361	6.01595771245798	2.32151892660588	11.5178422588283	11.46355	0.00956244129761366		40G3B03	2	30	0.288016666666667	2024-01-14
K7	0.335413238242997	0.0562342679528062	0.248318290856793	6.45271324993836	2.7913657836816	13.6876801448923	13.61945	0.00995951683724486		09G3B12	2	30	0.344716666666667	2024-01-14
K8	0.393104085217404	0.0560377215299502	0.188777443947502	9.50460359890409	3.67176907402511	14.8138939941494	14.94635	0.0238992545016816		35G2A07	2	30	0.460816666666667	2024-01-14
K9	0.37435848550108	0.0605962034490259	0.17912819377334	9.18003670592743	3.8695593695151	14.1655483411017	14.2125	0.0160126338031891		Salt-11	2	30	0.392516666666667	2024-01-14
L1	0.47688775402832	0.0362326848450932	0.251748905427227	9.92378021019411	2.75332748471597	18.0085279612083	18.0975	0.0175605950155964		Salt-16	3	30	0.492216666666667	2024-01-14
L10	0.42431399335232	0.0546711531656302	0.196385307205867	9.73189422338792	3.52952667601213	15.9408410116189	16.04475	0.0114805653121195		35G3B04	3	30	0.425516666666667	2024-01-14
L11	0.480389933975508	0.0448693009340399	0.212750035796779	10.6829045852859	3.25803555315049	17.7061512783148	17.8449	0.0138932620700552		Wood-3	3	30	0.490516666666667	2024-01-14
L12	0.281679596750887	0.0493325007869462	0.369724455787147	4.19136257729851	1.87476692361133	12.1933117908399	12.04355	0.010145733090777		33G3A07	3	30	0.298316666666667	2024-01-14
L13	0.441286986358437	0.0385432392854936	0.217641415389143	10.7815866881153	3.18481286900565	16.2393054347161	16.3619	0.0125031415317691		Wood-18	3	30	0.453616666666667	2024-01-14
L14	0.424183048866139	0.0457109015996001	0.22001279832752	9.60764865774323	3.1504857255081	16.0659635914991	16.1635	0.015020857512237		25G2A02	3	30	0.443516666666667	2024-01-14
L15	0.380076441306051	0.0630044131676916	0.208446872106851	7.75221127387298	3.32529422751249	14.9671761870625	14.96955	0.00745893732883972		Napa-18	3	30	0.393616666666667	2024-01-14
L16	0.380234129996497	0.0612628124933092	0.18636922270766	8.85300775458028	3.71921484937039	14.5279680951243	14.6089	0.0094929508279226		25G3A08	3	30	0.394016666666667	2024-01-14
L17	0.390810270118035	0.073122804174959	0.182547589433591	8.04682119242323	3.79707660183651	15.1720784035636	15.1427	0.0107641487809619		Pine-20	3	30	0.409116666666667	2024-01-14
L18	0.22489837556357	0.0441694080280743	0.164099674708757	8.58603815756573	4.2239400034774	8.56660247405066	8.4635	0.00759573104983019		28G4A10	3	30	0.236716666666667	2024-01-14
L19	0.397589123915089	0.0378064353257854	0.247509555956433	9.10276317543254	2.80048654235376	15.3047185453313	15.35635	0.0188134665556498		02D05	3	30	0.427316666666667	2024-01-14
L2	0.411236381445138	0.0542021048390296	0.198760374687669	9.48434541178147	3.48735094532375	15.5475920040402	15.59345	0.0062636060107544		Napa-12	3	30	0.417016666666667	2024-01-14
L20	0.37238334254541	0.035349572881001	0.224567265426649	10.0410753012998	3.08659046652706	13.970207890984	14.0107	0.0115958175239307		23D06	3	30	0.384716666666667	2024-01-14
L3	0.427430192643496	0.0360773498290806	0.258297182359545	9.22946314281857	2.68352590697291	16.4258494774597	16.5198	0.028905988710024		Wood-21	3	30	0.469816666666667	2024-01-14
L4	0.391603792063188	0.0680242124757096	0.172800559977702	9.02532591274525	4.011255407097	14.8329156038064	14.8087	0.00912181321344308		Grass-58	3	30	0.411616666666667	2024-01-14
L5	0.405101849191353	0.0568623366694348	0.230465778410751	7.86345508383877	3.00759264711559	15.9937008666657	16.03145	0.0175292454798431		09G1A07	3	30	0.421016666666667	2024-01-14
L6	0.308297126977711	0.0394574081206114	0.294859505646716	6.50782325096579	2.35077101903045	12.64873415525	12.55745	0.0125022298735612		40G3B03	3	30	0.320116666666667	2024-01-14
L7	0.362520351597977	0.0606905122275845	0.236019647898112	6.79636651945562	2.93681982298004	14.6558304130168	14.6413	0.0100602869967429		09G3B12	3	30	0.374516666666667	2024-01-14
L8	0.407084925923073	0.0566916878406679	0.199125233736593	9.14715039339721	3.48096103920639	15.5107167355333	15.5427	0.0146904888994244		35G2A07	3	30	0.422016666666667	2024-01-14
L9	0.404568172221915	0.0678077990628131	0.181665292684308	8.82223773246721	3.81551792484916	15.4433413619489	15.56765	0.015461442487944		Salt-11	3	30	0.420016666666667	2024-01-14
A1	0.267064365920911	0.00608592239214535	0.322867778590289	11.6408627982342	2.14684532345215	9.69116884379262	10.0015166666667	0.0275734533839817		Desert-26	1	33	0.296955555555556	2024-01-14
A10	0.408632546062464	0.0490198283078701	0.218424176790286	9.12354493923584	3.17339953271496	15.6474989334541	15.8024666666667	0.0288012199560631		23G3A10	1	33	0.439855555555556	2024-01-14
A11	0.297358880777149	0.0379164617256044	0.241198335981839	7.9733113171983	2.87376435553907	11.7342049575509	11.7327666666667	0.0205104333878936		23G3A03	1	33	0.336455555555556	2024-01-14
A12	0.370386309454946	0.0800044187767835	0.199924085390935	6.44802276175701	3.46705190224856	14.9399025692565	15.0351666666667	0.0198449043732643		23G3A08	1	33	0.406355555555556	2024-01-14
A13	0.189670186002613	0.0285871635649165	0.313522447826239	5.51463578032317	2.21083748664817	7.95937668781431	7.79511666666667	0.0171347258272638		23G4A03	1	33	0.218555555555556	2024-01-14
A14	0.421633166365363	0.0702260786870723	0.236796608422593	6.80003663393361	2.92718373450239	17.0469713924884	17.0834166666667	0.0299134525116536		23G1B09	1	33	0.474555555555556	2024-01-14
A15	0.221332807024571	0.00547730066551813	0.427476579155391	8.59461549621197	1.6214857476624	8.70873008051893	8.58751666666667	0.0273489228181113		23G2A11	1	33	0.264355555555556	2024-01-14
A16	0.385700851486724	0.0438819925173154	0.240482996214877	8.53605840836872	2.88231264359582	15.0276811626244	15.0406666666667	0.0154649744447067		23G2B11	1	33	0.408055555555556	2024-01-14
A17	0.236452123606613	0.0478321487135588	0.158900130979573	8.63458253240085	4.36215613094147	8.97457413590888	9.00666666666667	0.0081567724375862		26G3B01	1	33	0.243355555555556	2024-01-14
A18	0.359631573681711	0.0547868761645135	0.24595987427269	6.97817798252847	2.81813113870545	14.5111414837615	14.4539666666667	0.0180341023754036		26G3B10	1	33	0.374455555555556	2024-01-14
A19	0.254304731810268	0.0355885655039615	0.216058611755705	8.40397167070143	3.20814419257529	9.89223870760654	9.86761666666667	0.0127234994765488		02G2A03	1	33	0.269855555555556	2024-01-14
A2	0.422827622494599	0.0581196860967092	0.2331128150105	7.87855623124339	2.97344090898102	16.6964046692154	16.7296166666667	0.0285396352725593		Grass-59	1	33	0.457755555555556	2024-01-14
A20	0.266093138434299	0.0125731564493889	0.283316798632392	10.6025430119463	2.44654458862256	9.90576906830656	10.0853666666667	0.0294695368074143		02G1B04	1	33	0.293955555555556	2024-01-14
A21	0.220900987750526	0.0293530610407198	0.228153800997853	8.22138927289926	3.03806983503408	8.64920102746847	8.56991666666667	0.0136800067876552		25D05	1	33	0.232055555555556	2024-01-14
A22	0.243128675576635	0.0652007769324163	0.100450856298418	9.99401156372129	6.90036109299806	8.5372924551575	8.41766666666667	0.00816061605685056		35D02	1	33	0.254055555555556	2024-01-14
A3	0.300276419953481	0.03944910225472	0.206273790934503	9.15699115863756	3.36032598916086	11.4590915344031	11.4382166666667	0.0168967688874453		Grass-45	1	33	0.321655555555556	2024-01-14
A4	0.348013370901798	0.046539349144466	0.203757668710936	9.16964592320127	3.40182131521779	13.2689158658113	13.2878166666667	0.0141851419717478		Grass-44	1	33	0.377455555555556	2024-01-14
A5	0.294647000345348	0.0490886157263123	0.175892409238572	9.15279741842721	3.94074527468546	11.1427303384671	11.1570166666667	0.012892234039235		Grass-42	1	33	0.316255555555556	2024-01-14
A6	0.423629832197952	0.0617170415873991	0.23601649539263	7.49457437879911	2.93685905049495	16.8768114929343	16.8835166666667	0.0198170523317653		Grass-53	1	33	0.455255555555556	2024-01-14
A7	0	0	0	0	0	0	0	0	cannot fit data	Grass-54	1	33	0.0474555555555556	2024-01-14
A8	0.409906481188423	0.0584644529225597	0.235677316893173	7.61051537499238	2.94108567467328	16.2883929797936	16.3504166666667	0.0292584839630263		Grass-57	1	33	0.451755555555556	2024-01-14
A9	0.314812163038163	0.0245267551408054	0.201748216634763	12.2484355853282	3.4357041272627	11.1296088885486	11.3897666666667	0.0254319324700993		23G3B01	1	33	0.344555555555556	2024-01-14
B1	0.463875892359584	0.0139697402995501	0.287638794392404	12.0712000415062	2.409783360496	16.6172432613785	17.0807666666667	0.032499021879214		Desert-26	2	33	0.499455555555556	2024-01-14
B10	0.352602885325878	0.0588270498671415	0.17703933568805	9.08394298341692	3.91521566586363	13.3604115995799	13.5170166666667	0.0170406507774623		23G3A10	2	33	0.373755555555556	2024-01-14
B11	0.365582420175696	0.0610925791682337	0.192518978815211	8.34331933758751	3.6004096054616	14.1514737814516	14.3359166666667	0.0247906482588865		23G3A03	2	33	0.394655555555556	2024-01-14
B12	0.307158991511768	0.0812562216172164	0.170156400409201	6.00916151556635	4.0735886448763	12.3446329640969	12.4340166666667	0.0161211630421561		23G3A08	2	33	0.332255555555556	2024-01-14
B13	0.380447391610106	0.0768371909001692	0.184261146299493	7.45711123737458	3.76176526891525	14.9598048987568	15.1088666666667	0.0176631119114052		23G4A03	2	33	0.402655555555556	2024-01-14
B14	0.382104052684186	0.0732980994318598	0.187166135732617	7.68396703319116	3.70337923496035	14.9711945067103	15.1765166666667	0.0241901813981693		23G1B09	2	33	0.415755555555556	2024-01-14
B15	0.36759278390389	0.058223382078374	0.177893295530466	9.38904979577432	3.89642104550947	13.8389306753178	13.9894166666667	0.0143190967304383		23G2A11	2	33	0.381855555555556	2024-01-14
B16	0.325029847579503	0.0603395927864938	0.170664401459531	8.66362167392404	4.06146316766774	12.3967076248459	12.4947666666667	0.0132390479471222		23G2B11	2	33	0.343355555555556	2024-01-14
B17	0.298847837694945	0.087349855103988	0.17179669876996	5.14732872293012	4.03469441219057	12.2061389493427	12.3508666666667	0.0165945169864973		26G3B01	2	33	0.323955555555556	2024-01-14
B18	0.303623405417576	0.0549715271580374	0.256759742801498	5.87801833474251	2.69959446522667	12.5530535715352	12.5139666666667	0.0151595332109087		26G3B10	2	33	0.321855555555556	2024-01-14
B19	0.367885778767057	0.0683932460380191	0.167335863884817	8.82545661690892	4.14225118553822	13.9626911112157	14.1348166666667	0.0171272541509149		02G2A03	2	33	0.386255555555556	2024-01-14
B2	0.388739288669262	0.0573508854009469	0.20238513049488	8.6671526950997	3.42489183303652	14.9843011232659	15.0215666666667	0.0119048682244016		Grass-59	2	33	0.401955555555556	2024-01-14
B20	0.375591458411496	0.0410933019978059	0.222360874447343	9.42965453566185	3.11721737145843	14.291292648932	14.3836666666667	0.0180962947516801		02G1B04	2	33	0.398155555555556	2024-01-14
B21	0.396492916433548	0.0611313741245582	0.218350031353683	7.79566619514472	3.17447712859352	15.6369493670639	15.7592166666667	0.0248128777874671		25D05	2	33	0.423555555555556	2024-01-14
B22	0.216717801699828	0.0517114140615307	0.111834791449439	10.3751760882343	6.19795657126358	7.65431310751273	7.63726666666667	0.00620938030695902		35D02	2	33	0.213755555555556	2024-01-14
B3	0.362141902750526	0.0615008891253114	0.182801087690686	8.68083059698492	3.79181102977246	13.8719004031789	13.9099666666667	0.0109892687402866		Grass-45	2	33	0.376455555555556	2024-01-14
B4	0.352735498628311	0.0618533971568405	0.175817982445486	8.80541905266385	3.94241346032316	13.4405523123995	13.5000166666667	0.0131434125972026		Grass-44	2	33	0.369455555555556	2024-01-14
B5	0.354509010875465	0.0661296624735964	0.154577515091228	9.52699619219642	4.48413975441944	13.1715228801644	13.3017166666667	0.0129089476303805		Grass-42	2	33	0.368855555555556	2024-01-14
B6	0.385751476355165	0.0704267883782407	0.201208395270646	7.45013225668679	3.44492176694512	15.2562359287736	15.3846666666667	0.0189406658314676		Grass-53	2	33	0.417455555555556	2024-01-14
B7	0	0.0470555555555556	0	-0.0546104704876042	0.187519770877925	0.416821114112523	0.508516666666667	0.00231908664762925	questionable fit (k < n0)	Grass-54	2	33	0.0470555555555556	2024-01-14
B8	0.3657428011367	0.0659188460926213	0.181610190355903	8.34078254165502	3.81667559073409	14.1063424745847	14.1945666666667	0.0163489783184682		Grass-57	2	33	0.393355555555556	2024-01-14
B9	0.338774015200157	0.0503626240183746	0.156640098242695	11.1410718522059	4.42509413832208	12.1454745322432	12.2870666666667	0.0152373334258586		23G3B01	2	33	0.354655555555556	2024-01-14
C1	0	0.0507553441767129	0	-0.302403054694841	1.13547069106903	0.435619798892134	0.536416666666667	0.000111445343377136	questionable fit (k < n0)	Desert-26	3	33	0.0507555555555556	2024-01-14
C10	0.231457359399096	0.041355632386694	0.142781860777191	10.683084680495	4.85458850856127	8.32603980885033	8.57081666666667	0.0295038414806436		23G3A10	3	33	0.268455555555556	2024-01-14
C11	0	0	0	0	0	0	0	0	cannot fit data	23G3A03	3	33	0.0450555555555556	2024-01-14
C12	0.365190220020959	0.0617628367866404	0.0460492152462679	34.5682433848989	15.0523125498023	6.85355816112223	7.15031666666667	0.0222300254042631		23G3A08	3	33	0.221655555555556	2024-01-14
C13	0	0	0	0	0	0	0	0	cannot fit data	23G4A03	3	33	0.0445555555555556	2024-01-14
C14	0.207617205685644	0.0544008212482806	0.078210562337945	13.2395410342991	8.86257763452565	6.57986106458154	6.89806666666667	0.0252599943295094		23G1B09	3	33	0.207955555555556	2024-01-14
C15	0	0	0	0	0	0	0	0	cannot fit data	23G2A11	3	33	0.0455555555555556	2024-01-14
C16	0.242149567521798	0.0555078510254671	0.0812548066805716	14.9242414495157	8.5305375629634	7.42954626263335	7.68006666666667	0.0174369130124975		23G2B11	3	33	0.224855555555556	2024-01-14
C17	0	0	0	0	0	0	0	0	cannot fit data	26G3B01	3	33	0.0451555555555556	2024-01-14
C18	0	0.0381693457338667	0	-10.866977545676	20.8883739832357	0.917511458132135	0.743016666666667	0.00907365670530992	questionable fit (k < n0)	26G3B10	3	33	0.0495555555555556	2024-01-14
C19	0	0	0	0	0	0	0	0	cannot fit data	02G2A03	3	33	0.0452555555555556	2024-01-14
C2	0.384237760802851	0.0615437751973786	0.189157939795285	8.75964154353908	3.66438322023436	14.7242620528516	14.7825166666667	0.0143710660914096		Grass-59	3	33	0.404055555555556	2024-01-14
C20	0.41965522624804	0.0477030237761337	0.241428336405722	8.50675028953271	2.8710266196554	16.3639267158225	16.4243166666667	0.0214108892000715		02G1B04	3	33	0.447155555555556	2024-01-14
C21	0	0	0	0	0	0	0	0	cannot fit data	25D05	3	33	0.0456555555555556	2024-01-14
C22	0.191527719357027	0.0525912951500246	0.0788091180309865	12.3268202761626	8.79526630773118	6.1941359387348	6.20576666666667	0.00346265140622349		35D02	3	33	0.182855555555556	2024-01-14
C3	0	0	0	0	0	0	0	0	cannot fit data	Grass-45	3	33	0.0463555555555556	2024-01-14
C4	0.371923117061233	0.072622750737719	0.158956677169961	8.90915323736075	4.3606043665521	14.0351765113757	14.1956166666667	0.0146877882512029		Grass-44	3	33	0.394455555555556	2024-01-14
C5	0	0.0475555555555556	0	-0.0977881270298343	0.3974938816183	0.365788873163841	0.454916666666667	0.000790301520244599	questionable fit (k < n0)	Grass-42	3	33	0.0475555555555556	2024-01-14
C6	0.328861492013722	0.0671707725123572	0.153676200021108	8.8492891306376	4.5104393553767	12.3914476930557	12.3999666666667	0.01059156966612		Grass-53	3	33	0.333955555555556	2024-01-14
C7	0	0	0	0	0	0	0	0	cannot fit data	Grass-54	3	33	0.0470555555555556	2024-01-14
C8	0.233394897276764	0.0601163831970514	0.156917545408868	6.74633166008651	4.41727009400934	9.18770360289584	9.22666666666667	0.0171722971548508		Grass-57	3	33	0.260255555555556	2024-01-14
C9	0	0	0	0	0	0	0	0	cannot fit data	23G3B01	3	33	0.0470555555555556	2024-01-14
D1	0.434849390411862	0.0720447278856058	0.199825050132409	8.08996380494376	3.46877020724203	16.9614258577699	17.0281166666667	0.0136421327302942		19G2B10	1	33	0.451155555555556	2024-01-14
D10	0.318076348894784	0.0470795688142708	0.207440630362832	8.4374397260135	3.34142438416027	12.3387161211378	12.3783166666667	0.012446570552696		35G3B01	1	33	0.333055555555556	2024-01-14
D11	0.349264933019241	0.0638222566850419	0.164963168625495	9.08044660890349	4.20182993776963	13.1694448347292	13.3307666666667	0.0154412394330236		Grass-34	1	33	0.361055555555556	2024-01-14
D12	0.285933475150261	0.068123217768289	0.148400465788245	7.83222752834439	4.67078844313743	10.9659295791073	11.0682166666667	0.0140436154755773		Grass-31	1	33	0.300455555555556	2024-01-14
D13	0.202965213147202	0.0565795379095328	0.112966108170101	8.4148897982714	6.13588616787809	7.4676742619363	7.51456666666667	0.0135766981009937		S.11	1	33	0.220155555555556	2024-01-14
D14	0.324385251293949	0.0588227779498198	0.188753614452524	7.98565347678553	3.67223262224887	12.637111830943	12.7373166666667	0.0124508394871377		Mcba15-007	1	33	0.341255555555556	2024-01-14
D15	0.203588956683519	0.0611290688660038	0.101985483020658	8.29601364948561	6.7965278981867	7.40505171281141	7.45641666666667	0.00958023229636585		35G3B11	1	33	0.210655555555556	2024-01-14
D16	0.345252567150511	0.0533005688940135	0.190233077192214	8.93978281682032	3.6436732811696	13.1823823698017	13.2860666666667	0.0132438733556827		35G3B02	1	33	0.356455555555556	2024-01-14
D17	0.221067845979703	0.0700764666987582	0.0914752564499565	8.3917306917274	7.57742812056664	7.89843112659799	7.88831666666667	0.0102348217412776		35G3B09	1	33	0.219255555555556	2024-01-14
D18	0.284785903068503	0.0653560766297127	0.156211470769638	7.75347710671515	4.43723612065669	10.9897446027053	11.0309166666667	0.0116200682122288		26G1A06	1	33	0.299355555555556	2024-01-14
D19	0.230491094889216	0.0708310273000185	0.175490985636077	4.63129106718389	3.9497594594252	9.51451384719831	9.52761666666667	0.0119702391118908		Mmlr14-002	1	33	0.247655555555556	2024-01-14
D2	0.354892068507551	0.0467303381166888	0.164800844829777	11.4455187020025	4.20596861184721	12.674054578748	12.7287166666667	0.0100616485733795		12G2A10	1	33	0.362355555555556	2024-01-14
D20	0.282979450641799	0.0546374876664504	0.137867566833895	10.3731729029521	5.02763047523032	10.218719707913	10.3144666666667	0.0110318893215864		Mcba15-009	1	33	0.295755555555556	2024-01-14
D3	0.371439569749571	0.0246584952156748	0.210796460017154	12.5408756716714	3.28822970036375	13.0508797008468	13.1569166666667	0.016529627058687		41G1B04	1	33	0.390955555555556	2024-01-14
D4	0.273922113329577	0.0731676593225801	0.164371813204761	6.14052378525185	4.21694673220207	10.9500707892857	11.0246666666667	0.0128990012533942		Mcba15-003	1	33	0.290955555555556	2024-01-14
D5	0.396668838371836	0.0574580185532479	0.172699284306787	10.2812657247653	4.01360771900259	14.6058341119173	14.7536666666667	0.0123717003902554		19G3B08	1	33	0.407255555555556	2024-01-14
D6	0.317322052134214	0.058145715477889	0.163431882141358	9.14482811573698	4.24119927812139	11.9399910884983	11.9997666666667	0.0131657781967306		19G4A01	1	33	0.329255555555556	2024-01-14
D7	0.263593204468925	0.0777221338217592	0.117386553959631	7.4277091882104	5.90482603994253	9.92920321546034	10.0732666666667	0.0139216168033022		Mcba15-005	1	33	0.275755555555556	2024-01-14
D8	0.332475669242849	0.0773085837532378	0.139406799872365	8.56567667280312	4.97211887221114	12.4895373671317	12.6683666666667	0.0144134233387405		Mmlr14-006	1	33	0.342455555555556	2024-01-14
D9	0.398356046261449	0.0436608330697966	0.203111512794003	10.3135829462027	3.41264348349835	14.7858629669318	15.0164666666667	0.0196817909989973		35G1B04	1	33	0.415455555555556	2024-01-14
E1	0.40713906061334	0.0632323612737965	0.185442531032752	9.13250144252417	3.73780047489498	15.4555366867878	15.5338666666667	0.0125268089654273		19G2B10	2	33	0.422155555555556	2024-01-14
E10	0.307463804311889	0.0759185482633563	0.143307043399	7.7812945286551	4.83679771851872	11.7640995062806	11.9240166666667	0.0152781382925368		35G3B01	2	33	0.319355555555556	2024-01-14
E11	0.303266915431045	0.0814394408793294	0.134856078639507	7.43044185210834	5.1399031289709	11.6096094444542	11.7623666666667	0.0128152396441321		Grass-34	2	33	0.315355555555556	2024-01-14
E12	0.284925955468056	0.0845546217129781	0.131116787231045	6.58019919287673	5.28648691901313	11.0460278410918	11.1897666666667	0.0159506384277377		Grass-31	2	33	0.301155555555556	2024-01-14
E13	0.293655749854152	0.0700743120166624	0.154814934452867	7.49423463381578	4.47726301735427	11.3811993992515	11.5634666666667	0.0134316751615954		S.11	2	33	0.306955555555556	2024-01-14
E14	0.320462884944156	0.0648484151960363	0.163637276200014	8.38206239551205	4.23587581421676	12.256290504888	12.3702666666667	0.0129611732509941		Mcba15-007	2	33	0.332055555555556	2024-01-14
E15	0.304432368874613	0.0738439838662105	0.164184723359888	6.93535715914164	4.22175197774392	11.9884674515613	12.0876666666667	0.0119455037067424		35G3B11	2	33	0.314955555555556	2024-01-14
E16	0.336609943483627	0.0642340976457105	0.201908514042975	7.15496679198376	3.4329764836584	13.3962775206367	13.4738666666667	0.0126505003257965		35G3B02	2	33	0.352955555555556	2024-01-14
E17	0.322046185083286	0.0748804822697503	0.157450520288035	7.58438713567143	4.40231749816973	12.4779346679821	12.6074666666667	0.0102355600202777		35G3B09	2	33	0.331455555555556	2024-01-14
E18	0.253547606490862	0.0606788674947206	0.161635636243851	7.15445173374053	4.28833143895466	9.9293313499021	9.93886666666667	0.0121151520979351		26G1A06	2	33	0.264655555555556	2024-01-14
E19	0.317063484452761	0.0546853134705263	0.147134075042771	10.6582495063365	4.7109901656598	11.4405841936055	11.5645666666667	0.0121278582393744		Mmlr14-002	2	33	0.331855555555556	2024-01-14
E2	0.37163764389246	0.0548343161595074	0.163481269306398	10.7288435322035	4.23991802547631	13.4935915967479	13.5373666666667	0.0089111842953336		12G2A10	2	33	0.379055555555556	2024-01-14
E20	0.278052911900964	0.064207949531662	0.112231750040747	10.7199990163698	6.17603468099083	9.75278884698039	9.93541666666667	0.013861318569895		Mcba15-009	2	33	0.285355555555556	2024-01-14
E3	0.385525348153406	0.0263151628246652	0.200821984783045	13.0153199518097	3.45155029370304	13.3534624109326	13.4254666666667	0.0140351165627639		41G1B04	2	33	0.399455555555556	2024-01-14
E4	0.273462953993596	0.0706552892208833	0.15644722935316	6.73994099255863	4.43054941545339	10.7633659507486	10.8523666666667	0.0102337480547758		Mcba15-003	2	33	0.283955555555556	2024-01-14
E5	0.362743375620557	0.0602584862489165	0.158497058627095	10.1792924401961	4.37324948843847	13.309143503508	13.4821166666667	0.0124085662313707		19G3B08	2	33	0.371955555555556	2024-01-14
E6	0.302369997869418	0.0787893664422042	0.135065588812573	7.72213027050922	5.13193024702842	11.5126974078358	11.6300666666667	0.0148588234791005		19G4A01	2	33	0.314955555555556	2024-01-14
E7	0.256960840807033	0.0901703719859786	0.0925457647157995	6.64576543218061	7.48977743809826	9.4862224527482	9.69486666666667	0.0153966906845049		Mcba15-005	2	33	0.259655555555556	2024-01-14
E8	0.305427744592217	0.0894324457672383	0.111690850579993	7.89476571972586	6.20594414816021	11.3326740340726	11.5626166666667	0.0177780164664942		Mmlr14-006	2	33	0.308155555555556	2024-01-14
E9	0.342406422599188	0.0467076659050198	0.195680024024328	9.43087025917404	3.54224803485188	12.9506158027838	13.1346166666667	0.0174831233220002		35G1B04	2	33	0.363855555555556	2024-01-14
F1	0.25663608124864	0.0982536033017867	0.166175910099911	2.8732259028876	4.17116524376607	10.8366318773755	10.7710166666667	0.00645315392650228		19G2B10	3	33	0.270055555555556	2024-01-14
F10	0.37068959547474	0.0960122191467321	0.0357723454969311	29.383641223926	19.3766209883948	8.09096940508494	8.15471666666667	0.0211876777267896		35G3B01	3	33	0.241255555555556	2024-01-14
F11	0	0.0456555555555556	0	-0.20060865415614	0.972700780971211	0.309120425146835	0.410966666666667	0.0000448918155130611	questionable fit (k < n0)	Grass-34	3	33	0.0456555555555556	2024-01-14
F12	0	0	0	0	0	0	0	0	cannot fit data	Grass-31	3	33	0.0615555555555556	2024-01-14
F13	0	0	0	0	0	0	0	0	cannot fit data	S.11	3	33	0.0468555555555556	2024-01-14
F14	0	0.0381731602552541	0	-69.0745132469634	84.2010713812536	1.50866297280615	1.32116666666667	0.0186108220591429	questionable fit (k < n0)	Mcba15-007	3	33	0.0655555555555556	2024-01-14
F15	0	0	0	0	0	0	0	0	cannot fit data	35G3B11	3	33	0.0456555555555556	2024-01-14
F16	0	0.0805970420192247	0	-13.8699443524961	17.8553874895847	2.28604550554738	2.13746666666667	0.0244907424268479	questionable fit (k < n0)	35G3B02	3	33	0.108455555555556	2024-01-14
F17	0	0	0	0	0	0	0	0	cannot fit data	35G3B09	3	33	0.0457555555555555	2024-01-14
F18	0.199751580015391	0.0000102540984232995	0.74173482954166	13.3162156781153	0.934494583446029	6.92812689437642	7.36521666666667	0.0244102401478535		26G1A06	3	33	0.235455555555556	2024-01-14
F19	0.483482341323585	0.234074684506358	0.0348249553224959	1.82192637853179	19.9037493125567	15.670813923683	15.3756166666667	0.0359306090979132		Mmlr14-002	3	33	0.398355555555556	2024-01-14
F2	0.340068688974885	0.0495469937805821	0.142225277112556	12.4363031885157	4.87358643014909	11.7327355605808	11.7966666666667	0.00938262713732324		12G2A10	3	33	0.338055555555556	2024-01-14
F20	0.25769163973991	0.0668788034135819	0.0918757708655848	11.4111799677355	7.5443958078352	8.68149600132354	8.83211666666667	0.0121039470184726		Mcba15-009	3	33	0.248855555555556	2024-01-14
F3	0.193005828942981	0.00000489887165102193	0.852453855684749	12.412924539007	0.813119884363902	6.86850725214438	7.39066666666667	0.0185052827941928		41G1B04	3	33	0.211455555555556	2024-01-14
F4	0.211270648763368	0.0702609465524956	0.0876816246299005	7.94479552667228	7.90527300886226	7.55912700874143	7.60286666666667	0.0056634434716365		Mcba15-003	3	33	0.209855555555556	2024-01-14
F5	0.264526045769316	0.0568196255852361	0.114239657333187	11.346706429283	6.06748301545003	9.1707252166421	9.23276666666667	0.00930831199845329		19G3B08	3	33	0.266855555555556	2024-01-14
F6	0.285672029904844	0.0635067408577583	0.0736978214544769	16.9920300203415	9.40526011325996	8.25914439070556	8.38571666666667	0.0155417418443767		19G4A01	3	33	0.257355555555556	2024-01-14
F7	0	0	0	0	0	0	0	0	cannot fit data	Mcba15-005	3	33	0.0456555555555556	2024-01-14
F8	0.253506242330878	0.0566499080007072	0.0850014339299831	14.6536802294599	8.15453514738234	7.86947212313687	8.11211666666667	0.0223550928281935		Mmlr14-006	3	33	0.269555555555556	2024-01-14
F9	0	0.0211097612264206	0	-3.25380566418804	9.7598464934124	0.304228715471886	0.332266666666667	0.0057395135517966	questionable fit (k < n0)	35G1B04	3	33	0.0470555555555556	2024-01-14
G1	0.434857606518474	0.00481657668746133	0.27155410076018	16.541150234377	2.55251965858579	13.6625962242051	14.0025166666667	0.0179126999348691		26G1B06	1	33	0.446155555555556	2024-01-14
G10	0.315456385558691	0.0696459279945364	0.127649736302788	9.87966401714548	5.43007138624856	11.4277872835635	11.5959666666667	0.0138924499501223		23G3B07	1	33	0.319355555555556	2024-01-14
G11	0.24555517201503	0.00000376783630056931	0.344368386370596	32.18867096268	2.01280723781075	3.88561516884681	4.03596666666667	0.0120964130739367		23G3B06	1	33	0.256155555555556	2024-01-14
G12	0.315361699973125	0.0681718711202476	0.173254291913351	7.43487813341731	4.00075041665696	12.350958422392	12.4995166666667	0.0144657940499106		Grass-55	1	33	0.335455555555556	2024-01-14
G13	0.320643783715599	0.0634469126044664	0.194645802635894	7.19069342301411	3.56106924050426	12.7226194506608	12.8425166666667	0.0172429080207129		Grass-51	1	33	0.345555555555556	2024-01-14
G14	0.283858679889037	0.0651339883578795	0.134223924869546	9.02497312831956	5.16411050588504	10.523422465333	10.7029666666667	0.0139249162512958		Salt-6	1	33	0.296855555555556	2024-01-14
G15	0.174440829323983	0.064844119559824	0.381236524694788	1.37662865592109	1.81815522821395	7.92035290160391	7.87746666666667	0.00542561659237943		23G3B05	1	33	0.188255555555556	2024-01-14
G16	0.293381714410617	0.0581166524956622	0.180486972876561	7.74715503649785	3.84042775781941	11.4517369621906	11.5353166666667	0.0103905607849		08G4A02	1	33	0.304655555555556	2024-01-14
G17	0.327539182134061	0.0880750461160345	0.134728152590022	7.42394513214682	5.14478353064926	12.5390636635521	12.6828666666667	0.0161973349603767		Salt-5	1	33	0.334955555555556	2024-01-14
G18	0.314594461249767	0.0827239951193439	0.158035598526798	6.52175322022951	4.38601927047728	12.4442972380501	12.6571166666667	0.0166647576636024		23G3B08	1	33	0.331455555555556	2024-01-14
G19	0.326711779528932	0.0562934004996966	0.160314598485176	9.78945784382826	4.32366850623425	12.1028930120838	12.2226166666667	0.018757520625312		Wood-51	1	33	0.347555555555556	2024-01-14
G2	0	0	0	0	0	0	0	0	cannot fit data	Grass-39	1	33	0.0475555555555556	2024-01-14
G20	0.335722089554394	0.0422354362230428	0.232767216240693	8.32837461295085	2.97785569529343	13.1248612147672	13.2209166666667	0.0187676210362588		08G1B09	1	33	0.365255555555556	2024-01-14
G3	0.123755555555556	0.0169331106159211	0.0422741971465246	399.454242046436	16.3964599530409	2.64674385209517	2.82436666666667	0.0130554757394063		26G3A08	1	33	0.123755555555556	2024-01-14
G4	0.277323301300519	0.0564703188805298	0.234964097895821	5.80421470289715	2.95001315846677	11.4331988655682	11.4228666666667	0.00751222677858971		40G1B01	1	33	0.284755555555556	2024-01-14
G5	0.341955726816227	0.0724525380739891	0.148228104097786	8.86234449338898	4.67621970056824	12.8410215968449	12.9356166666667	0.0132257143254276		Mmlr14-014	1	33	0.352355555555556	2024-01-14
G6	0.349923358744499	0.0762420906812669	0.141536907327381	9.02980372281717	4.89728929117171	13.0389376257946	13.2345666666667	0.0176381995199445		28G3A04	1	33	0.366055555555556	2024-01-14
G7	0.302885007402351	0.0782669752813821	0.1455531130189	7.24323623389721	4.7621597792274	11.7280286640149	11.9123166666667	0.0125182490958165		Grass-36	1	33	0.311155555555556	2024-01-14
G8	0.303587371391129	0.0721565640744471	0.155772351304456	7.48170436772239	4.44974460971699	11.775463426438	11.8966666666667	0.0127149320432		Grass-43	1	33	0.314655555555556	2024-01-14
G9	0	0.0471555555555556	0	-0.0315530025273057	0.19628049884905	0.241834318115494	0.365866666666667	0.000293360880343011	questionable fit (k < n0)	Grass-40	1	33	0.0471555555555556	2024-01-14
H1	0.454812468383696	0.00399332766191875	0.288373420799232	16.390003433122	2.40364447818692	14.3628850472243	14.7447666666667	0.023008566356381		26G1B06	2	33	0.474255555555556	2024-01-14
H10	0.314507438659731	0.0614119559257468	0.159769807043259	8.86376661355976	4.33841157717785	11.884782894211	12.0044166666667	0.0142813456826387		23G3B07	2	33	0.325955555555556	2024-01-14
H11	0	0	0	0	0	0	0	0	cannot fit data	23G3B06	2	33	0.310955555555556	2024-01-14
H12	0.295441870464702	0.0806888045732878	0.160598894569338	6.09524121104043	4.31601464268287	11.7958069680949	11.9828666666667	0.0137419751895625		Grass-55	2	33	0.313255555555556	2024-01-14
H13	0.307281587728911	0.0679926278303812	0.170562437887083	7.37719623039261	4.06389114242627	12.0338414026515	12.1814166666667	0.0149926819399267		Grass-51	2	33	0.326755555555556	2024-01-14
H14	0.259701463817227	0.0681166052308037	0.123280125846022	8.38829300124285	5.62253790546655	9.66227809331038	9.74401666666667	0.0121811784850257		Salt-6	2	33	0.268855555555556	2024-01-14
H15	0.155264887728869	0.0638581367355349	0.405341711441828	0.884822159061484	1.71003171150182	7.11238946546293	7.08436666666667	0.00435523261416498		23G3B05	2	33	0.167055555555556	2024-01-14
H16	0.275002403231479	0.0522457749693549	0.187633014230397	7.72849491662768	3.69416428874728	10.7667164371824	10.8807166666667	0.0128119814833193		08G4A02	2	33	0.286155555555556	2024-01-14
H17	0.315108309200404	0.0851102298919329	0.130423156343485	7.62229459342953	5.31460209975643	11.9751120210974	12.1662166666667	0.0144975907531387		Salt-5	2	33	0.322955555555556	2024-01-14
H18	0.324470682833707	0.0855260156312761	0.127316574837308	8.06973799294608	5.44428077369882	12.192184717751	12.3692166666667	0.0155001516920593		23G3B08	2	33	0.343455555555556	2024-01-14
H19	0.323085564163059	0.0596829155120052	0.158694366769216	9.35532916505659	4.36781213266358	12.0741515845368	12.1617166666667	0.0152647735773116		Wood-51	2	33	0.336455555555556	2024-01-14
H2	0	0.0475555555555556	0	-0.143138890469847	1.02537261269685	0.225988482385542	0.340816666666667	0.0000702783520786003	questionable fit (k < n0)	Grass-39	2	33	0.0475555555555556	2024-01-14
H20	0.33234155556941	0.0404911406019113	0.240625984578869	8.20841605009773	2.88059987275711	13.045050766753	13.0906166666667	0.0154535004619209		08G1B09	2	33	0.349855555555556	2024-01-14
H3	0.130655555555556	0.0155841207251345	0.045586569582423	412.675666199078	15.2050743653061	2.70708433573033	2.90661666666667	0.0134484780121558		26G3A08	2	33	0.130655555555556	2024-01-14
H4	0.290768919799615	0.0574036069331678	0.220404676471055	6.3632858189468	3.14488418148865	11.8166643237763	11.8141666666667	0.00993061498777058		40G1B01	2	33	0.303355555555556	2024-01-14
H5	0.32746226822709	0.0788210684845163	0.156443618897436	7.34341593988416	4.43065166508563	12.740734369075	12.9197166666667	0.0118950407982895		Mmlr14-014	2	33	0.333155555555556	2024-01-14
H6	0.348578288774271	0.0579563240217935	0.171344836408486	9.40987585884426	4.04533451423936	13.0844831582759	13.2084166666667	0.0144437657683504		28G3A04	2	33	0.361155555555556	2024-01-14
H7	0.298440287419028	0.0865152912133722	0.125136643091997	7.159463631958	5.53912238200574	11.38635861936	11.6201666666667	0.0145948734841854		Grass-36	2	33	0.307155555555556	2024-01-14
H8	0.282537536046054	0.0734957156672309	0.157982425845225	6.61660440763392	4.38749548787799	11.1561423504985	11.2610666666667	0.00992489982414455		Grass-43	2	33	0.291455555555556	2024-01-14
H9	0	0.0462555555555555	0	-0.0358933376988625	0.190473105875137	0.275138174787987	0.393716666666667	0.000150504203156018	questionable fit (k < n0)	Grass-40	2	33	0.0462555555555555	2024-01-14
I1	0.418962095099121	0.00298861091998871	0.315339230938791	15.6523905997424	2.19810005401608	13.5429601545051	13.9937166666667	0.0203269076952092		26G1B06	3	33	0.432755555555556	2024-01-14
I10	0.218208910842031	0.0596736577443207	0.116151424073114	8.41217672702319	5.96761672180298	8.05705320971737	8.11316666666667	0.0111850504554839		23G3B07	3	33	0.228855555555556	2024-01-14
I11	0	0	0	0	0	0	0	0	cannot fit data	23G3B06	3	33	0.225255555555556	2024-01-14
I12	0.275204475550326	0.0774621938297666	0.0594774961392728	15.7567927442185	11.6539401547245	7.97835599540069	8.09906666666667	0.0208222080500683		Grass-55	3	33	0.256755555555556	2024-01-14
I13	0.159024857587713	0.0488445522816551	0.156312294855889	5.20416715017205	4.43437402796107	6.43355581771067	6.30851666666667	0.0135113569822823		Grass-51	3	33	0.183255555555556	2024-01-14
I14	0.166877524315052	0.0685020130746851	0.0467840416553139	7.73615869819805	14.8158892655486	5.33890216253707	5.36281666666667	0.0116368373017274		Salt-6	3	33	0.158955555555556	2024-01-14
I15	0.0995555555555556	0.0315205787406668	0.0222720328520013	771.184740949703	31.1218641408236	2.70686138484743	2.67696666666667	0.00605066195189983		23G3B05	3	33	0.0995555555555556	2024-01-14
I16	0.210764458894107	0.0583735804803488	0.176118392493332	5.44852457774538	3.93568877586813	8.58091699321262	8.63061666666667	0.0115760244643257		08G4A02	3	33	0.231255555555556	2024-01-14
I17	0.198279869717062	0.0402155687015697	0.25154341771396	5.44139747064317	2.75557669868408	8.25985253051414	8.14276666666667	0.00925539125423333		Salt-5	3	33	0.214855555555556	2024-01-14
I18	0.203992080197821	0.0729087933845065	0.0619988849435914	9.46184184790373	11.1799943045846	6.6950191430703	6.87726666666667	0.0151748162984492		23G3B08	3	33	0.195555555555556	2024-01-14
I19	0.209059986026027	0.0633012785040974	0.103144642646039	8.08618866115613	6.72014719114997	7.64611669194602	7.67421666666667	0.0151881097141057		Wood-51	3	33	0.219155555555556	2024-01-14
I2	0	0	0	0	0	0	0	0	cannot fit data	Grass-39	3	33	0.0500555555555556	2024-01-14
I20	0.255393336252864	0.049137461838118	0.20909317353135	6.8605577526992	3.31501583171494	10.2459590057284	10.2646666666667	0.0105724124159334		08G1B09	3	33	0.273755555555556	2024-01-14
I3	0.0589555555555556	0.0266207029922635	0.00357499943179158	3768.91787566912	193.887354049894	1.39397788289925	1.42516666666667	0.00855032645035056		26G3A08	3	33	0.0589555555555556	2024-01-14
I4	0.254229001680708	0.0578473390868875	0.207696532543641	5.88480006445745	3.33730742671066	10.391082519814	10.4105666666667	0.0117041258772726		40G1B01	3	33	0.272555555555556	2024-01-14
I5	0.30286300027456	0.0631758978294498	0.0724882817241088	18.3948555028465	9.56219631744164	8.4509502953914	8.56771666666667	0.0140540423039295		Mmlr14-014	3	33	0.272355555555556	2024-01-14
I6	0.237420447394354	0.0650724154851271	0.167947403571973	5.79952484456216	4.12716818371592	9.56761752958122	9.64596666666667	0.0134799203900833		28G3A04	3	33	0.260255555555556	2024-01-14
I7	0.185611506428772	0.0611160625639626	0.105023504867015	6.77462058889285	6.59992428778332	6.96918345987675	7.12061666666667	0.00913015629473466		Grass-36	3	33	0.184355555555556	2024-01-14
I8	0.193099746471057	0.0930999443713295	0.0774822137833955	0.922722993120613	8.94588766523456	7.51475396687669	7.64841666666667	0.0152420867410615		Grass-43	3	33	0.200955555555556	2024-01-14
I9	0	0.0453555555555556	0	-0.0737214557154583	0.327327044687931	0.320654528680259	0.428516666666667	0.000147710836446587	questionable fit (k < n0)	Grass-40	3	33	0.0453555555555556	2024-01-14
J1	0.392253377637814	0.0527268377807769	0.208858799537925	8.91716097049703	3.3187358257993	15.0597991218955	15.1462666666667	0.0215857614207149		Salt-16	1	33	0.415955555555556	2024-01-14
J10	0.291364333199137	0.0694102630035134	0.172376470535835	6.74358702999841	4.02112410356985	11.5620935018001	11.6190666666667	0.0115056145995384		35G3B04	1	33	0.304855555555556	2024-01-14
J11	0.391865722065151	0.0451275803275332	0.17195520460167	11.8581828810384	4.03097528897483	13.8884718622666	14.1089666666667	0.0185005418073756		Wood-3	1	33	0.417455555555556	2024-01-14
J12	0.215733704458326	0.0830945482542976	0.114565626481676	4.08196811828024	6.05021944056499	8.57091146590707	8.72871666666667	0.0151898015598026		33G3A07	1	33	0.224255555555556	2024-01-14
J13	0.337836811480667	0.067876000247082	0.121112986762329	11.3992258554667	5.72314496644504	11.7724026150548	11.7657666666667	0.0208006412792069		Wood-18	1	33	0.366055555555556	2024-01-14
J14	0.304152281718869	0.0592723471120534	0.200424041476507	7.0781186817233	3.45840337044192	12.1179560601274	12.2064166666667	0.0144854585780292		25G2A02	1	33	0.323455555555556	2024-01-14
J15	0.311480605482289	0.104486832536447	0.0908619112792629	7.52380884103132	7.62857803452501	11.2922590888	11.2676666666667	0.0200728291500792		Napa-18	1	33	0.318755555555556	2024-01-14
J16	0.273053901534757	0.0860169800687211	0.138559673811808	5.60596959828085	5.00251740994555	10.8357628787633	10.9048166666667	0.0123465369344929		25G3A08	1	33	0.287055555555556	2024-01-14
J17	0.287270864446399	0.0786983399813636	0.159733583390141	6.10181489092578	4.33939542235755	11.4626072591528	11.6030166666667	0.0134197608410441		Pine-20	1	33	0.303755555555556	2024-01-14
J18	0.140708865790936	0.0477398021814425	0.0822066315806822	8.10763436477097	8.43176720943312	4.96711788733286	4.91906666666667	0.00587859921852203		28G4A10	1	33	0.134855555555556	2024-01-14
J19	0.309799563422419	0.0608496830796709	0.168071150483775	8.38243194734788	4.12412944496895	11.8727947838871	11.9099666666667	0.00956451402314227		02D05	1	33	0.317755555555556	2024-01-14
J2	0.205066505944535	0.0294852031968192	0.177418662609352	10.0565161632412	3.90684480632201	7.60289233987928	7.60851666666667	0.011548549374069		Napa-12	1	33	0.208955555555556	2024-01-14
J20	0.246800545626974	0.0679437828490425	0.140435679656134	6.89215617772342	4.93569143010637	9.58502412565163	9.56956666666667	0.00868007257758405		23D06	1	33	0.253655555555556	2024-01-14
J3	0.370691826654268	0.0497225525409268	0.217394456522267	8.57835487376699	3.18843079832143	14.3680186218228	14.4079166666667	0.0224367841877525		Wood-21	1	33	0.396255555555556	2024-01-14
J4	0.290096679765943	0.0706425809030864	0.161042297597378	7.03858563328678	4.30413121832676	11.3825174409317	11.4508666666667	0.00890317468829071		Grass-58	1	33	0.298155555555556	2024-01-14
J5	0.324004911667873	0.0736484274037564	0.183463918793612	6.66933889176778	3.77811171328844	12.9368220729508	13.0122666666667	0.0106158317753662		09G1A07	1	33	0.332355555555556	2024-01-14
J6	0.27463232102735	0.0654107166274314	0.209198203048468	5.55792484630237	3.31335150330786	11.2990194367706	11.3334666666667	0.0075737899419252		40G3B03	1	33	0.283555555555556	2024-01-14
J7	0.317959784927467	0.067072619875152	0.206285118053982	6.39516508862294	3.36014147360139	12.8637714482967	12.9121666666667	0.0120251686970777		09G3B12	1	33	0.333155555555556	2024-01-14
J8	0.350302916118026	0.0671997444902011	0.164172949214379	8.75992029655968	4.22205475309348	13.2948513520322	13.4542666666667	0.0169586619849408		35G2A07	1	33	0.371755555555556	2024-01-14
J9	0.326980521277456	0.0883549131852727	0.117543653357439	8.45246845991999	5.89693412414324	12.0815085172729	12.2308666666667	0.0112224644817804		Salt-11	1	33	0.336955555555556	2024-01-14
K1	0.410568503971253	0.0558388165855625	0.212698399275682	8.69252799487116	3.25882650231677	15.8566793564518	15.9236666666667	0.0225819889923891		Salt-16	2	33	0.435055555555556	2024-01-14
K10	0.312654606176317	0.0543816032260115	0.177001105793725	8.80215549379262	3.91606130058718	11.9195725478253	11.8871666666667	0.00728803711829612		35G3B04	2	33	0.317355555555556	2024-01-14
K11	0.393730038795037	0.0375267112718424	0.198524421520651	11.3358785549302	3.49149578299033	14.23848099425	14.3426666666667	0.0151435190513093		Wood-3	2	33	0.405155555555556	2024-01-14
K12	0.207489775000137	0.0597625584905475	0.271678095689718	3.33110435881521	2.55135467877979	9.00889162788886	9.00926666666667	0.00842010997431319		33G3A07	2	33	0.218955555555556	2024-01-14
K13	0.347061968366999	0.0621390944506726	0.133499206097862	11.4071329649758	5.19214458887368	12.2066805460831	12.0859166666667	0.0136434617885025		Wood-18	2	33	0.363855555555556	2024-01-14
K14	0.326218760433744	0.0507812126670914	0.200767817654169	8.42184010857269	3.45248152148528	12.6367760240774	12.6425166666667	0.0110375622517511		25G2A02	2	33	0.345955555555556	2024-01-14
K15	0.286311124793529	0.077630278787971	0.148105009127565	6.67667148059579	4.68010626138193	11.2241658298154	11.2562666666667	0.00846370566653669		Napa-18	2	33	0.295355555555556	2024-01-14
K16	0.281377272447141	0.0637242645362441	0.166772870734075	7.36532670725915	4.15623462922332	11.0023353985722	10.9585166666667	0.00739846820961851		25G3A08	2	33	0.289355555555556	2024-01-14
K17	0.306347671015457	0.0767856401718327	0.17113520167023	6.3993592402358	4.05028990993689	12.2291813816694	12.2882166666667	0.0102386441988736		Pine-20	2	33	0.322355555555556	2024-01-14
K18	0.152356909794759	0.0421645300254734	0.0905731086367207	10.6063313140652	7.65290262190388	5.20811321465927	5.15196666666667	0.00698715950093104		28G4A10	2	33	0.145555555555556	2024-01-14
K19	0.310245652929489	0.0481707584060468	0.207087901897843	8.1795128516209	3.34711576199115	12.1017393538032	12.0961166666667	0.00920890551972094		02D05	2	33	0.318555555555556	2024-01-14
K2	0.357298816095778	0.0744751989512158	0.154072826157992	8.66056205794179	4.49882823496187	13.5192657660764	13.5019166666667	0.00875542703673458		Napa-12	2	33	0.358755555555556	2024-01-14
K20	0.243492309809869	0.0597541808053787	0.143393190566116	7.83351264807124	4.83389188721864	9.30744200456912	9.19536666666667	0.00861742465722392		23D06	2	33	0.253855555555556	2024-01-14
K3	0.368680262752048	0.035357306069351	0.231449753392988	9.69371009448614	2.99480630417014	13.9624032129027	14.0665666666667	0.0257766871459203		Wood-21	2	33	0.407455555555556	2024-01-14
K4	0.307348478000058	0.0656531454491682	0.168319445567836	7.74297028013964	4.11804576839931	11.9362271825899	11.9672666666667	0.0110421712821943		Grass-58	2	33	0.320055555555556	2024-01-14
K5	0.348284879864656	0.0622159108338318	0.194359123248886	7.84950116301438	3.56632181177488	13.6319060512925	13.6822166666667	0.0159912016701222		09G1A07	2	33	0.361655555555556	2024-01-14
K6	0.305939571305138	0.0684053234571657	0.198350160747124	6.27607842581839	3.49456324083163	12.3750417178541	12.3460166666667	0.00614115825254859		40G3B03	2	33	0.318655555555556	2024-01-14
K7	0.337352818069697	0.0693228621181074	0.200103801344508	6.75811248278164	3.46393809564162	13.5257001709379	13.5381166666667	0.00977219789337042		09G3B12	2	33	0.348755555555556	2024-01-14
K8	0.359328530986287	0.0565007545201953	0.197283393146548	8.51014487448784	3.51345934143101	13.878995635379	13.9612166666667	0.01958087631637		35G2A07	2	33	0.382955555555556	2024-01-14
K9	0.335466996590294	0.0700522448735857	0.14225373678704	9.36391840660476	4.87261140702137	12.4184175353747	12.5519166666667	0.0127206810583401		Salt-11	2	33	0.340255555555556	2024-01-14
L1	0.274652553148163	0.0368815808705874	0.200715738768019	9.28475094888894	3.45337732264765	10.4365022716715	10.4912666666667	0.0192795973730859		Salt-16	3	33	0.302755555555556	2024-01-14
L10	0.155752230816977	0.0469433440637151	0.0951537194647512	8.83466864363321	7.28449906592159	5.55192821016684	5.50121666666667	0.0157945272208531		35G3B04	3	33	0.151555555555556	2024-01-14
L11	0.256933893410195	0.0326329104070861	0.142819243399677	13.4972534325869	4.85331783070848	8.63354898227193	8.65986666666667	0.0102009736446161		Wood-3	3	33	0.256655555555556	2024-01-14
L12	0.15978389461751	0.0433212589473091	0.246487964157322	4.01207019498927	2.81209341368709	6.82356769348661	6.72241666666667	0.0112092190950988		33G3A07	3	33	0.173055555555556	2024-01-14
L13	0	0.0474555555555556	0	-0.0718664213341709	0.36490377923396	0.297230004664607	0.413966666666667	0.000116777150927924	questionable fit (k < n0)	Wood-18	3	33	0.0474555555555556	2024-01-14
L14	0.211097264390211	0.0459782409477602	0.115933083321806	11.0278987646159	5.97885573901207	7.38228885044009	7.41486666666667	0.0128180700207688		25G2A02	3	33	0.215055555555556	2024-01-14
L15	0.287355555555556	0.03975108422358	0.780249626377327	2.34437213515674	0.888365924349371	13.0645649434324	9.71306666666667	0.111953597081111		Napa-18	3	33	0.343155555555556	2024-01-14
L16	0.21423554386264	0.0511512240206064	0.0746401563261143	15.5342780834878	9.28651833915618	6.41603395121379	6.56526666666667	0.0125168417741355		25G3A08	3	33	0.193555555555556	2024-01-14
L17	0	0	0	0	0	0	0	0	cannot fit data	Pine-20	3	33	0.290855555555556	2024-01-14
L18	0.202982927850802	0.0190523592575393	0.118365350042367	19.1556684581982	5.85599738700426	5.74139942525565	5.70351666666667	0.0112524880240443		28G4A10	3	33	0.210455555555556	2024-01-14
L19	0.259167261741653	0.0580134293522635	0.120709559949708	10.3007203971808	5.74227245007552	9.24890746086823	9.22191666666667	0.00900984821915884		02D05	3	33	0.262855555555556	2024-01-14
L2	0.4016447080865	0.0776595855366007	0.183561391919003	7.78138907292613	3.77610549426319	15.6848020916191	15.7230666666667	0.0145613785696958		Napa-12	3	33	0.419855555555556	2024-01-14
L20	0.228197635486914	0.057733061059495	0.0677153059508611	15.9889628190164	10.2361965411917	6.68704365035553	6.72161666666667	0.0134886000365363		23D06	3	33	0.200955555555556	2024-01-14
L3	0.307528105082633	0.0454577044364624	0.19687619873476	8.8981342735686	3.52072614675877	11.7757779516325	11.8497666666667	0.0181054022751246		Wood-21	3	33	0.331955555555556	2024-01-14
L4	0.18726155742231	0.059732662241076	0.0636783087845647	11.9108689483933	10.8851380287908	5.90986668194027	6.05471666666667	0.00869973453832332		Grass-58	3	33	0.165155555555556	2024-01-14
L5	0.281226797268597	0.0517269428289435	0.201765822432184	7.38442018390662	3.43540433262884	11.1392660715993	11.1244166666667	0.010881239236997		09G1A07	3	33	0.299855555555556	2024-01-14
L6	0.170062031223817	0.0548391593020117	0.271694958315378	2.73271079295834	2.55119633009662	7.45457858082773	7.41071666666667	0.010956093109021		40G3B03	3	33	0.182255555555556	2024-01-14
L7	0.191901411669098	0.0498138969223002	0.214740198587678	4.88101052307095	3.22784082867901	8.00610535568596	7.98721666666667	0.0100039270270511		09G3B12	3	33	0.205755555555556	2024-01-14
L8	0.176063681553927	0.04164738874057	0.185775742526491	6.30708272110143	3.73109627302986	7.08522452282681	6.97326666666667	0.00831435407916424		35G2A07	3	33	0.195755555555556	2024-01-14
L9	0.2282710104399	0.0422704764129706	0.153909613082771	9.62682336676529	4.50359900643228	8.45979163666076	8.49516666666667	0.00731408104275877		Salt-11	3	33	0.229655555555556	2024-01-14
A1	0.337411317906612	0.00641485507398233	0.181516531462325	21.7252459110627	3.81864491887237	8.84542697287247	9.22036666666667	0.0230667013286613		Desert-26	1	37	0.344638888888889	2024-01-14
A10	0.345943687951209	0.076193190377641	0.127657909211354	9.90322779797359	5.42972374247764	12.526018474	12.4458166666667	0.00781467543325079		23G3A10	1	37	0.347138888888889	2024-01-14
A11	0.416447761296939	0.0517507197290206	0.201879521853764	9.67224722961004	3.43346949802091	15.6886779983033	15.9644666666667	0.0407957445059886		23G3A03	1	37	0.463938888888889	2024-01-14
A12	0.385401905072082	0.106909748537137	0.104876926057556	9.12884201308072	6.60914851928011	13.8489019196337	13.8428166666667	0.0126844025136442		23G3A08	1	37	0.390038888888889	2024-01-14
A13	0.426375765571068	0.128477484889237	0.0838843818446621	10.0256853020095	8.26312557018685	14.5747532942768	14.5124166666667	0.0187312530143265		23G4A03	1	37	0.413638888888889	2024-01-14
A14	0.409678854507002	0.0654697861500522	0.22499494331796	7.37643455036796	3.08072337243775	16.3257592426999	16.3102666666667	0.035972367913889		23G1B09	1	37	0.451138888888889	2024-01-14
A15	0.425664736881864	0.0529100983565226	0.172042539548319	11.3479270121443	4.02892902173924	15.2776059795397	15.4852666666667	0.02108679840998		23G2A11	1	37	0.443138888888889	2024-01-14
A16	0.417845522809621	0.115270969998738	0.0733741034466649	13.1523526660629	9.44675502663945	13.1480710211124	12.9342166666667	0.0152200811695097		23G2B11	1	37	0.395238888888889	2024-01-14
A17	0.364515435768721	0.074198479955061	0.160989324775447	8.47403773477606	4.30554747357794	13.8963961102695	13.9465166666667	0.0145640640885862		26G3B01	1	37	0.374938888888889	2024-01-14
A18	0.238338888888889	0.0889802464226598	0.254938794355754	2.03160926019829	2.71887682810916	10.5191498798321	10.2340666666667	0.0160756584952988		26G3B10	1	37	0.254738888888889	2024-01-14
A19	0.360221448128367	0.0721875768238053	0.158710602849507	8.71907794520645	4.36736530587815	13.6466850179135	13.6051166666667	0.00939155484691153		02G2A03	1	37	0.365538888888889	2024-01-14
A2	0.420335779186853	0.0749992119081928	0.123510561902631	12.3636543280203	5.61204782718409	14.3518458564456	14.4603666666667	0.0141956576793899		Grass-59	1	37	0.415938888888889	2024-01-14
A20	0.300373727240585	0.0384597404798355	0.165497526692018	11.5917391701003	4.18826307809334	10.6917934517481	10.7459166666667	0.0159390024715821		02G1B04	1	37	0.302738888888889	2024-01-14
A21	0.392458113894509	0.0590260291198579	0.188641005869687	9.17860183494905	3.67442474855531	14.8980515294488	14.9760666666667	0.0243520764330237		25D05	1	37	0.416038888888889	2024-01-14
A22	0.130038888888889	0.0412054201419386	0.0236979858016882	697.153613742484	29.2492022891906	3.68441047458168	3.78486666666667	0.0122131579385014		35D02	1	37	0.130038888888889	2024-01-14
A3	0.35140131577572	0.104318566328878	0.0835344110393069	10.3223801152892	8.29774427012823	11.9353169537355	11.8178666666667	0.00849224324486008		Grass-45	1	37	0.343838888888889	2024-01-14
A4	0.443160896515165	0.103897892863775	0.0789388333521073	14.9909361570414	8.78081358851805	13.5285175552813	13.4902166666667	0.00536267347902777		Grass-44	1	37	0.412138888888889	2024-01-14
A5	0.394780578859119	0.0953795794074302	0.102787760626866	11.1289447301589	6.74347973272973	13.5796622436983	13.5943666666667	0.00673487908172557		Grass-42	1	37	0.386138888888889	2024-01-14
A6	0.473361461950632	0.0968894005841474	0.105405549130148	12.8766817465704	6.57600274634587	15.7069914188051	15.7484666666667	0.0092045805413156		Grass-53	1	37	0.465338888888889	2024-01-14
A7	0	0.0480388711910314	0	-0.326155009682116	1.32432077396232	0.388541454556802	0.477066666666667	0.000259617363845771	questionable fit (k < n0)	Grass-54	1	37	0.0480388888888889	2024-01-14
A8	0.419023142241105	0.0713673149786352	0.148190050127021	10.6847456747995	4.67742051484439	15.1191986548664	15.2881166666667	0.0174664127954057		Grass-57	1	37	0.418738888888889	2024-01-14
A9	0.298576057653124	0.0584373391612513	0.138006468269059	10.2405467880281	5.02257024075552	10.8146144813546	10.7195166666667	0.0103312640352089		23G3B01	1	37	0.297138888888889	2024-01-14
B1	0.276258060031178	0.00732525321285009	0.155169942248447	23.2205656894429	4.46701964643465	6.83534648666067	7.17516666666667	0.0222375970491502		Desert-26	2	37	0.272938888888889	2024-01-14
B10	0.286047099216854	0.0759760179879142	0.127498282773871	7.97679933927604	5.43652169644748	10.7695145269444	10.7098666666667	0.00541764010027456		23G3A10	2	37	0.283938888888889	2024-01-14
B11	0.368816702952619	0.0480737112439889	0.207652190217832	9.13982495271345	3.33802007979217	14.0847841639023	14.1983666666667	0.0263819678566026		23G3A03	2	37	0.398738888888889	2024-01-14
B12	0.310859951146244	0.0782498980232639	0.143239431507413	7.60583815596164	4.83908078428859	11.934263780601	11.8704166666667	0.0100151550870274		23G3A08	2	37	0.321238888888889	2024-01-14
B13	0.337432073848149	0.0916654709331909	0.138826769671947	7.10408053655975	4.99289281309275	13.037443292114	13.0294166666667	0.00982189778695351		23G4A03	2	37	0.352038888888889	2024-01-14
B14	0.369846840542946	0.0564438694737479	0.217880995219515	7.86779555769387	3.18131087964602	14.5619396757356	14.5840666666667	0.0275396119639489		23G1B09	2	37	0.400138888888889	2024-01-14
B15	0.359076751490021	0.0470876148787027	0.18206033992596	10.3864375773324	3.80723874755938	13.2310073792232	13.3517166666667	0.0166970393104571		23G2A11	2	37	0.367538888888889	2024-01-14
B16	0.305593977973262	0.0802730842341467	0.122420498822599	8.4307057708784	5.66201892024957	11.3510273334657	11.2101666666667	0.01045593771758		23G2B11	2	37	0.310338888888889	2024-01-14
B17	0.307605964700963	0.074998113185946	0.149443704425049	7.57402958932943	4.63818253988466	11.8649236712032	11.8800666666667	0.0121789347142711		26G3B01	2	37	0.319138888888889	2024-01-14
B18	0.212438888888889	0.0770200362702674	0.263675372007456	2.14015811813194	2.62878999765038	9.37963378290293	9.04256666666667	0.0157603340205025		26G3B10	2	37	0.229038888888889	2024-01-14
B19	0.312675122634851	0.0619761338922734	0.156226672388504	8.94535853794047	4.43680435589274	11.7737554691704	11.7021166666667	0.0105608628293293		02G2A03	2	37	0.322438888888889	2024-01-14
B2	0.32491510002366	0.067549598674308	0.133998225943419	9.98248391832411	5.17280863742648	11.8021542397262	11.8312166666667	0.0183499241073253		Grass-59	2	37	0.327938888888889	2024-01-14
B20	0.274708140574432	0.039719046073909	0.153659888056725	11.5691108886394	4.51091816690681	9.7352780906635	9.77376666666667	0.0146425724645812		02G1B04	2	37	0.279138888888889	2024-01-14
B21	0.353377858113727	0.0607534542346943	0.170577515025222	9.21613817619612	4.0635319400535	13.3173168928689	13.3543666666667	0.0174209005173287		25D05	2	37	0.370738888888889	2024-01-14
B22	0.104138888888889	0.0369553113655846	0.021484657135132	763.987925696933	32.2624269123896	3.10406729548383	3.22536666666667	0.0129901166521341		35D02	2	37	0.104138888888889	2024-01-14
B3	0.301360619771477	0.0838357736759276	0.117912122791614	8.0861343723674	5.87850650254974	11.2182835419702	11.0824666666667	0.00860171768683006		Grass-45	2	37	0.306538888888889	2024-01-14
B4	0.335792360919395	0.0800200896587516	0.118663672688053	9.79246413824847	5.84127530235906	12.0897441527508	12.0284666666667	0.00677347214272924		Grass-44	2	37	0.333138888888889	2024-01-14
B5	0.330175895013643	0.0807923523659011	0.121558471305813	9.2721611177777	5.70217092329295	12.0491501344765	11.9920166666667	0.00730571056163568		Grass-42	2	37	0.327638888888889	2024-01-14
B6	0.367931807826021	0.0803692450431099	0.143788739730139	8.86584631016096	4.82059430982449	13.7772495932917	13.7990166666667	0.00981097008244721		Grass-53	2	37	0.374438888888889	2024-01-14
B7	0	0	0	0	0	0	0	0	cannot fit data	Grass-54	2	37	0.0488388888888889	2024-01-14
B8	0.357800378155781	0.0666074301856401	0.153935923890293	9.58301302217578	4.50282924896686	13.2730943890651	13.3363666666667	0.0158841608275344		Grass-57	2	37	0.365338888888889	2024-01-14
B9	0.269230965289765	0.0601927412716296	0.130030071738528	9.57444182314432	5.33066829305273	9.83535094052859	9.72401666666667	0.00922264705674468		23G3B01	2	37	0.270238888888889	2024-01-14
C1	0.295600421250558	0.0087606022188868	0.148051936183661	23.5637532274445	4.68178396329842	7.21618145298232	7.52806666666667	0.0225419316211681		Desert-26	3	37	0.298738888888889	2024-01-14
C10	0.256644223618129	0.0821275424645005	0.116411941934263	6.47482452191619	5.95426181406167	9.82440633186199	9.78941666666667	0.00429764777385728		23G3A10	3	37	0.254338888888889	2024-01-14
C11	0.353970326084671	0.0558446476666253	0.196810309720565	8.51043551931555	3.52190483081952	13.6700868882317	13.7590666666667	0.0219885385905935		23G3A03	3	37	0.382538888888889	2024-01-14
C12	0.282285446589543	0.0883195457653798	0.140196975367546	5.61154000037101	4.944095111487	11.2153881478956	11.2156166666667	0.00725139116525677		23G3A08	3	37	0.292138888888889	2024-01-14
C13	0.310021499053653	0.088377874116159	0.145179775023543	6.33317659621536	4.77440594220193	12.2060556611774	12.1931166666667	0.00797797199961093		23G4A03	3	37	0.318138888888889	2024-01-14
C14	0.358173288199955	0.0658315419741205	0.212498558373519	7.0156918161766	3.26189121406446	14.3374420036596	14.3324166666667	0.0230873029656318		23G1B09	3	37	0.388238888888889	2024-01-14
C15	0.327356935884415	0.0541149890157581	0.173388681999175	9.33882435418519	3.99764951534289	12.3171702876346	12.3790666666667	0.0128951276835019		23G2A11	3	37	0.332838888888889	2024-01-14
C16	0.28495457200711	0.0863874285200247	0.117653983520717	7.07400727443843	5.89140426713978	10.8067809405521	10.7313166666667	0.00747851244715696		23G2B11	3	37	0.289238888888889	2024-01-14
C17	0.291564411358247	0.0844814244788048	0.142601274665636	6.28737671723311	4.86073621841881	11.4677000508647	11.5024166666667	0.00871344247987088		26G3B01	3	37	0.303938888888889	2024-01-14
C18	0.201335515130781	0.0733549856896346	0.310225416942295	1.79407500064299	2.23433394784953	9.00883683789198	8.71776666666667	0.0197309868231678		26G3B10	3	37	0.233438888888889	2024-01-14
C19	0.289355476999921	0.0705797279255228	0.151191459487573	7.48259371790961	4.58456570833565	11.1929867323387	11.1742666666667	0.0068013946308822		02G2A03	3	37	0.302038888888889	2024-01-14
C2	0.347837744791121	0.0571632536496872	0.172509722872236	9.4272528738158	4.01801805150022	13.0576568585604	13.0172666666667	0.0192848319645997		Grass-59	3	37	0.358638888888889	2024-01-14
C20	0.261780088941209	0.0492201959376108	0.13677456557959	10.6958466003775	5.06780758266491	9.37845183947387	9.37381666666667	0.0112838722359549		02G1B04	3	37	0.264738888888889	2024-01-14
C21	0.355391687513434	0.0633934351989059	0.174558816847492	8.74998773643859	3.97085173397762	13.551273741652	13.6166166666667	0.0195732517119163		25D05	3	37	0.379838888888889	2024-01-14
C22	0.116638888888889	0.0340315349262485	0.0252841643094213	651.456726786725	27.4142808153507	3.18416079268141	3.37246666666667	0.0129518124575664		35D02	3	37	0.116638888888889	2024-01-14
C3	0.284734689748789	0.0882750719029661	0.12017783938416	6.65679422092753	5.76767883423363	10.909020982936	10.8006166666667	0.00730441074303767		Grass-45	3	37	0.287738888888889	2024-01-14
C4	0.299263770934966	0.0790279374975248	0.114368781181762	8.96133982212665	6.06063274783311	10.910458577489	10.8405666666667	0.0083150275938962		Grass-44	3	37	0.301438888888889	2024-01-14
C5	0.30732465220138	0.0875357530049994	0.118802444229329	7.74916902490287	5.83445218704371	11.5244505917995	11.5106666666667	0.00785101669489525		Grass-42	3	37	0.313338888888889	2024-01-14
C6	0.350559154150319	0.0880208133119725	0.142616293013723	7.66268570853657	4.86022435384186	13.4377002252437	13.4265666666667	0.00887911027019951		Grass-53	3	37	0.358038888888889	2024-01-14
C7	0	0.0473388888888889	0	-0.160003340618182	1.15368289992246	0.225524466692583	0.337316666666667	0.000064148183990664	questionable fit (k < n0)	Grass-54	3	37	0.0473388888888889	2024-01-14
C8	0.339978038009716	0.0781119797903214	0.155461078795278	7.7813026820597	4.45865412700968	13.1067952259976	13.1182666666667	0.0146540044035534		Grass-57	3	37	0.351938888888889	2024-01-14
C9	0.245410011289522	0.0627320589014905	0.124630437761912	8.5761726870382	5.56162036343083	9.10812703508978	9.00121666666667	0.00718098734758981		23G3B01	3	37	0.245638888888889	2024-01-14
D1	0.304964774812126	0.086041175535037	0.126644417111823	7.37416509575388	5.47317597070164	11.6052413043186	11.4604166666667	0.00971652972453847		19G2B10	1	37	0.320138888888889	2024-01-14
D10	0.227728682787578	0.0810135250093108	0.109025311439347	5.44714691312494	6.35767209842422	8.79224214942167	8.72126666666667	0.00389226425679177		35G3B01	1	37	0.228738888888889	2024-01-14
D11	0.268962284773733	0.0897344466320467	0.125473707981937	5.51353052845328	5.5242424226415	10.5675011992934	10.6130666666667	0.00770677321049936		Grass-34	1	37	0.269738888888889	2024-01-14
D12	0.256702321727038	0.082490691858413	0.12099785002889	6.17850120958965	5.72859088318053	9.92668263638087	9.93406666666667	0.00763684583016134		Grass-31	1	37	0.255738888888889	2024-01-14
D13	0.262879776422131	0.0797281448528548	0.0850203958161302	9.78226143507531	8.1527164618121	9.04699488086053	9.15011666666667	0.00967628424330416		S.11	1	37	0.249938888888889	2024-01-14
D14	0.270666490333566	0.0632827344028819	0.129485027201249	9.16676207488917	5.3531068073426	9.96781345996374	10.0334166666667	0.0121148715718124		Mcba15-007	1	37	0.274338888888889	2024-01-14
D15	0.221902516058595	0.0903953478924383	0.115348128900735	3.24988848771788	6.00917576353965	8.9346877855395	8.93141666666667	0.00390433979507521		35G3B11	1	37	0.225638888888889	2024-01-14
D16	0.258920852541052	0.089041064728378	0.0966065755868771	6.6868470154939	7.17494825118407	9.61640878139711	9.60901666666667	0.00372227533447015		35G3B02	1	37	0.257238888888889	2024-01-14
D17	0.232170172610772	0.0826258574898015	0.100267778786771	5.91685686158919	6.9129603642062	8.78571391001189	8.75621666666667	0.00358606274512477		35G3B09	1	37	0.230238888888889	2024-01-14
D18	0.242650435759573	0.081936300962473	0.0891698744571196	7.5550751056862	7.77333359253824	8.76574181146387	8.77091666666667	0.00356334496430927		26G1A06	1	37	0.235538888888889	2024-01-14
D19	0.260111007919556	0.0874799212394634	0.0981980310215074	6.92221186215646	7.05866679147703	9.64538239000536	9.54746666666667	0.0112487153466696		Mmlr14-002	1	37	0.267438888888889	2024-01-14
D2	0.317907848229341	0.0616027627899561	0.116189526963614	12.2701399356344	5.96565971713621	10.8121986814194	10.7052166666667	0.0105716460470866		12G2A10	1	37	0.319238888888889	2024-01-14
D20	0.21231429219752	0.0919463096390829	0.095579716361308	2.81805351967786	7.25203219833514	8.36152880464824	8.37871666666667	0.0041809400401133		Mcba15-009	1	37	0.214938888888889	2024-01-14
D3	0.251218448372983	0.0223603810967711	0.160551690846889	14.4863707990572	4.31728359199261	8.2805659724285	8.20336666666667	0.0184886933150723		41G1B04	1	37	0.269538888888889	2024-01-14
D4	0.221331462076849	0.0993551644947331	0.0838459160036608	2.44646135481129	8.26691642953345	8.56687017339861	8.52116666666667	0.00352914856819526		Mcba15-003	1	37	0.219938888888889	2024-01-14
D5	0.335435389918608	0.0730029213533173	0.107631188883553	11.8877654396589	6.44002159364667	11.4116909337664	11.4628166666667	0.0103389458766148		19G3B08	1	37	0.324338888888889	2024-01-14
D6	0.300795512074394	0.0756940640997366	0.115665822591811	9.42241547385116	5.9926706526446	10.8799497627397	10.8032166666667	0.00852577866633294		19G4A01	1	37	0.300438888888889	2024-01-14
D7	0.200921974969065	0.0905767508999474	0.0918494726475434	2.14934586662127	7.54655590914254	7.93361540674496	7.89841666666667	0.00345879479080516		Mcba15-005	1	37	0.200338888888889	2024-01-14
D8	0.216230831235017	0.0942781737334605	0.0988758353827824	2.60309516421294	7.01027888034052	8.5881816874978	8.58986666666667	0.00275229079818235		Mmlr14-006	1	37	0.216738888888889	2024-01-14
D9	0.319402311068089	0.0506145140180341	0.162678179516624	10.2637233907842	4.26084913551122	11.7185412390013	11.7271666666667	0.0123459189816688		35G1B04	1	37	0.321938888888889	2024-01-14
E1	0.302416760071114	0.0963242775679971	0.117509092760797	6.47272992943028	5.89866847130649	11.5911115209804	11.4760666666667	0.00886253926628425		19G2B10	2	37	0.313338888888889	2024-01-14
E10	0.211306737482611	0.09385749728777	0.0946680331944949	2.36857774095524	7.32187156709888	8.36081099307153	8.36471666666667	0.00457904846885649		35G3B01	2	37	0.211038888888889	2024-01-14
E11	0.258787778875837	0.084499503514893	0.115665250917752	6.25914022345656	5.99270027134455	9.93542509214187	9.97461666666667	0.00652528676468601		Grass-34	2	37	0.258638888888889	2024-01-14
E12	0.243749894553055	0.0915103127245588	0.112330960540282	4.53128683705696	6.17058001842139	9.59051332721541	9.64896666666667	0.00753013955867513		Grass-31	2	37	0.246038888888889	2024-01-14
E13	0.24760247130633	0.0790393551811403	0.074225175731537	10.203604819113	9.33843771642886	8.27169215828404	8.34456666666667	0.00954660506741935		S.11	2	37	0.228538888888889	2024-01-14
E14	0.254808976494443	0.069027047237295	0.136379639619519	7.25969909119002	5.08248285809915	9.79790215392442	9.85056666666667	0.0119267443216635		Mcba15-007	2	37	0.269138888888889	2024-01-14
E15	0.208882306099536	0.0898722756275012	0.107520179180168	2.61177277332101	6.44667062355304	8.40259207951821	8.42206666666667	0.00332500206553509		35G3B11	2	37	0.210338888888889	2024-01-14
E16	0.237828027006093	0.0995954639415787	0.0787583955412982	4.16236114614767	8.80093069184584	8.88142283867615	8.93541666666667	0.00656484879097104		35G3B02	2	37	0.232438888888889	2024-01-14
E17	0.213466206510165	0.08239424645693	0.128722817189192	3.6064381278976	5.38480430816849	8.67315970819331	8.66166666666667	0.00385031750768634		35G3B09	2	37	0.217938888888889	2024-01-14
E18	0.240819910550345	0.0844915919038417	0.0822640046514598	7.47965504070577	8.42588667421074	8.59581057017625	8.64291666666667	0.00460637521960949		26G1A06	2	37	0.230938888888889	2024-01-14
E19	0.264181575514855	0.111084061743751	0.203291744908612	1.57796783989194	3.40961794032288	11.5549812708467	11.5224666666667	0.00425079709341898		Mmlr14-002	2	37	0.269138888888889	2024-01-14
E2	0.316716821392795	0.0604698568144443	0.119495663041132	12.0840927752563	5.8006053351188	10.8496447740509	10.7659166666667	0.0119533903130215		12G2A10	2	37	0.316138888888889	2024-01-14
E20	0.216448751686418	0.0870421121051165	0.0896582037909343	4.42310492265156	7.73099561726924	8.23838141357717	8.22231666666667	0.00334347102056828		Mcba15-009	2	37	0.216438888888889	2024-01-14
E3	0.261992829629058	0.0310711639928561	0.148710965527465	13.4878981508321	4.66103611190616	8.82989002967975	8.74496666666667	0.0154882608494747		41G1B04	2	37	0.277138888888889	2024-01-14
E4	0.21477405891891	0.10029988997611	0.0803242425551225	1.64563768752973	8.62936466639288	8.33704693901949	8.32801666666667	0.00311340112057947		Mcba15-003	2	37	0.213438888888889	2024-01-14
E5	0.317811171589662	0.0818947853933734	0.096357427772101	10.9803899140045	7.19350024784116	10.8742751788382	10.9577166666667	0.00773098516065189		19G3B08	2	37	0.301938888888889	2024-01-14
E6	0.262976325387632	0.0833103282485704	0.113632779635124	6.76325113350073	6.09988757456826	9.9838871601916	9.92986666666667	0.00823613114375016		19G4A01	2	37	0.263038888888889	2024-01-14
E7	0.18530691906052	0.099536737843768	0.0774246981847308	-1.92258279652635	8.95253319433208	7.45691859134742	7.49276666666667	0.00431328093129736	questionable fit	Mcba15-005	2	37	0.184938888888889	2024-01-14
E8	0.188063588088247	0.0939408377936035	0.11196511029317	0.0172784685125745	6.19074262281356	7.86895410029119	7.86101666666667	0.00350300253044286		Mmlr14-006	2	37	0.190238888888889	2024-01-14
E9	0.309124143973132	0.0720554355762254	0.135515743842607	8.78801394490708	5.11488304536034	11.5271875979478	11.5991666666667	0.00983596489104574		35G1B04	2	37	0.315138888888889	2024-01-14
F1	0.294332343453102	0.0930721174176964	0.11685905133641	6.59960927321831	5.93148046841946	11.2479671716103	11.1467666666667	0.00759294386567162		19G2B10	3	37	0.303638888888889	2024-01-14
F10	0.202424661473854	0.0860463581926385	0.085041412992404	3.55073968787217	8.1507015954904	7.73378794035235	7.70696666666667	0.00263785925419476		35G3B01	3	37	0.200238888888889	2024-01-14
F11	0.254800375965373	0.0896444770899454	0.106499525742348	5.73747415604403	6.50845321355574	9.75754815709094	9.80651666666667	0.00448841226545073		Grass-34	3	37	0.252838888888889	2024-01-14
F12	0.232965042610415	0.0939330927353822	0.100119063499286	3.9165469472549	6.92322876716571	9.09681667486626	9.20636666666667	0.00905238187793438		Grass-31	3	37	0.236938888888889	2024-01-14
F13	0.236138220123105	0.0850929921704238	0.0593502126304307	9.66861962889115	11.6789333995502	7.66298385387139	7.76481666666667	0.00917113070996661		S.11	3	37	0.210838888888889	2024-01-14
F14	0.242539561464979	0.0720313062074665	0.115879428615469	7.43602976669977	5.98162407980164	9.11976262899125	9.19181666666667	0.0120346605319908		Mcba15-007	3	37	0.251838888888889	2024-01-14
F15	0.19836663102062	0.102514629656055	0.0711556650523054	-0.944410641789652	9.74127892769217	7.76571571126886	7.83241666666667	0.00547168150205214	questionable fit	35G3B11	3	37	0.194138888888889	2024-01-14
F16	0.234075457945851	0.0989683847445041	0.0572746876656077	5.43463715765027	12.1021555736247	8.0596720590309	8.10396666666667	0.00601422068631201		35G3B02	3	37	0.217238888888889	2024-01-14
F17	0.212375155093816	0.0861349104283436	0.088163852938816	4.33592668028613	7.86203367315374	8.07089178657151	8.10961666666667	0.0041539747774333		35G3B09	3	37	0.208838888888889	2024-01-14
F18	0.228644095511064	0.0891116514227707	0.0706894569840329	6.34333709157583	9.80552419176895	8.09300322647752	8.15506666666667	0.00507859010030277		26G1A06	3	37	0.214138888888889	2024-01-14
F19	0.248059069373326	0.0884757403470074	0.0908676884593187	6.49117239334703	7.6280930252811	9.15458746903612	9.07276666666667	0.00801009937036166		Mmlr14-002	3	37	0.249338888888889	2024-01-14
F2	0.326992096744746	0.058786994931711	0.122933519142188	12.3467655352806	5.63839045198269	11.1641858396862	11.0705666666667	0.0115478183313195		12G2A10	3	37	0.331238888888889	2024-01-14
F20	0.199671762725533	0.0872036456274236	0.0889286011175223	2.86098777011617	7.7944235245973	7.76435482593706	7.73891666666667	0.00347983870151498		Mcba15-009	3	37	0.202938888888889	2024-01-14
F3	0.272805185149858	0.027717383303476	0.160010059102615	13.6213733124412	4.33189753473829	9.20294654117891	9.12786666666667	0.015379350457821		41G1B04	3	37	0.290238888888889	2024-01-14
F4	0.203630079105235	0.0980154570339375	0.0865759426231019	0.862498691194915	8.00623313542747	8.09387616567931	8.10081666666667	0.00320652856662766		Mcba15-003	3	37	0.204438888888889	2024-01-14
F5	0.303338924773673	0.0778941880805787	0.099751218938872	10.6537416530903	6.9487590019798	10.4985252424442	10.5433166666667	0.00619609937520914		19G3B08	3	37	0.289938888888889	2024-01-14
F6	0.24034493279922	0.0879247527082899	0.0929586094986074	5.91832953314021	7.45651407974567	8.98779767782745	8.96311666666667	0.00815517317802422		19G4A01	3	37	0.237438888888889	2024-01-14
F7	0.191666613932625	0.0985112377609527	0.0525602636360884	-1.06357571587703	13.1876655977049	7.03952341932302	7.10201666666667	0.00517849260760638	questionable fit	Mcba15-005	3	37	0.178538888888889	2024-01-14
F8	0.178828128060124	0.0874548244147147	0.121394924503622	0.361061104368461	5.70985305517664	7.53455899359744	7.50116666666667	0.00293372335994532		Mmlr14-006	3	37	0.182638888888889	2024-01-14
F9	0.297813677041947	0.0673753309828357	0.129370025070183	9.50532710410058	5.35786539566577	10.8895738792966	10.9209166666667	0.0107233853353142		35G1B04	3	37	0.301238888888889	2024-01-14
G1	0.405603775672549	0.00236803599175716	0.224446826551037	22.8894322799167	3.08824674071447	10.1807944416671	10.5536666666667	0.0223535166844906		26G1B06	1	37	0.423438888888889	2024-01-14
G10	0.222777265616809	0.0794470801719779	0.105001587039302	5.61953235761373	6.60130194318399	8.53034263026897	8.44646666666667	0.00644322113272479		23G3B07	1	37	0.227538888888889	2024-01-14
G11	0.0981953634418094	0.000000235271618552599	0.325489724484102	39.7607835730686	2.12955165223288	0.829023905529929	1.02791666666667	0.0133763283404683		23G3B06	1	37	0.0929388888888889	2024-01-14
G12	0.248144095007021	0.0851317758312957	0.103972129805325	6.24807260392787	6.66666328618809	9.38854711395383	9.44911666666667	0.00746493330498243		Grass-55	1	37	0.255338888888889	2024-01-14
G13	0.21545720892997	0.0939223519911308	0.0935508652757401	2.75500083297582	7.4093080648362	8.46287896721114	8.43981666666667	0.01234040745535		Grass-51	1	37	0.221138888888889	2024-01-14
G14	0.2079184411382	0.0690647010920143	0.127083621852758	5.49541614303365	5.45426051331022	8.18432332778473	8.07131666666667	0.00806324846408125		Salt-6	1	37	0.214338888888889	2024-01-14
G15	0.19892331719529	0.0725108652424792	0.109432233058376	5.07906635519087	6.33403121903022	7.73035908168154	7.70916666666667	0.00411293327251199		23G3B05	1	37	0.194038888888889	2024-01-14
G16	0.243711473078197	0.0742764988111081	0.0925651856000962	8.90912295877643	7.48820602547601	8.63950139356375	8.64041666666667	0.00776551648244117		08G4A02	1	37	0.241138888888889	2024-01-14
G17	0.264853559499408	0.093709427397996	0.0932251889176339	6.46077835297897	7.43519201846137	9.81972889820562	10.0038166666667	0.0117830955107941		Salt-5	1	37	0.259938888888889	2024-01-14
G18	0.246679327384324	0.0942118859737631	0.0991410280095846	4.85575681716434	6.9915270647883	9.47993761647858	9.63081666666667	0.0111667120288876		23G3B08	1	37	0.250838888888889	2024-01-14
G19	0.266532627433081	0.0792294550703151	0.0807801495163091	10.6508890446416	8.58066226307247	8.94846876688809	9.02656666666667	0.00657499307295303		Wood-51	1	37	0.252838888888889	2024-01-14
G2	0	0.0472388888888889	0	-0.198237791562666	1.26316203126995	0.253877540802343	0.361966666666667	0.000056001670840305	questionable fit (k < n0)	Grass-39	1	37	0.0472388888888889	2024-01-14
G20	0.254468571452537	0.0473910837873049	0.156089495889651	9.44752205205791	4.44070356310186	9.47838582048076	9.50006666666667	0.0123067615979691		08G1B09	1	37	0.262838888888889	2024-01-14
G3	0.103738888888889	0.000523803884591616	0.110619590273499	185.667778786163	6.26604364422419	0.953181075529489	1.44526666666667	0.0219333063915274		26G3A08	1	37	0.103738888888889	2024-01-14
G4	0.23478595804346	0.0827181053442233	0.164071779430416	3.71110934884013	4.22465815246379	9.77785963164994	9.70206666666667	0.0109283129492702		40G1B01	1	37	0.247838888888889	2024-01-14
G5	0.234853772227706	0.0979207630024663	0.108435967357435	3.09245372930409	6.39222572963398	9.3948665830926	9.35136666666667	0.00831114261827906		Mmlr14-014	1	37	0.245038888888889	2024-01-14
G6	0.262099454721973	0.0988592487730351	0.0812403907797154	6.17335365331557	8.53205128517198	9.54124061952448	9.59216666666667	0.00775611636905531		28G3A04	1	37	0.251838888888889	2024-01-14
G7	0.172530798298606	0.0825489257684956	0.106267484858698	0.811321324161776	6.52266477823966	7.09536568430198	7.02911666666667	0.00315555381043657		Grass-36	1	37	0.174838888888889	2024-01-14
G8	0.203465963942589	0.0897462538177732	0.105700309218918	2.23982742527621	6.55766464338677	8.20599313443791	8.14701666666667	0.0064709788639221		Grass-43	1	37	0.209038888888889	2024-01-14
G9	0	0.0471388888888889	0	-0.166226087290074	1.08644697163399	0.244745515134794	0.355266666666667	0.0000705973188809417	questionable fit (k < n0)	Grass-40	1	37	0.0471388888888889	2024-01-14
H1	0.406568975958058	0.00237936967168265	0.226043900846614	22.7170406383319	3.06642726463252	10.2746282887535	10.6461166666667	0.0212024590370975		26G1B06	2	37	0.419138888888889	2024-01-14
H10	0.246237050744324	0.084944795933883	0.109544348289951	5.85348665444748	6.32754853518566	9.44913550491749	9.38296666666667	0.00664366785013635		23G3B07	2	37	0.248938888888889	2024-01-14
H11	0.134855004724084	0.000000130994162484807	0.359196200371575	38.5431610173281	1.92971746316612	1.2876647964805	1.50511666666667	0.0138761306674487		23G3B06	2	37	0.130738888888889	2024-01-14
H12	0.255347104697877	0.0842171285845732	0.113164358952722	6.26544470926077	6.12513680963396	9.77374506935869	9.83371666666667	0.00895682329370413		Grass-55	2	37	0.259238888888889	2024-01-14
H13	0.227056988976505	0.0944646921942215	0.106391236637053	3.18684936865456	6.51507776833698	9.04518502618523	9.04806666666667	0.00997117796524971		Grass-51	2	37	0.242238888888889	2024-01-14
H14	0.212123781106264	0.0655971934615986	0.139642043209942	5.75524366951707	4.96374275702802	8.40328283813908	8.27336666666667	0.00865843639190714		Salt-6	2	37	0.216838888888889	2024-01-14
H15	0.196093020216713	0.0784768482161139	0.10063547580027	4.02067845060272	6.88770212539788	7.65118676564151	7.63356666666667	0.00400003966424326		23G3B05	2	37	0.190538888888889	2024-01-14
H16	0.247415160447448	0.0773529495332202	0.0934140866216057	8.43326351050099	7.42015691239042	8.8613831205923	8.88086666666667	0.00731844907725138		08G4A02	2	37	0.241138888888889	2024-01-14
H17	0.254913196959574	0.0961518280196218	0.114318837434038	4.38662409289334	6.0632805241734	10.076934542062	10.1947166666667	0.00919267516333141		Salt-5	2	37	0.260138888888889	2024-01-14
H18	0.247458476244884	0.0953506551952226	0.113103458868692	4.12921425711335	6.12843486391215	9.80671231072707	9.91166666666667	0.00911631571553205		23G3B08	2	37	0.255538888888889	2024-01-14
H19	0.25765032407674	0.0936985380163956	0.0731842463143722	7.64494872915361	9.47126212904405	8.98510410890007	9.06031666666667	0.00735303919562692		Wood-51	2	37	0.242438888888889	2024-01-14
H2	0	0.0472388888888889	0	-0.0595009134089141	0.408270463826399	0.2241293099834	0.344366666666667	0.000166519305130512	questionable fit (k < n0)	Grass-39	2	37	0.0472388888888889	2024-01-14
H20	0.269646907606906	0.0578317524785021	0.167308848016548	7.75915932884782	4.14292004742863	10.46368071474	10.4452166666667	0.0129217008506142		08G1B09	2	37	0.283038888888889	2024-01-14
H3	0	0	0	0	0	0	0	0	cannot fit data	26G3A08	2	37	0.0900388888888889	2024-01-14
H4	0.243355238919604	0.0827702755376644	0.165308422629181	4.00919779514041	4.19305422879033	10.0944520114708	10.0295166666667	0.0105192961998519		40G1B01	2	37	0.256938888888889	2024-01-14
H5	0.236682143302355	0.0832611490523107	0.205159980478844	2.97915653538316	3.37856914853539	10.1555989420866	10.0400166666667	0.00651798074028596		Mmlr14-014	2	37	0.244338888888889	2024-01-14
H6	0.258006568696855	0.0967228348566946	0.105907654480719	4.82793828834187	6.54482609362417	10.0191728928571	10.0199666666667	0.00623790707586798		28G3A04	2	37	0.257438888888889	2024-01-14
H7	0.182965771990331	0.0915988328908332	0.0864154970726834	-0.0293330933589284	8.02109811365136	7.35055401729964	7.33676666666667	0.00194084148179247	questionable fit	Grass-36	2	37	0.181538888888889	2024-01-14
H8	0.214949442960741	0.0987337636912062	0.10497388309149	1.55296529042022	6.60304411103699	8.74011673037318	8.72266666666667	0.00744142887801713		Grass-43	2	37	0.221738888888889	2024-01-14
H9	0	0.0468388888888889	0	-0.101739977129144	0.54976004723831	0.280134870608841	0.388166666666667	0.000261206627326352	questionable fit (k < n0)	Grass-40	2	37	0.0468388888888889	2024-01-14
I1	0.409985294773341	0.00151113946204962	0.242670368995842	23.0747770784593	2.85633216543147	10.2167206079321	10.6286666666667	0.0218028848220651		26G1B06	3	37	0.422338888888889	2024-01-14
I10	0.240952138728657	0.0858502058169992	0.085459881074736	6.92112533133642	8.11079037137645	8.73902814652124	8.65796666666667	0.00900450503459598		23G3B07	3	37	0.238338888888889	2024-01-14
I11	0.141712734391688	0.000000104816702787928	0.358533001969902	39.3746143734594	1.93328696870737	1.23987178708617	1.43971666666667	0.0134647496468128		23G3B06	3	37	0.135438888888889	2024-01-14
I12	0.249882258588872	0.0812006280610094	0.121515378980498	6.0164410421405	5.70419305256158	9.69531418283441	9.74511666666667	0.0083262252624418		Grass-55	3	37	0.258538888888889	2024-01-14
I13	0.231308714286934	0.0917432961650581	0.101056598000989	4.15152527202525	6.858999751339	9.01321357001947	8.99876666666667	0.00965021605637903		Grass-51	3	37	0.240338888888889	2024-01-14
I14	0.22513877803245	0.0688424952282511	0.1259130101485	6.51189449183718	5.5049687061127	8.69761341644708	8.59656666666667	0.00784246858373941		Salt-6	3	37	0.228138888888889	2024-01-14
I15	0.18974088765017	0.0772712500363321	0.102868800772719	3.64893276868418	6.73816721253905	7.46973688854731	7.45151666666667	0.00266415349641359		23G3B05	3	37	0.185938888888889	2024-01-14
I16	0.249144975824056	0.0694136223296233	0.100998884536477	9.41970918183999	6.86291916728649	8.85609816152895	8.87396666666667	0.0076083719628071		08G4A02	3	37	0.241438888888889	2024-01-14
I17	0.27698681243792	0.09052920788474	0.111298295383389	6.49184564442907	6.22783285379407	10.5366786817196	10.6570166666667	0.00994419163623996		Salt-5	3	37	0.279338888888889	2024-01-14
I18	0.250681868927241	0.0933657911487784	0.114789058818041	4.54513700855971	6.0384429291183	9.89067065114824	9.95876666666667	0.00936207340429558		23G3B08	3	37	0.254938888888889	2024-01-14
I19	0.267170945421146	0.076670585643257	0.0841634876839949	10.8139048436948	8.23572311026933	8.99721214542657	9.05661666666667	0.00601385462105838		Wood-51	3	37	0.255338888888889	2024-01-14
I2	0	0.0470388888888889	0	-0.187312369855065	1.23711788678844	0.244242176591998	0.352766666666667	0.0000593827717141575	questionable fit (k < n0)	Grass-39	3	37	0.0470388888888889	2024-01-14
I20	0.268812841344049	0.0506526888439638	0.170932738254534	8.54275861043155	4.05508732638323	10.2801218447346	10.2926166666667	0.0127438725521581		08G1B09	3	37	0.280238888888889	2024-01-14
I3	0.0907388888888889	0.00216994278510523	0.071880341127028	327.317014504118	9.64307027056265	0.920997752491175	1.29971666666667	0.0226697494646619		26G3A08	3	37	0.0907388888888889	2024-01-14
I4	0.251888330574022	0.0740344895397875	0.174115478552795	5.03361931404772	3.98096244125573	10.3200681448527	10.1970166666667	0.0125721335742496		40G1B01	3	37	0.267438888888889	2024-01-14
I5	0.248387208693479	0.0766554295828266	0.17996709775826	4.4820048056844	3.85152169032036	10.3004982444561	10.1704666666667	0.00860732681374962		Mmlr14-014	3	37	0.258138888888889	2024-01-14
I6	0.270226090421936	0.103039325955609	0.0921001746952433	5.25515633899373	7.5260137437692	10.1986907400991	10.2877666666667	0.00829978395523898		28G3A04	3	37	0.264238888888889	2024-01-14
I7	0.174572939130915	0.0853221501122163	0.0991674942971546	0.453940755835538	6.98966113314243	7.13492882572645	7.10121666666667	0.00230543355477542		Grass-36	3	37	0.174838888888889	2024-01-14
I8	0.225135671651416	0.0983429623212651	0.0974319323968035	2.6078981696692	7.11416846108541	8.92026446760896	8.91161666666667	0.00516115685284151		Grass-43	3	37	0.226038888888889	2024-01-14
I9	0	0.0457388888888889	0	-0.202711290947956	1.02718664837011	0.298507330019219	0.401216666666667	0.0000733407348484642	questionable fit (k < n0)	Grass-40	3	37	0.0457388888888889	2024-01-14
J1	0.352976448951063	0.0556915313182264	0.157156526663269	10.6572914197827	4.41055293901419	12.8017719188674	12.8378666666667	0.0197728205215877		Salt-16	1	37	0.356338888888889	2024-01-14
J10	0.196020779574433	0.0724201081244629	0.0997536674539084	5.35892056643641	6.94858844042217	7.48005916468422	7.40241666666667	0.00492757021426622		35G3B04	1	37	0.196038888888889	2024-01-14
J11	0.236958294771951	0.0584530911318989	0.100152366487133	11.1469476000966	6.92092663281195	8.12073890088333	8.02106666666667	0.00817888967321061		Wood-3	1	37	0.230638888888889	2024-01-14
J12	0	0	0	0	0	0	0	0	cannot fit data	33G3A07	1	37	0.0832388888888889	2024-01-14
J13	0.189534313548469	0.0428510250008049	0.105589648672283	11.6540419716599	6.56453723708522	6.46701296253545	6.41266666666667	0.0118328678434425		Wood-18	1	37	0.180538888888889	2024-01-14
J14	0.233855383153107	0.064645861579071	0.179399039904025	5.36353834285217	3.8637173361171	9.54960416271479	9.43736666666667	0.00803753411797757		25G2A02	1	37	0.238338888888889	2024-01-14
J15	0.258892985517728	0.0748371642545192	0.137049258247727	6.56643085574998	5.0576499969597	10.088809678563	10.1107166666667	0.00673195312308522		Napa-18	1	37	0.262038888888889	2024-01-14
J16	0.238098910725303	0.0835754503337241	0.105856295234627	5.80594767625867	6.54800150547125	9.09960079722341	9.08636666666667	0.00489723577084101		25G3A08	1	37	0.235438888888889	2024-01-14
J17	0.179513269540969	0.0841260139464879	0.101752198051356	1.23465774727188	6.81211014439317	7.29454593350517	7.30281666666667	0.00390075829416626		Pine-20	1	37	0.181538888888889	2024-01-14
J18	0	0	0	0	0	0	0	0	cannot fit data	28G4A10	1	37	0.0835388888888889	2024-01-14
J19	0.242053074664065	0.0871226572497113	0.0945081425585027	6.09110603005976	7.33425884580127	9.0497532586478	8.91211666666667	0.011467639064753		02D05	1	37	0.245038888888889	2024-01-14
J2	0.35473496030218	0.050776472357313	0.153562679972756	11.652948716826	4.51377366351588	12.5454012043847	12.5312166666667	0.0135754390672992		Napa-12	1	37	0.361438888888889	2024-01-14
J20	0.23183899739542	0.0653966639734148	0.100765580993802	9.27080106937803	6.87880895166552	8.26246465111632	8.09251666666667	0.00930702924967727		23D06	1	37	0.232938888888889	2024-01-14
J3	0.308461577463185	0.0572610599729429	0.167187113015635	8.84416661617851	4.14593665778009	11.701851800979	11.7230166666667	0.0214778234656654		Wood-21	1	37	0.337838888888889	2024-01-14
J4	0.176451522779667	0.0839121336756568	0.0696530410884062	1.40502348207236	9.95142738534815	6.68353581740902	6.61351666666667	0.00510657651270459		Grass-58	1	37	0.171938888888889	2024-01-14
J5	0.241482908035021	0.0858832192971622	0.0903601341714665	6.5769950265149	7.67094014319009	8.89092815832164	8.91136666666667	0.00870262488317636		09G1A07	1	37	0.238338888888889	2024-01-14
J6	0.239768867302016	0.0768072757570556	0.0701610035252417	10.7212714822418	9.8793795090256	7.8598090231647	7.94026666666667	0.00842451053952462		40G3B03	1	37	0.219938888888889	2024-01-14
J7	0.253921542728393	0.0941659616384905	0.111019887746678	4.76118526968818	6.24345056213303	9.93817517438474	9.96126666666667	0.00813969149720156		09G3B12	1	37	0.258838888888889	2024-01-14
J8	0.304156823656249	0.0791148768712728	0.122724228984838	8.51817028949754	5.64800599110368	11.2814559576236	11.3014666666667	0.00722160536857685		35G2A07	1	37	0.301838888888889	2024-01-14
J9	0.225215406578179	0.0755809092302503	0.115258585681727	5.92573563414825	6.01384423086703	8.69210228738073	8.66776666666667	0.00637198887475013		Salt-11	1	37	0.225038888888889	2024-01-14
K1	0.372346198158442	0.0600506946884345	0.159241145511732	10.3538613956649	4.35281458402268	13.6119769352191	13.6142166666667	0.0187714220466274		Salt-16	2	37	0.379238888888889	2024-01-14
K10	0.225526412646301	0.0709092303318675	0.122727154053484	6.35190853518494	5.6478713770049	8.71011281302977	8.62766666666667	0.00601953786497912		35G3B04	2	37	0.224338888888889	2024-01-14
K11	0.249111916205135	0.0576759550962136	0.109750662462686	10.9312595946155	6.31565372824611	8.67501502456217	8.56446666666667	0.00947443833704462		Wood-3	2	37	0.245138888888889	2024-01-14
K12	0.0810388888888889	0.0547505547092924	0.00294194283653437	4039.510641232	235.608650158709	2.82263284312934	2.82681666666667	0.0102400074959748		33G3A07	2	37	0.0810388888888889	2024-01-14
K13	0.210231332773579	0.0306767166523546	0.132233009171628	13.3625899401679	5.24186195944686	7.04731988726479	7.05446666666667	0.0139282127648177		Wood-18	2	37	0.203838888888889	2024-01-14
K14	0.243692980817606	0.0654812225668987	0.143287484115792	6.98741470209076	4.83745795969037	9.46702186989312	9.39586666666667	0.00656266248878064		25G2A02	2	37	0.247438888888889	2024-01-14
K15	0.272523535028842	0.074796025576208	0.153826155856192	6.31963473951316	4.50604240027913	10.7933858652293	10.8049666666667	0.00625725024365781		Napa-18	2	37	0.275538888888889	2024-01-14
K16	0.259225123338773	0.0667086892460719	0.146383782958739	7.24018933368951	4.7351364102629	10.0436419301147	10.0025666666667	0.00584198290222564		25G3A08	2	37	0.262738888888889	2024-01-14
K17	0.204067301004645	0.0766316734004051	0.110100762253066	4.6194128270323	6.29557113298407	7.99543415722675	7.95976666666667	0.00319207993590207		Pine-20	2	37	0.210038888888889	2024-01-14
K18	0.0823388888888889	0.0100434580939697	0.0350597256176394	468.969861875347	19.7704679186424	1.25500077919299	1.43226666666667	0.016301027862634		28G4A10	2	37	0.0823388888888889	2024-01-14
K19	0.250730664587061	0.0780827777650039	0.117525466774364	6.75159766236009	5.89784665046861	9.5628820396436	9.42866666666667	0.00855525855607363		02D05	2	37	0.263638888888889	2024-01-14
K2	0.330014763281199	0.0683419926103432	0.139129754184385	9.64977161462286	4.98201973131739	12.1171359489421	12.0734166666667	0.0131836743139957		Napa-12	2	37	0.340238888888889	2024-01-14
K20	0.243335265968565	0.0667774935487926	0.112021848543037	8.67939653829287	6.18760705679347	8.89764232064236	8.70021666666667	0.0109018592535475		23D06	2	37	0.252838888888889	2024-01-14
K3	0.324696197737007	0.0545812760006391	0.17735953273307	9.01646833589075	3.90814730890811	12.3226919498176	12.3525166666667	0.0240009677275816		Wood-21	2	37	0.357238888888889	2024-01-14
K4	0.193417301755362	0.0773409949603659	0.079959931577887	5.07783877713853	8.66868151187408	7.14372278442035	7.04861666666667	0.00619283559686625		Grass-58	2	37	0.191538888888889	2024-01-14
K5	0.259358159518774	0.0809326781063231	0.113979290854837	6.93593864681688	6.08134315770337	9.82018688152302	9.78191666666667	0.00880147521783706		09G1A07	2	37	0.263138888888889	2024-01-14
K6	0.236331420002237	0.0756308606526	0.113831527072806	6.6209982703776	6.08923729993194	8.99700991471997	9.01656666666667	0.00740312013040681		40G3B03	2	37	0.234838888888889	2024-01-14
K7	0.274109717635365	0.0935383400039532	0.151245366038281	4.34892489609601	4.58293168720623	11.2111631121695	11.1749666666667	0.00805975072756409		09G3B12	2	37	0.278238888888889	2024-01-14
K8	0.309613263200412	0.07620146771245	0.153840005058092	7.27654378312948	4.50563675097518	12.0437564786038	12.0138166666667	0.00812926215066381		35G2A07	2	37	0.315338888888889	2024-01-14
K9	0.263005720933936	0.0777124406379849	0.123605244713122	7.02983530354302	5.60774894438086	10.0435641084163	10.0544166666667	0.00763430470027878		Salt-11	2	37	0.260738888888889	2024-01-14
L1	0.379337784762212	0.0654598286989579	0.140911031775162	11.1245199432615	4.91904126900393	13.4931963428335	13.4737166666667	0.0138681600340795		Salt-16	3	37	0.393638888888889	2024-01-14
L10	0.231727590967937	0.0533810859433281	0.159923337012408	7.54281301641238	4.33424660533545	8.9978938746452	8.88326666666667	0.0100728358342294		35G3B04	3	37	0.231538888888889	2024-01-14
L11	0.262606438221269	0.0506912954504621	0.131385788670819	10.8872636118044	5.27566327813881	9.33255816373677	9.20866666666667	0.0112072328151928		Wood-3	3	37	0.266038888888889	2024-01-14
L12	0.0848388888888889	0.0605661284386137	0.002827539708233	4053.77402475098	245.141448780257	3.11369187690955	3.02576666666667	0.0100494137735087		33G3A07	3	37	0.0848388888888889	2024-01-14
L13	0.233788930629538	0.0219342696970454	0.155552033079426	14.579367385468	4.45604706565306	7.67358429297246	7.75186666666667	0.0149499438958296		Wood-18	3	37	0.232938888888889	2024-01-14
L14	0.268546052834552	0.0532892183216041	0.180453237889506	7.7366185435667	3.84114570991721	10.4844419693945	10.3841166666667	0.00954081628743367		25G2A02	3	37	0.273038888888889	2024-01-14
L15	0.304215450518996	0.0777118486045451	0.145298707207819	7.36244066038204	4.77049792031905	11.7506780249628	11.7182166666667	0.00545908797847121		Napa-18	3	37	0.304038888888889	2024-01-14
L16	0.283481710527859	0.0735036167979458	0.125911667238539	8.33654751447581	5.50502741931596	10.5833167404944	10.5085666666667	0.00638833325966057		25G3A08	3	37	0.286138888888889	2024-01-14
L17	0.219931969842804	0.0773594908795219	0.117633851333307	5.19737488689648	5.89241253859795	8.6153649273712	8.52241666666667	0.00511716112133057		Pine-20	3	37	0.228738888888889	2024-01-14
L18	0.0796388888888889	0.0163434471349674	0.0148345872487165	1009.83471215335	46.7250735688595	1.14378207410922	1.24256666666667	0.0148819048348789		28G4A10	3	37	0.0796388888888889	2024-01-14
L19	0.255471354087793	0.0785598983319921	0.122575137356272	6.62277852628188	5.65487582155645	9.81786120401051	9.64016666666667	0.0121325520368048		02D05	3	37	0.274638888888889	2024-01-14
L2	0.330517667303439	0.0589253894979773	0.140440591093756	10.8802582806237	4.93551882088855	11.8193933980676	11.7995166666667	0.0128584195836779		Napa-12	3	37	0.338138888888889	2024-01-14
L20	0.264789953520494	0.0702996269465151	0.101229619768561	10.0525511910497	6.84727634208915	9.29655481115983	9.08076666666667	0.010925799598215		23D06	3	37	0.276238888888889	2024-01-14
L3	0.333673838394283	0.0528298346453163	0.173810719039986	9.6123144555044	3.98794265617464	12.480496854691	12.5789666666667	0.0235812988345379		Wood-21	3	37	0.364038888888889	2024-01-14
L4	0.204143005008207	0.0787312199956226	0.0834483120054635	5.57905629175046	8.3063055908736	7.53800668479573	7.48146666666667	0.00638188072154564		Grass-58	3	37	0.199238888888889	2024-01-14
L5	0.274432084070644	0.0732641182504441	0.126893552929119	7.95997288028326	5.46243023825746	10.3300127895784	10.2618166666667	0.0102976743776318		09G1A07	3	37	0.284038888888889	2024-01-14
L6	0.241575877908553	0.0804604026869738	0.114380125414302	6.07060161422322	6.06003165365715	9.29100326943844	9.19456666666667	0.00947561708516712		40G3B03	3	37	0.260338888888889	2024-01-14
L7	0.298519319777358	0.0919979098264707	0.127525851811546	6.34097493312783	5.43534640791311	11.5850918062342	11.5752166666667	0.00782572885817707		09G3B12	3	37	0.307338888888889	2024-01-14
L8	0.324988895151335	0.070672922315145	0.158504205943323	8.07874446243777	4.37305228864272	12.4748504658523	12.4760166666667	0.00918657675370706		35G2A07	3	37	0.331738888888889	2024-01-14
L9	0.247154891710566	0.0745989984725348	0.151506204656089	5.53504803875835	4.5750415445582	9.91191615978665	9.82111666666667	0.00851863650827647		Salt-11	3	37	0.250638888888889	2024-01-14
